Copyright 1986-2022 Xilinx, Inc. All Rights Reserved. Copyright 2022-2025 Advanced Micro Devices, Inc. All Rights Reserved.
------------------------------------------------------------------------------------------------------------------------------------------------------------------------------------------------------------------------------
| Tool Version : Vivado v.2025.1 (win64) Build 6140274 Thu May 22 00:12:29 MDT 2025
| Date         : Mon May 25 20:13:52 2026
| Host         : LAPTOP-QR3M58JR running 64-bit major release  (build 9200)
| Command      : report_timing_summary -max_paths 10 -routable_nets -report_unconstrained -file parent_timing_summary_routed.rpt -pb parent_timing_summary_routed.pb -rpx parent_timing_summary_routed.rpx -warn_on_violation
| Design       : parent
| Device       : 7z020-clg400
| Speed File   : -1  PRODUCTION 1.12 2019-11-22
| Design State : Routed
------------------------------------------------------------------------------------------------------------------------------------------------------------------------------------------------------------------------------

Timing Summary Report

------------------------------------------------------------------------------------------------
| Timer Settings
| --------------
------------------------------------------------------------------------------------------------

  Enable Multi Corner Analysis               :  Yes
  Enable Pessimism Removal                   :  Yes
  Pessimism Removal Resolution               :  Nearest Common Node
  Enable Input Delay Default Clock           :  No
  Enable Preset / Clear Arcs                 :  No
  Disable Flight Delays                      :  No
  Ignore I/O Paths                           :  No
  Timing Early Launch at Borrowing Latches   :  No
  Borrow Time for Max Delay Exceptions       :  Yes
  Merge Timing Exceptions                    :  Yes
  Inter-SLR Compensation                     :  Conservative

  Corner  Analyze    Analyze    
  Name    Max Paths  Min Paths  
  ------  ---------  ---------  
  Slow    Yes        Yes        
  Fast    Yes        Yes        


------------------------------------------------------------------------------------------------
| Report Methodology
| ------------------
------------------------------------------------------------------------------------------------

Rule       Severity          Description                                  Violations  
---------  ----------------  -------------------------------------------  ----------  
TIMING-17  Critical Warning  Non-clocked sequential cell                  1000        
TIMING-18  Warning           Missing input or output delay                1           
ULMTCS-1   Warning           Control Sets use limits recommend reduction  1           

Note: This report is based on the most recent report_methodology run and may not be up-to-date. Run report_methodology on the current design for the latest report.



check_timing report

Table of Contents
-----------------
1. checking no_clock (9979)
2. checking constant_clock (0)
3. checking pulse_width_clock (0)
4. checking unconstrained_internal_endpoints (29300)
5. checking no_input_delay (10)
6. checking no_output_delay (24)
7. checking multiple_clock (0)
8. checking generated_clocks (0)
9. checking loops (0)
10. checking partial_input_delay (0)
11. checking partial_output_delay (0)
12. checking latch_loops (0)

1. checking no_clock (9979)
---------------------------
 There are 9979 register/latch pins with no clock driven by root clock pin: TFF/q_reg/Q (HIGH)


2. checking constant_clock (0)
------------------------------
 There are 0 register/latch pins with constant_clock.


3. checking pulse_width_clock (0)
---------------------------------
 There are 0 register/latch pins which need pulse_width check


4. checking unconstrained_internal_endpoints (29300)
----------------------------------------------------
 There are 29300 pins that are not constrained for maximum delay. (HIGH)

 There are 0 pins that are not constrained for maximum delay due to constant clock.


5. checking no_input_delay (10)
-------------------------------
 There are 10 input ports with no input delay specified. (HIGH)

 There are 0 input ports with no input delay but user has a false path constraint.


6. checking no_output_delay (24)
--------------------------------
 There are 24 ports with no output delay specified. (HIGH)

 There are 0 ports with no output delay but user has a false path constraint

 There are 0 ports with no output delay but with a timing clock defined on it or propagating through it


7. checking multiple_clock (0)
------------------------------
 There are 0 register/latch pins with multiple clocks.


8. checking generated_clocks (0)
--------------------------------
 There are 0 generated clocks that are not connected to a clock source.


9. checking loops (0)
---------------------
 There are 0 combinational loops in the design.


10. checking partial_input_delay (0)
------------------------------------
 There are 0 input ports with partial input delay specified.


11. checking partial_output_delay (0)
-------------------------------------
 There are 0 ports with partial output delay specified.


12. checking latch_loops (0)
----------------------------
 There are 0 combinational latch loops in the design through latch input



------------------------------------------------------------------------------------------------
| Design Timing Summary
| ---------------------
------------------------------------------------------------------------------------------------

    WNS(ns)      TNS(ns)  TNS Failing Endpoints  TNS Total Endpoints      WHS(ns)      THS(ns)  THS Failing Endpoints  THS Total Endpoints     WPWS(ns)     TPWS(ns)  TPWS Failing Endpoints  TPWS Total Endpoints  
    -------      -------  ---------------------  -------------------      -------      -------  ---------------------  -------------------     --------     --------  ----------------------  --------------------  
      0.401        0.000                      0                16409        0.209        0.000                      0                16409        3.500        0.000                       0                  8213  


All user specified timing constraints are met.


------------------------------------------------------------------------------------------------
| Clock Summary
| -------------
------------------------------------------------------------------------------------------------

Clock    Waveform(ns)         Period(ns)      Frequency(MHz)
-----    ------------         ----------      --------------
sys_clk  {0.000 4.000}        8.000           125.000         


------------------------------------------------------------------------------------------------
| Intra Clock Table
| -----------------
------------------------------------------------------------------------------------------------

Clock             WNS(ns)      TNS(ns)  TNS Failing Endpoints  TNS Total Endpoints      WHS(ns)      THS(ns)  THS Failing Endpoints  THS Total Endpoints     WPWS(ns)     TPWS(ns)  TPWS Failing Endpoints  TPWS Total Endpoints  
-----             -------      -------  ---------------------  -------------------      -------      -------  ---------------------  -------------------     --------     --------  ----------------------  --------------------  
sys_clk             0.401        0.000                      0                16409        0.209        0.000                      0                16409        3.500        0.000                       0                  8213  


------------------------------------------------------------------------------------------------
| Inter Clock Table
| -----------------
------------------------------------------------------------------------------------------------

From Clock    To Clock          WNS(ns)      TNS(ns)  TNS Failing Endpoints  TNS Total Endpoints      WHS(ns)      THS(ns)  THS Failing Endpoints  THS Total Endpoints  
----------    --------          -------      -------  ---------------------  -------------------      -------      -------  ---------------------  -------------------  


------------------------------------------------------------------------------------------------
| Other Path Groups Table
| -----------------------
------------------------------------------------------------------------------------------------

Path Group    From Clock    To Clock          WNS(ns)      TNS(ns)  TNS Failing Endpoints  TNS Total Endpoints      WHS(ns)      THS(ns)  THS Failing Endpoints  THS Total Endpoints  
----------    ----------    --------          -------      -------  ---------------------  -------------------      -------      -------  ---------------------  -------------------  


------------------------------------------------------------------------------------------------
| User Ignored Path Table
| -----------------------
------------------------------------------------------------------------------------------------

Path Group    From Clock    To Clock    
----------    ----------    --------    


------------------------------------------------------------------------------------------------
| Unconstrained Path Table
| ------------------------
------------------------------------------------------------------------------------------------

Path Group    From Clock    To Clock    
----------    ----------    --------    
(none)                                    
(none)        sys_clk                     
(none)                      sys_clk       


------------------------------------------------------------------------------------------------
| Timing Details
| --------------
------------------------------------------------------------------------------------------------


---------------------------------------------------------------------------------------------------
From Clock:  sys_clk
  To Clock:  sys_clk

Setup :            0  Failing Endpoints,  Worst Slack        0.401ns,  Total Violation        0.000ns
Hold  :            0  Failing Endpoints,  Worst Slack        0.209ns,  Total Violation        0.000ns
PW    :            0  Failing Endpoints,  Worst Slack        3.500ns,  Total Violation        0.000ns
---------------------------------------------------------------------------------------------------


Max Delay Paths
--------------------------------------------------------------------------------------
Slack (MET) :             0.401ns  (required time - arrival time)
  Source:                 CROSSHAIR/step_reg[0]/C
                            (rising edge-triggered cell FDRE clocked by sys_clk  {rise@0.000ns fall@4.000ns period=8.000ns})
  Destination:            CROSSHAIR/crosshairFB_reg[6090]/D
                            (rising edge-triggered cell FDRE clocked by sys_clk  {rise@0.000ns fall@4.000ns period=8.000ns})
  Path Group:             sys_clk
  Path Type:              Setup (Max at Slow Process Corner)
  Requirement:            8.000ns  (sys_clk rise@8.000ns - sys_clk rise@0.000ns)
  Data Path Delay:        7.535ns  (logic 1.726ns (22.906%)  route 5.809ns (77.094%))
  Logic Levels:           5  (CARRY4=2 LUT3=1 LUT5=1 LUT6=1)
  Clock Path Skew:        -0.058ns (DCD - SCD + CPR)
    Destination Clock Delay (DCD):    5.420ns = ( 13.420 - 8.000 ) 
    Source Clock Delay      (SCD):    5.801ns
    Clock Pessimism Removal (CPR):    0.323ns
  Clock Uncertainty:      0.035ns  ((TSJ^2 + TIJ^2)^1/2 + DJ) / 2 + PE
    Total System Jitter     (TSJ):    0.071ns
    Total Input Jitter      (TIJ):    0.000ns
    Discrete Jitter          (DJ):    0.000ns
    Phase Error              (PE):    0.000ns

    Location             Delay type                Incr(ns)  Path(ns)    Netlist Resource(s)
  -------------------------------------------------------------------    -------------------
                         (clock sys_clk rise edge)    0.000     0.000 r  
    H16                                               0.000     0.000 r  clock (IN)
                         net (fo=0)                   0.000     0.000    clock
    H16                  IBUF (Prop_ibuf_I_O)         1.451     1.451 r  clock_IBUF_inst/O
                         net (fo=1, routed)           2.522     3.973    clock_IBUF
    BUFGCTRL_X0Y16       BUFG (Prop_bufg_I_O)         0.101     4.074 r  clock_IBUF_BUFG_inst/O
                         net (fo=8212, routed)        1.727     5.801    CROSSHAIR/clock_IBUF_BUFG
    SLICE_X59Y39         FDRE                                         r  CROSSHAIR/step_reg[0]/C
  -------------------------------------------------------------------    -------------------
    SLICE_X59Y39         FDRE (Prop_fdre_C_Q)         0.456     6.257 r  CROSSHAIR/step_reg[0]/Q
                         net (fo=19, routed)          1.009     7.266    CROSSHAIR/step[0]
    SLICE_X61Y39         LUT5 (Prop_lut5_I0_O)        0.124     7.390 r  CROSSHAIR/g0_b2__2/O
                         net (fo=1, routed)           0.572     7.961    CROSSHAIR/g0_b2__2_n_0
    SLICE_X60Y39         CARRY4 (Prop_carry4_DI[3]_CO[3])
                                                      0.385     8.346 r  CROSSHAIR/crosshairFB_reg[8191]_i_10/CO[3]
                         net (fo=1, routed)           0.000     8.346    CROSSHAIR/crosshairFB_reg[8191]_i_10_n_0
    SLICE_X60Y40         CARRY4 (Prop_carry4_CI_O[1])
                                                      0.334     8.680 f  CROSSHAIR/crosshairFB_reg[8191]_i_11/O[1]
                         net (fo=64, routed)          1.809    10.489    CROSSHAIR/p_0_in[5]
    SLICE_X36Y57         LUT3 (Prop_lut3_I2_O)        0.303    10.792 r  CROSSHAIR/crosshairFB[6095]_i_2/O
                         net (fo=128, routed)         2.420    13.212    CROSSHAIR/crosshairFB[6095]_i_2_n_0
    SLICE_X7Y38          LUT6 (Prop_lut6_I3_O)        0.124    13.336 r  CROSSHAIR/crosshairFB[6090]_i_1/O
                         net (fo=1, routed)           0.000    13.336    CROSSHAIR/crosshairFB[6090]_i_1_n_0
    SLICE_X7Y38          FDRE                                         r  CROSSHAIR/crosshairFB_reg[6090]/D
  -------------------------------------------------------------------    -------------------

                         (clock sys_clk rise edge)    8.000     8.000 r  
    H16                                               0.000     8.000 r  clock (IN)
                         net (fo=0)                   0.000     8.000    clock
    H16                  IBUF (Prop_ibuf_I_O)         1.380     9.380 r  clock_IBUF_inst/O
                         net (fo=1, routed)           2.293    11.673    clock_IBUF
    BUFGCTRL_X0Y16       BUFG (Prop_bufg_I_O)         0.091    11.764 r  clock_IBUF_BUFG_inst/O
                         net (fo=8212, routed)        1.655    13.420    CROSSHAIR/clock_IBUF_BUFG
    SLICE_X7Y38          FDRE                                         r  CROSSHAIR/crosshairFB_reg[6090]/C
                         clock pessimism              0.323    13.743    
                         clock uncertainty           -0.035    13.708    
    SLICE_X7Y38          FDRE (Setup_fdre_C_D)        0.029    13.737    CROSSHAIR/crosshairFB_reg[6090]
  -------------------------------------------------------------------
                         required time                         13.737    
                         arrival time                         -13.336    
  -------------------------------------------------------------------
                         slack                                  0.401    

Slack (MET) :             0.406ns  (required time - arrival time)
  Source:                 CROSSHAIR/step_reg[0]/C
                            (rising edge-triggered cell FDRE clocked by sys_clk  {rise@0.000ns fall@4.000ns period=8.000ns})
  Destination:            CROSSHAIR/crosshairFB_reg[6092]/D
                            (rising edge-triggered cell FDRE clocked by sys_clk  {rise@0.000ns fall@4.000ns period=8.000ns})
  Path Group:             sys_clk
  Path Type:              Setup (Max at Slow Process Corner)
  Requirement:            8.000ns  (sys_clk rise@8.000ns - sys_clk rise@0.000ns)
  Data Path Delay:        7.532ns  (logic 1.726ns (22.915%)  route 5.806ns (77.085%))
  Logic Levels:           5  (CARRY4=2 LUT3=1 LUT5=1 LUT6=1)
  Clock Path Skew:        -0.058ns (DCD - SCD + CPR)
    Destination Clock Delay (DCD):    5.420ns = ( 13.420 - 8.000 ) 
    Source Clock Delay      (SCD):    5.801ns
    Clock Pessimism Removal (CPR):    0.323ns
  Clock Uncertainty:      0.035ns  ((TSJ^2 + TIJ^2)^1/2 + DJ) / 2 + PE
    Total System Jitter     (TSJ):    0.071ns
    Total Input Jitter      (TIJ):    0.000ns
    Discrete Jitter          (DJ):    0.000ns
    Phase Error              (PE):    0.000ns

    Location             Delay type                Incr(ns)  Path(ns)    Netlist Resource(s)
  -------------------------------------------------------------------    -------------------
                         (clock sys_clk rise edge)    0.000     0.000 r  
    H16                                               0.000     0.000 r  clock (IN)
                         net (fo=0)                   0.000     0.000    clock
    H16                  IBUF (Prop_ibuf_I_O)         1.451     1.451 r  clock_IBUF_inst/O
                         net (fo=1, routed)           2.522     3.973    clock_IBUF
    BUFGCTRL_X0Y16       BUFG (Prop_bufg_I_O)         0.101     4.074 r  clock_IBUF_BUFG_inst/O
                         net (fo=8212, routed)        1.727     5.801    CROSSHAIR/clock_IBUF_BUFG
    SLICE_X59Y39         FDRE                                         r  CROSSHAIR/step_reg[0]/C
  -------------------------------------------------------------------    -------------------
    SLICE_X59Y39         FDRE (Prop_fdre_C_Q)         0.456     6.257 r  CROSSHAIR/step_reg[0]/Q
                         net (fo=19, routed)          1.009     7.266    CROSSHAIR/step[0]
    SLICE_X61Y39         LUT5 (Prop_lut5_I0_O)        0.124     7.390 r  CROSSHAIR/g0_b2__2/O
                         net (fo=1, routed)           0.572     7.961    CROSSHAIR/g0_b2__2_n_0
    SLICE_X60Y39         CARRY4 (Prop_carry4_DI[3]_CO[3])
                                                      0.385     8.346 r  CROSSHAIR/crosshairFB_reg[8191]_i_10/CO[3]
                         net (fo=1, routed)           0.000     8.346    CROSSHAIR/crosshairFB_reg[8191]_i_10_n_0
    SLICE_X60Y40         CARRY4 (Prop_carry4_CI_O[1])
                                                      0.334     8.680 f  CROSSHAIR/crosshairFB_reg[8191]_i_11/O[1]
                         net (fo=64, routed)          1.809    10.489    CROSSHAIR/p_0_in[5]
    SLICE_X36Y57         LUT3 (Prop_lut3_I2_O)        0.303    10.792 r  CROSSHAIR/crosshairFB[6095]_i_2/O
                         net (fo=128, routed)         2.417    13.209    CROSSHAIR/crosshairFB[6095]_i_2_n_0
    SLICE_X7Y38          LUT6 (Prop_lut6_I3_O)        0.124    13.333 r  CROSSHAIR/crosshairFB[6092]_i_1/O
                         net (fo=1, routed)           0.000    13.333    CROSSHAIR/crosshairFB[6092]_i_1_n_0
    SLICE_X7Y38          FDRE                                         r  CROSSHAIR/crosshairFB_reg[6092]/D
  -------------------------------------------------------------------    -------------------

                         (clock sys_clk rise edge)    8.000     8.000 r  
    H16                                               0.000     8.000 r  clock (IN)
                         net (fo=0)                   0.000     8.000    clock
    H16                  IBUF (Prop_ibuf_I_O)         1.380     9.380 r  clock_IBUF_inst/O
                         net (fo=1, routed)           2.293    11.673    clock_IBUF
    BUFGCTRL_X0Y16       BUFG (Prop_bufg_I_O)         0.091    11.764 r  clock_IBUF_BUFG_inst/O
                         net (fo=8212, routed)        1.655    13.420    CROSSHAIR/clock_IBUF_BUFG
    SLICE_X7Y38          FDRE                                         r  CROSSHAIR/crosshairFB_reg[6092]/C
                         clock pessimism              0.323    13.743    
                         clock uncertainty           -0.035    13.708    
    SLICE_X7Y38          FDRE (Setup_fdre_C_D)        0.031    13.739    CROSSHAIR/crosshairFB_reg[6092]
  -------------------------------------------------------------------
                         required time                         13.739    
                         arrival time                         -13.333    
  -------------------------------------------------------------------
                         slack                                  0.406    

Slack (MET) :             0.414ns  (required time - arrival time)
  Source:                 CROSSHAIR/step_reg[0]/C
                            (rising edge-triggered cell FDRE clocked by sys_clk  {rise@0.000ns fall@4.000ns period=8.000ns})
  Destination:            CROSSHAIR/crosshairFB_reg[6080]/D
                            (rising edge-triggered cell FDRE clocked by sys_clk  {rise@0.000ns fall@4.000ns period=8.000ns})
  Path Group:             sys_clk
  Path Type:              Setup (Max at Slow Process Corner)
  Requirement:            8.000ns  (sys_clk rise@8.000ns - sys_clk rise@0.000ns)
  Data Path Delay:        7.521ns  (logic 1.726ns (22.948%)  route 5.795ns (77.052%))
  Logic Levels:           5  (CARRY4=2 LUT3=1 LUT5=1 LUT6=1)
  Clock Path Skew:        -0.059ns (DCD - SCD + CPR)
    Destination Clock Delay (DCD):    5.419ns = ( 13.419 - 8.000 ) 
    Source Clock Delay      (SCD):    5.801ns
    Clock Pessimism Removal (CPR):    0.323ns
  Clock Uncertainty:      0.035ns  ((TSJ^2 + TIJ^2)^1/2 + DJ) / 2 + PE
    Total System Jitter     (TSJ):    0.071ns
    Total Input Jitter      (TIJ):    0.000ns
    Discrete Jitter          (DJ):    0.000ns
    Phase Error              (PE):    0.000ns

    Location             Delay type                Incr(ns)  Path(ns)    Netlist Resource(s)
  -------------------------------------------------------------------    -------------------
                         (clock sys_clk rise edge)    0.000     0.000 r  
    H16                                               0.000     0.000 r  clock (IN)
                         net (fo=0)                   0.000     0.000    clock
    H16                  IBUF (Prop_ibuf_I_O)         1.451     1.451 r  clock_IBUF_inst/O
                         net (fo=1, routed)           2.522     3.973    clock_IBUF
    BUFGCTRL_X0Y16       BUFG (Prop_bufg_I_O)         0.101     4.074 r  clock_IBUF_BUFG_inst/O
                         net (fo=8212, routed)        1.727     5.801    CROSSHAIR/clock_IBUF_BUFG
    SLICE_X59Y39         FDRE                                         r  CROSSHAIR/step_reg[0]/C
  -------------------------------------------------------------------    -------------------
    SLICE_X59Y39         FDRE (Prop_fdre_C_Q)         0.456     6.257 r  CROSSHAIR/step_reg[0]/Q
                         net (fo=19, routed)          1.009     7.266    CROSSHAIR/step[0]
    SLICE_X61Y39         LUT5 (Prop_lut5_I0_O)        0.124     7.390 r  CROSSHAIR/g0_b2__2/O
                         net (fo=1, routed)           0.572     7.961    CROSSHAIR/g0_b2__2_n_0
    SLICE_X60Y39         CARRY4 (Prop_carry4_DI[3]_CO[3])
                                                      0.385     8.346 r  CROSSHAIR/crosshairFB_reg[8191]_i_10/CO[3]
                         net (fo=1, routed)           0.000     8.346    CROSSHAIR/crosshairFB_reg[8191]_i_10_n_0
    SLICE_X60Y40         CARRY4 (Prop_carry4_CI_O[1])
                                                      0.334     8.680 f  CROSSHAIR/crosshairFB_reg[8191]_i_11/O[1]
                         net (fo=64, routed)          1.809    10.489    CROSSHAIR/p_0_in[5]
    SLICE_X36Y57         LUT3 (Prop_lut3_I2_O)        0.303    10.792 r  CROSSHAIR/crosshairFB[6095]_i_2/O
                         net (fo=128, routed)         2.406    13.198    CROSSHAIR/crosshairFB[6095]_i_2_n_0
    SLICE_X7Y37          LUT6 (Prop_lut6_I3_O)        0.124    13.322 r  CROSSHAIR/crosshairFB[6080]_i_1/O
                         net (fo=1, routed)           0.000    13.322    CROSSHAIR/crosshairFB[6080]_i_1_n_0
    SLICE_X7Y37          FDRE                                         r  CROSSHAIR/crosshairFB_reg[6080]/D
  -------------------------------------------------------------------    -------------------

                         (clock sys_clk rise edge)    8.000     8.000 r  
    H16                                               0.000     8.000 r  clock (IN)
                         net (fo=0)                   0.000     8.000    clock
    H16                  IBUF (Prop_ibuf_I_O)         1.380     9.380 r  clock_IBUF_inst/O
                         net (fo=1, routed)           2.293    11.673    clock_IBUF
    BUFGCTRL_X0Y16       BUFG (Prop_bufg_I_O)         0.091    11.764 r  clock_IBUF_BUFG_inst/O
                         net (fo=8212, routed)        1.654    13.419    CROSSHAIR/clock_IBUF_BUFG
    SLICE_X7Y37          FDRE                                         r  CROSSHAIR/crosshairFB_reg[6080]/C
                         clock pessimism              0.323    13.742    
                         clock uncertainty           -0.035    13.707    
    SLICE_X7Y37          FDRE (Setup_fdre_C_D)        0.029    13.736    CROSSHAIR/crosshairFB_reg[6080]
  -------------------------------------------------------------------
                         required time                         13.736    
                         arrival time                         -13.322    
  -------------------------------------------------------------------
                         slack                                  0.414    

Slack (MET) :             0.425ns  (required time - arrival time)
  Source:                 CROSSHAIR/step_reg[1]/C
                            (rising edge-triggered cell FDRE clocked by sys_clk  {rise@0.000ns fall@4.000ns period=8.000ns})
  Destination:            CROSSHAIR/crosshairFB_reg[5139]/D
                            (rising edge-triggered cell FDRE clocked by sys_clk  {rise@0.000ns fall@4.000ns period=8.000ns})
  Path Group:             sys_clk
  Path Type:              Setup (Max at Slow Process Corner)
  Requirement:            8.000ns  (sys_clk rise@8.000ns - sys_clk rise@0.000ns)
  Data Path Delay:        7.352ns  (logic 1.340ns (18.226%)  route 6.012ns (81.774%))
  Logic Levels:           5  (CARRY4=2 LUT4=1 LUT5=1 LUT6=1)
  Clock Path Skew:        -0.216ns (DCD - SCD + CPR)
    Destination Clock Delay (DCD):    5.275ns = ( 13.275 - 8.000 ) 
    Source Clock Delay      (SCD):    5.801ns
    Clock Pessimism Removal (CPR):    0.309ns
  Clock Uncertainty:      0.035ns  ((TSJ^2 + TIJ^2)^1/2 + DJ) / 2 + PE
    Total System Jitter     (TSJ):    0.071ns
    Total Input Jitter      (TIJ):    0.000ns
    Discrete Jitter          (DJ):    0.000ns
    Phase Error              (PE):    0.000ns

    Location             Delay type                Incr(ns)  Path(ns)    Netlist Resource(s)
  -------------------------------------------------------------------    -------------------
                         (clock sys_clk rise edge)    0.000     0.000 r  
    H16                                               0.000     0.000 r  clock (IN)
                         net (fo=0)                   0.000     0.000    clock
    H16                  IBUF (Prop_ibuf_I_O)         1.451     1.451 r  clock_IBUF_inst/O
                         net (fo=1, routed)           2.522     3.973    clock_IBUF
    BUFGCTRL_X0Y16       BUFG (Prop_bufg_I_O)         0.101     4.074 r  clock_IBUF_BUFG_inst/O
                         net (fo=8212, routed)        1.727     5.801    CROSSHAIR/clock_IBUF_BUFG
    SLICE_X59Y39         FDRE                                         r  CROSSHAIR/step_reg[1]/C
  -------------------------------------------------------------------    -------------------
    SLICE_X59Y39         FDRE (Prop_fdre_C_Q)         0.456     6.257 r  CROSSHAIR/step_reg[1]/Q
                         net (fo=26, routed)          0.941     7.198    CROSSHAIR/step[1]
    SLICE_X58Y40         LUT5 (Prop_lut5_I1_O)        0.124     7.322 r  CROSSHAIR/g0_b2__0/O
                         net (fo=1, routed)           0.568     7.890    CROSSHAIR/g0_b2__0_n_0
    SLICE_X59Y40         CARRY4 (Prop_carry4_DI[2]_CO[3])
                                                      0.398     8.288 r  CROSSHAIR/crosshairFB_reg[8191]_i_9/CO[3]
                         net (fo=1, routed)           0.000     8.288    CROSSHAIR/crosshairFB_reg[8191]_i_9_n_0
    SLICE_X59Y41         CARRY4 (Prop_carry4_CI_CO[3])
                                                      0.114     8.402 r  CROSSHAIR/crosshairFB_reg[8191]_i_8/CO[3]
                         net (fo=8, routed)           1.706    10.108    CROSSHAIR/crosshairFB_reg[8191]_i_8_n_0
    SLICE_X79Y33         LUT4 (Prop_lut4_I2_O)        0.124    10.232 f  CROSSHAIR/crosshairFB[8183]_i_4/O
                         net (fo=1024, routed)        2.797    13.029    CROSSHAIR/crosshairFB[8183]_i_4_n_0
    SLICE_X31Y72         LUT6 (Prop_lut6_I4_O)        0.124    13.153 r  CROSSHAIR/crosshairFB[5139]_i_1/O
                         net (fo=1, routed)           0.000    13.153    CROSSHAIR/crosshairFB[5139]_i_1_n_0
    SLICE_X31Y72         FDRE                                         r  CROSSHAIR/crosshairFB_reg[5139]/D
  -------------------------------------------------------------------    -------------------

                         (clock sys_clk rise edge)    8.000     8.000 r  
    H16                                               0.000     8.000 r  clock (IN)
                         net (fo=0)                   0.000     8.000    clock
    H16                  IBUF (Prop_ibuf_I_O)         1.380     9.380 r  clock_IBUF_inst/O
                         net (fo=1, routed)           2.293    11.673    clock_IBUF
    BUFGCTRL_X0Y16       BUFG (Prop_bufg_I_O)         0.091    11.764 r  clock_IBUF_BUFG_inst/O
                         net (fo=8212, routed)        1.511    13.275    CROSSHAIR/clock_IBUF_BUFG
    SLICE_X31Y72         FDRE                                         r  CROSSHAIR/crosshairFB_reg[5139]/C
                         clock pessimism              0.309    13.584    
                         clock uncertainty           -0.035    13.549    
    SLICE_X31Y72         FDRE (Setup_fdre_C_D)        0.029    13.578    CROSSHAIR/crosshairFB_reg[5139]
  -------------------------------------------------------------------
                         required time                         13.578    
                         arrival time                         -13.153    
  -------------------------------------------------------------------
                         slack                                  0.425    

Slack (MET) :             0.430ns  (required time - arrival time)
  Source:                 CROSSHAIR/step_reg[1]/C
                            (rising edge-triggered cell FDRE clocked by sys_clk  {rise@0.000ns fall@4.000ns period=8.000ns})
  Destination:            CROSSHAIR/crosshairFB_reg[5143]/D
                            (rising edge-triggered cell FDRE clocked by sys_clk  {rise@0.000ns fall@4.000ns period=8.000ns})
  Path Group:             sys_clk
  Path Type:              Setup (Max at Slow Process Corner)
  Requirement:            8.000ns  (sys_clk rise@8.000ns - sys_clk rise@0.000ns)
  Data Path Delay:        7.349ns  (logic 1.340ns (18.233%)  route 6.009ns (81.767%))
  Logic Levels:           5  (CARRY4=2 LUT4=1 LUT5=1 LUT6=1)
  Clock Path Skew:        -0.216ns (DCD - SCD + CPR)
    Destination Clock Delay (DCD):    5.275ns = ( 13.275 - 8.000 ) 
    Source Clock Delay      (SCD):    5.801ns
    Clock Pessimism Removal (CPR):    0.309ns
  Clock Uncertainty:      0.035ns  ((TSJ^2 + TIJ^2)^1/2 + DJ) / 2 + PE
    Total System Jitter     (TSJ):    0.071ns
    Total Input Jitter      (TIJ):    0.000ns
    Discrete Jitter          (DJ):    0.000ns
    Phase Error              (PE):    0.000ns

    Location             Delay type                Incr(ns)  Path(ns)    Netlist Resource(s)
  -------------------------------------------------------------------    -------------------
                         (clock sys_clk rise edge)    0.000     0.000 r  
    H16                                               0.000     0.000 r  clock (IN)
                         net (fo=0)                   0.000     0.000    clock
    H16                  IBUF (Prop_ibuf_I_O)         1.451     1.451 r  clock_IBUF_inst/O
                         net (fo=1, routed)           2.522     3.973    clock_IBUF
    BUFGCTRL_X0Y16       BUFG (Prop_bufg_I_O)         0.101     4.074 r  clock_IBUF_BUFG_inst/O
                         net (fo=8212, routed)        1.727     5.801    CROSSHAIR/clock_IBUF_BUFG
    SLICE_X59Y39         FDRE                                         r  CROSSHAIR/step_reg[1]/C
  -------------------------------------------------------------------    -------------------
    SLICE_X59Y39         FDRE (Prop_fdre_C_Q)         0.456     6.257 r  CROSSHAIR/step_reg[1]/Q
                         net (fo=26, routed)          0.941     7.198    CROSSHAIR/step[1]
    SLICE_X58Y40         LUT5 (Prop_lut5_I1_O)        0.124     7.322 r  CROSSHAIR/g0_b2__0/O
                         net (fo=1, routed)           0.568     7.890    CROSSHAIR/g0_b2__0_n_0
    SLICE_X59Y40         CARRY4 (Prop_carry4_DI[2]_CO[3])
                                                      0.398     8.288 r  CROSSHAIR/crosshairFB_reg[8191]_i_9/CO[3]
                         net (fo=1, routed)           0.000     8.288    CROSSHAIR/crosshairFB_reg[8191]_i_9_n_0
    SLICE_X59Y41         CARRY4 (Prop_carry4_CI_CO[3])
                                                      0.114     8.402 r  CROSSHAIR/crosshairFB_reg[8191]_i_8/CO[3]
                         net (fo=8, routed)           1.706    10.108    CROSSHAIR/crosshairFB_reg[8191]_i_8_n_0
    SLICE_X79Y33         LUT4 (Prop_lut4_I2_O)        0.124    10.232 f  CROSSHAIR/crosshairFB[8183]_i_4/O
                         net (fo=1024, routed)        2.794    13.026    CROSSHAIR/crosshairFB[8183]_i_4_n_0
    SLICE_X31Y72         LUT6 (Prop_lut6_I4_O)        0.124    13.150 r  CROSSHAIR/crosshairFB[5143]_i_1/O
                         net (fo=1, routed)           0.000    13.150    CROSSHAIR/crosshairFB[5143]_i_1_n_0
    SLICE_X31Y72         FDRE                                         r  CROSSHAIR/crosshairFB_reg[5143]/D
  -------------------------------------------------------------------    -------------------

                         (clock sys_clk rise edge)    8.000     8.000 r  
    H16                                               0.000     8.000 r  clock (IN)
                         net (fo=0)                   0.000     8.000    clock
    H16                  IBUF (Prop_ibuf_I_O)         1.380     9.380 r  clock_IBUF_inst/O
                         net (fo=1, routed)           2.293    11.673    clock_IBUF
    BUFGCTRL_X0Y16       BUFG (Prop_bufg_I_O)         0.091    11.764 r  clock_IBUF_BUFG_inst/O
                         net (fo=8212, routed)        1.511    13.275    CROSSHAIR/clock_IBUF_BUFG
    SLICE_X31Y72         FDRE                                         r  CROSSHAIR/crosshairFB_reg[5143]/C
                         clock pessimism              0.309    13.584    
                         clock uncertainty           -0.035    13.549    
    SLICE_X31Y72         FDRE (Setup_fdre_C_D)        0.031    13.580    CROSSHAIR/crosshairFB_reg[5143]
  -------------------------------------------------------------------
                         required time                         13.580    
                         arrival time                         -13.150    
  -------------------------------------------------------------------
                         slack                                  0.430    

Slack (MET) :             0.444ns  (required time - arrival time)
  Source:                 CROSSHAIR/step_reg[0]/C
                            (rising edge-triggered cell FDRE clocked by sys_clk  {rise@0.000ns fall@4.000ns period=8.000ns})
  Destination:            CROSSHAIR/crosshairFB_reg[6082]/D
                            (rising edge-triggered cell FDRE clocked by sys_clk  {rise@0.000ns fall@4.000ns period=8.000ns})
  Path Group:             sys_clk
  Path Type:              Setup (Max at Slow Process Corner)
  Requirement:            8.000ns  (sys_clk rise@8.000ns - sys_clk rise@0.000ns)
  Data Path Delay:        7.493ns  (logic 1.726ns (23.035%)  route 5.767ns (76.965%))
  Logic Levels:           5  (CARRY4=2 LUT3=1 LUT5=1 LUT6=1)
  Clock Path Skew:        -0.059ns (DCD - SCD + CPR)
    Destination Clock Delay (DCD):    5.419ns = ( 13.419 - 8.000 ) 
    Source Clock Delay      (SCD):    5.801ns
    Clock Pessimism Removal (CPR):    0.323ns
  Clock Uncertainty:      0.035ns  ((TSJ^2 + TIJ^2)^1/2 + DJ) / 2 + PE
    Total System Jitter     (TSJ):    0.071ns
    Total Input Jitter      (TIJ):    0.000ns
    Discrete Jitter          (DJ):    0.000ns
    Phase Error              (PE):    0.000ns

    Location             Delay type                Incr(ns)  Path(ns)    Netlist Resource(s)
  -------------------------------------------------------------------    -------------------
                         (clock sys_clk rise edge)    0.000     0.000 r  
    H16                                               0.000     0.000 r  clock (IN)
                         net (fo=0)                   0.000     0.000    clock
    H16                  IBUF (Prop_ibuf_I_O)         1.451     1.451 r  clock_IBUF_inst/O
                         net (fo=1, routed)           2.522     3.973    clock_IBUF
    BUFGCTRL_X0Y16       BUFG (Prop_bufg_I_O)         0.101     4.074 r  clock_IBUF_BUFG_inst/O
                         net (fo=8212, routed)        1.727     5.801    CROSSHAIR/clock_IBUF_BUFG
    SLICE_X59Y39         FDRE                                         r  CROSSHAIR/step_reg[0]/C
  -------------------------------------------------------------------    -------------------
    SLICE_X59Y39         FDRE (Prop_fdre_C_Q)         0.456     6.257 r  CROSSHAIR/step_reg[0]/Q
                         net (fo=19, routed)          1.009     7.266    CROSSHAIR/step[0]
    SLICE_X61Y39         LUT5 (Prop_lut5_I0_O)        0.124     7.390 r  CROSSHAIR/g0_b2__2/O
                         net (fo=1, routed)           0.572     7.961    CROSSHAIR/g0_b2__2_n_0
    SLICE_X60Y39         CARRY4 (Prop_carry4_DI[3]_CO[3])
                                                      0.385     8.346 r  CROSSHAIR/crosshairFB_reg[8191]_i_10/CO[3]
                         net (fo=1, routed)           0.000     8.346    CROSSHAIR/crosshairFB_reg[8191]_i_10_n_0
    SLICE_X60Y40         CARRY4 (Prop_carry4_CI_O[1])
                                                      0.334     8.680 f  CROSSHAIR/crosshairFB_reg[8191]_i_11/O[1]
                         net (fo=64, routed)          1.809    10.489    CROSSHAIR/p_0_in[5]
    SLICE_X36Y57         LUT3 (Prop_lut3_I2_O)        0.303    10.792 r  CROSSHAIR/crosshairFB[6095]_i_2/O
                         net (fo=128, routed)         2.377    13.170    CROSSHAIR/crosshairFB[6095]_i_2_n_0
    SLICE_X7Y37          LUT6 (Prop_lut6_I3_O)        0.124    13.293 r  CROSSHAIR/crosshairFB[6082]_i_1/O
                         net (fo=1, routed)           0.000    13.293    CROSSHAIR/crosshairFB[6082]_i_1_n_0
    SLICE_X7Y37          FDRE                                         r  CROSSHAIR/crosshairFB_reg[6082]/D
  -------------------------------------------------------------------    -------------------

                         (clock sys_clk rise edge)    8.000     8.000 r  
    H16                                               0.000     8.000 r  clock (IN)
                         net (fo=0)                   0.000     8.000    clock
    H16                  IBUF (Prop_ibuf_I_O)         1.380     9.380 r  clock_IBUF_inst/O
                         net (fo=1, routed)           2.293    11.673    clock_IBUF
    BUFGCTRL_X0Y16       BUFG (Prop_bufg_I_O)         0.091    11.764 r  clock_IBUF_BUFG_inst/O
                         net (fo=8212, routed)        1.654    13.419    CROSSHAIR/clock_IBUF_BUFG
    SLICE_X7Y37          FDRE                                         r  CROSSHAIR/crosshairFB_reg[6082]/C
                         clock pessimism              0.323    13.742    
                         clock uncertainty           -0.035    13.707    
    SLICE_X7Y37          FDRE (Setup_fdre_C_D)        0.031    13.738    CROSSHAIR/crosshairFB_reg[6082]
  -------------------------------------------------------------------
                         required time                         13.738    
                         arrival time                         -13.294    
  -------------------------------------------------------------------
                         slack                                  0.444    

Slack (MET) :             0.456ns  (required time - arrival time)
  Source:                 CROSSHAIR/step_reg[1]/C
                            (rising edge-triggered cell FDRE clocked by sys_clk  {rise@0.000ns fall@4.000ns period=8.000ns})
  Destination:            CROSSHAIR/crosshairFB_reg[5219]/D
                            (rising edge-triggered cell FDRE clocked by sys_clk  {rise@0.000ns fall@4.000ns period=8.000ns})
  Path Group:             sys_clk
  Path Type:              Setup (Max at Slow Process Corner)
  Requirement:            8.000ns  (sys_clk rise@8.000ns - sys_clk rise@0.000ns)
  Data Path Delay:        7.327ns  (logic 1.340ns (18.289%)  route 5.987ns (81.710%))
  Logic Levels:           5  (CARRY4=2 LUT4=1 LUT5=1 LUT6=1)
  Clock Path Skew:        -0.213ns (DCD - SCD + CPR)
    Destination Clock Delay (DCD):    5.278ns = ( 13.278 - 8.000 ) 
    Source Clock Delay      (SCD):    5.801ns
    Clock Pessimism Removal (CPR):    0.309ns
  Clock Uncertainty:      0.035ns  ((TSJ^2 + TIJ^2)^1/2 + DJ) / 2 + PE
    Total System Jitter     (TSJ):    0.071ns
    Total Input Jitter      (TIJ):    0.000ns
    Discrete Jitter          (DJ):    0.000ns
    Phase Error              (PE):    0.000ns

    Location             Delay type                Incr(ns)  Path(ns)    Netlist Resource(s)
  -------------------------------------------------------------------    -------------------
                         (clock sys_clk rise edge)    0.000     0.000 r  
    H16                                               0.000     0.000 r  clock (IN)
                         net (fo=0)                   0.000     0.000    clock
    H16                  IBUF (Prop_ibuf_I_O)         1.451     1.451 r  clock_IBUF_inst/O
                         net (fo=1, routed)           2.522     3.973    clock_IBUF
    BUFGCTRL_X0Y16       BUFG (Prop_bufg_I_O)         0.101     4.074 r  clock_IBUF_BUFG_inst/O
                         net (fo=8212, routed)        1.727     5.801    CROSSHAIR/clock_IBUF_BUFG
    SLICE_X59Y39         FDRE                                         r  CROSSHAIR/step_reg[1]/C
  -------------------------------------------------------------------    -------------------
    SLICE_X59Y39         FDRE (Prop_fdre_C_Q)         0.456     6.257 r  CROSSHAIR/step_reg[1]/Q
                         net (fo=26, routed)          0.941     7.198    CROSSHAIR/step[1]
    SLICE_X58Y40         LUT5 (Prop_lut5_I1_O)        0.124     7.322 r  CROSSHAIR/g0_b2__0/O
                         net (fo=1, routed)           0.568     7.890    CROSSHAIR/g0_b2__0_n_0
    SLICE_X59Y40         CARRY4 (Prop_carry4_DI[2]_CO[3])
                                                      0.398     8.288 r  CROSSHAIR/crosshairFB_reg[8191]_i_9/CO[3]
                         net (fo=1, routed)           0.000     8.288    CROSSHAIR/crosshairFB_reg[8191]_i_9_n_0
    SLICE_X59Y41         CARRY4 (Prop_carry4_CI_CO[3])
                                                      0.114     8.402 r  CROSSHAIR/crosshairFB_reg[8191]_i_8/CO[3]
                         net (fo=8, routed)           1.706    10.108    CROSSHAIR/crosshairFB_reg[8191]_i_8_n_0
    SLICE_X79Y33         LUT4 (Prop_lut4_I2_O)        0.124    10.232 f  CROSSHAIR/crosshairFB[8183]_i_4/O
                         net (fo=1024, routed)        2.771    13.003    CROSSHAIR/crosshairFB[8183]_i_4_n_0
    SLICE_X29Y70         LUT6 (Prop_lut6_I4_O)        0.124    13.127 r  CROSSHAIR/crosshairFB[5219]_i_1/O
                         net (fo=1, routed)           0.000    13.127    CROSSHAIR/crosshairFB[5219]_i_1_n_0
    SLICE_X29Y70         FDRE                                         r  CROSSHAIR/crosshairFB_reg[5219]/D
  -------------------------------------------------------------------    -------------------

                         (clock sys_clk rise edge)    8.000     8.000 r  
    H16                                               0.000     8.000 r  clock (IN)
                         net (fo=0)                   0.000     8.000    clock
    H16                  IBUF (Prop_ibuf_I_O)         1.380     9.380 r  clock_IBUF_inst/O
                         net (fo=1, routed)           2.293    11.673    clock_IBUF
    BUFGCTRL_X0Y16       BUFG (Prop_bufg_I_O)         0.091    11.764 r  clock_IBUF_BUFG_inst/O
                         net (fo=8212, routed)        1.514    13.278    CROSSHAIR/clock_IBUF_BUFG
    SLICE_X29Y70         FDRE                                         r  CROSSHAIR/crosshairFB_reg[5219]/C
                         clock pessimism              0.309    13.587    
                         clock uncertainty           -0.035    13.552    
    SLICE_X29Y70         FDRE (Setup_fdre_C_D)        0.031    13.583    CROSSHAIR/crosshairFB_reg[5219]
  -------------------------------------------------------------------
                         required time                         13.583    
                         arrival time                         -13.127    
  -------------------------------------------------------------------
                         slack                                  0.456    

Slack (MET) :             0.464ns  (required time - arrival time)
  Source:                 CROSSHAIR/step_reg[1]/C
                            (rising edge-triggered cell FDRE clocked by sys_clk  {rise@0.000ns fall@4.000ns period=8.000ns})
  Destination:            CROSSHAIR/crosshairFB_reg[6512]/R
                            (rising edge-triggered cell FDRE clocked by sys_clk  {rise@0.000ns fall@4.000ns period=8.000ns})
  Path Group:             sys_clk
  Path Type:              Setup (Max at Slow Process Corner)
  Requirement:            8.000ns  (sys_clk rise@8.000ns - sys_clk rise@0.000ns)
  Data Path Delay:        6.929ns  (logic 0.704ns (10.160%)  route 6.225ns (89.840%))
  Logic Levels:           2  (LUT3=1 LUT5=1)
  Clock Path Skew:        -0.143ns (DCD - SCD + CPR)
    Destination Clock Delay (DCD):    5.335ns = ( 13.335 - 8.000 ) 
    Source Clock Delay      (SCD):    5.801ns
    Clock Pessimism Removal (CPR):    0.323ns
  Clock Uncertainty:      0.035ns  ((TSJ^2 + TIJ^2)^1/2 + DJ) / 2 + PE
    Total System Jitter     (TSJ):    0.071ns
    Total Input Jitter      (TIJ):    0.000ns
    Discrete Jitter          (DJ):    0.000ns
    Phase Error              (PE):    0.000ns

    Location             Delay type                Incr(ns)  Path(ns)    Netlist Resource(s)
  -------------------------------------------------------------------    -------------------
                         (clock sys_clk rise edge)    0.000     0.000 r  
    H16                                               0.000     0.000 r  clock (IN)
                         net (fo=0)                   0.000     0.000    clock
    H16                  IBUF (Prop_ibuf_I_O)         1.451     1.451 r  clock_IBUF_inst/O
                         net (fo=1, routed)           2.522     3.973    clock_IBUF
    BUFGCTRL_X0Y16       BUFG (Prop_bufg_I_O)         0.101     4.074 r  clock_IBUF_BUFG_inst/O
                         net (fo=8212, routed)        1.727     5.801    CROSSHAIR/clock_IBUF_BUFG
    SLICE_X59Y39         FDRE                                         r  CROSSHAIR/step_reg[1]/C
  -------------------------------------------------------------------    -------------------
    SLICE_X59Y39         FDRE (Prop_fdre_C_Q)         0.456     6.257 f  CROSSHAIR/step_reg[1]/Q
                         net (fo=26, routed)          1.999     8.256    CROSSHAIR/step[1]
    SLICE_X62Y65         LUT5 (Prop_lut5_I2_O)        0.124     8.380 f  CROSSHAIR/crosshairFB[8191]_i_3/O
                         net (fo=1, routed)           0.466     8.846    CROSSHAIR/crosshairFB[8191]_i_3_n_0
    SLICE_X62Y65         LUT3 (Prop_lut3_I1_O)        0.124     8.970 r  CROSSHAIR/crosshairFB[8191]_i_1/O
                         net (fo=8192, routed)        3.760    12.730    CROSSHAIR/crosshairFB[8191]_i_1_n_0
    SLICE_X13Y18         FDRE                                         r  CROSSHAIR/crosshairFB_reg[6512]/R
  -------------------------------------------------------------------    -------------------

                         (clock sys_clk rise edge)    8.000     8.000 r  
    H16                                               0.000     8.000 r  clock (IN)
                         net (fo=0)                   0.000     8.000    clock
    H16                  IBUF (Prop_ibuf_I_O)         1.380     9.380 r  clock_IBUF_inst/O
                         net (fo=1, routed)           2.293    11.673    clock_IBUF
    BUFGCTRL_X0Y16       BUFG (Prop_bufg_I_O)         0.091    11.764 r  clock_IBUF_BUFG_inst/O
                         net (fo=8212, routed)        1.570    13.335    CROSSHAIR/clock_IBUF_BUFG
    SLICE_X13Y18         FDRE                                         r  CROSSHAIR/crosshairFB_reg[6512]/C
                         clock pessimism              0.323    13.658    
                         clock uncertainty           -0.035    13.623    
    SLICE_X13Y18         FDRE (Setup_fdre_C_R)       -0.429    13.194    CROSSHAIR/crosshairFB_reg[6512]
  -------------------------------------------------------------------
                         required time                         13.194    
                         arrival time                         -12.730    
  -------------------------------------------------------------------
                         slack                                  0.464    

Slack (MET) :             0.473ns  (required time - arrival time)
  Source:                 CROSSHAIR/step_reg[0]/C
                            (rising edge-triggered cell FDRE clocked by sys_clk  {rise@0.000ns fall@4.000ns period=8.000ns})
  Destination:            CROSSHAIR/crosshairFB_reg[4466]/D
                            (rising edge-triggered cell FDRE clocked by sys_clk  {rise@0.000ns fall@4.000ns period=8.000ns})
  Path Group:             sys_clk
  Path Type:              Setup (Max at Slow Process Corner)
  Requirement:            8.000ns  (sys_clk rise@8.000ns - sys_clk rise@0.000ns)
  Data Path Delay:        7.319ns  (logic 1.983ns (27.092%)  route 5.336ns (72.908%))
  Logic Levels:           5  (CARRY4=2 LUT3=1 LUT5=1 LUT6=1)
  Clock Path Skew:        -0.201ns (DCD - SCD + CPR)
    Destination Clock Delay (DCD):    5.290ns = ( 13.290 - 8.000 ) 
    Source Clock Delay      (SCD):    5.801ns
    Clock Pessimism Removal (CPR):    0.309ns
  Clock Uncertainty:      0.035ns  ((TSJ^2 + TIJ^2)^1/2 + DJ) / 2 + PE
    Total System Jitter     (TSJ):    0.071ns
    Total Input Jitter      (TIJ):    0.000ns
    Discrete Jitter          (DJ):    0.000ns
    Phase Error              (PE):    0.000ns

    Location             Delay type                Incr(ns)  Path(ns)    Netlist Resource(s)
  -------------------------------------------------------------------    -------------------
                         (clock sys_clk rise edge)    0.000     0.000 r  
    H16                                               0.000     0.000 r  clock (IN)
                         net (fo=0)                   0.000     0.000    clock
    H16                  IBUF (Prop_ibuf_I_O)         1.451     1.451 r  clock_IBUF_inst/O
                         net (fo=1, routed)           2.522     3.973    clock_IBUF
    BUFGCTRL_X0Y16       BUFG (Prop_bufg_I_O)         0.101     4.074 r  clock_IBUF_BUFG_inst/O
                         net (fo=8212, routed)        1.727     5.801    CROSSHAIR/clock_IBUF_BUFG
    SLICE_X59Y39         FDRE                                         r  CROSSHAIR/step_reg[0]/C
  -------------------------------------------------------------------    -------------------
    SLICE_X59Y39         FDRE (Prop_fdre_C_Q)         0.456     6.257 r  CROSSHAIR/step_reg[0]/Q
                         net (fo=19, routed)          1.009     7.266    CROSSHAIR/step[0]
    SLICE_X61Y39         LUT5 (Prop_lut5_I0_O)        0.124     7.390 r  CROSSHAIR/g0_b2__2/O
                         net (fo=1, routed)           0.572     7.961    CROSSHAIR/g0_b2__2_n_0
    SLICE_X60Y39         CARRY4 (Prop_carry4_DI[3]_CO[3])
                                                      0.385     8.346 r  CROSSHAIR/crosshairFB_reg[8191]_i_10/CO[3]
                         net (fo=1, routed)           0.000     8.346    CROSSHAIR/crosshairFB_reg[8191]_i_10_n_0
    SLICE_X60Y40         CARRY4 (Prop_carry4_CI_O[1])
                                                      0.334     8.680 r  CROSSHAIR/crosshairFB_reg[8191]_i_11/O[1]
                         net (fo=64, routed)          1.754    10.434    CROSSHAIR/p_0_in[5]
    SLICE_X50Y58         LUT3 (Prop_lut3_I2_O)        0.329    10.763 r  CROSSHAIR/crosshairFB[5119]_i_3/O
                         net (fo=128, routed)         2.002    12.765    CROSSHAIR/crosshairFB[5119]_i_3_n_0
    SLICE_X56Y80         LUT6 (Prop_lut6_I3_O)        0.355    13.120 r  CROSSHAIR/crosshairFB[4466]_i_1/O
                         net (fo=1, routed)           0.000    13.120    CROSSHAIR/crosshairFB[4466]_i_1_n_0
    SLICE_X56Y80         FDRE                                         r  CROSSHAIR/crosshairFB_reg[4466]/D
  -------------------------------------------------------------------    -------------------

                         (clock sys_clk rise edge)    8.000     8.000 r  
    H16                                               0.000     8.000 r  clock (IN)
                         net (fo=0)                   0.000     8.000    clock
    H16                  IBUF (Prop_ibuf_I_O)         1.380     9.380 r  clock_IBUF_inst/O
                         net (fo=1, routed)           2.293    11.673    clock_IBUF
    BUFGCTRL_X0Y16       BUFG (Prop_bufg_I_O)         0.091    11.764 r  clock_IBUF_BUFG_inst/O
                         net (fo=8212, routed)        1.526    13.290    CROSSHAIR/clock_IBUF_BUFG
    SLICE_X56Y80         FDRE                                         r  CROSSHAIR/crosshairFB_reg[4466]/C
                         clock pessimism              0.309    13.599    
                         clock uncertainty           -0.035    13.564    
    SLICE_X56Y80         FDRE (Setup_fdre_C_D)        0.029    13.593    CROSSHAIR/crosshairFB_reg[4466]
  -------------------------------------------------------------------
                         required time                         13.593    
                         arrival time                         -13.120    
  -------------------------------------------------------------------
                         slack                                  0.473    

Slack (MET) :             0.474ns  (required time - arrival time)
  Source:                 CROSSHAIR/step_reg[0]/C
                            (rising edge-triggered cell FDRE clocked by sys_clk  {rise@0.000ns fall@4.000ns period=8.000ns})
  Destination:            CROSSHAIR/crosshairFB_reg[6083]/D
                            (rising edge-triggered cell FDRE clocked by sys_clk  {rise@0.000ns fall@4.000ns period=8.000ns})
  Path Group:             sys_clk
  Path Type:              Setup (Max at Slow Process Corner)
  Requirement:            8.000ns  (sys_clk rise@8.000ns - sys_clk rise@0.000ns)
  Data Path Delay:        7.509ns  (logic 1.726ns (22.984%)  route 5.783ns (77.016%))
  Logic Levels:           5  (CARRY4=2 LUT3=1 LUT5=1 LUT6=1)
  Clock Path Skew:        -0.059ns (DCD - SCD + CPR)
    Destination Clock Delay (DCD):    5.419ns = ( 13.419 - 8.000 ) 
    Source Clock Delay      (SCD):    5.801ns
    Clock Pessimism Removal (CPR):    0.323ns
  Clock Uncertainty:      0.035ns  ((TSJ^2 + TIJ^2)^1/2 + DJ) / 2 + PE
    Total System Jitter     (TSJ):    0.071ns
    Total Input Jitter      (TIJ):    0.000ns
    Discrete Jitter          (DJ):    0.000ns
    Phase Error              (PE):    0.000ns

    Location             Delay type                Incr(ns)  Path(ns)    Netlist Resource(s)
  -------------------------------------------------------------------    -------------------
                         (clock sys_clk rise edge)    0.000     0.000 r  
    H16                                               0.000     0.000 r  clock (IN)
                         net (fo=0)                   0.000     0.000    clock
    H16                  IBUF (Prop_ibuf_I_O)         1.451     1.451 r  clock_IBUF_inst/O
                         net (fo=1, routed)           2.522     3.973    clock_IBUF
    BUFGCTRL_X0Y16       BUFG (Prop_bufg_I_O)         0.101     4.074 r  clock_IBUF_BUFG_inst/O
                         net (fo=8212, routed)        1.727     5.801    CROSSHAIR/clock_IBUF_BUFG
    SLICE_X59Y39         FDRE                                         r  CROSSHAIR/step_reg[0]/C
  -------------------------------------------------------------------    -------------------
    SLICE_X59Y39         FDRE (Prop_fdre_C_Q)         0.456     6.257 r  CROSSHAIR/step_reg[0]/Q
                         net (fo=19, routed)          1.009     7.266    CROSSHAIR/step[0]
    SLICE_X61Y39         LUT5 (Prop_lut5_I0_O)        0.124     7.390 r  CROSSHAIR/g0_b2__2/O
                         net (fo=1, routed)           0.572     7.961    CROSSHAIR/g0_b2__2_n_0
    SLICE_X60Y39         CARRY4 (Prop_carry4_DI[3]_CO[3])
                                                      0.385     8.346 r  CROSSHAIR/crosshairFB_reg[8191]_i_10/CO[3]
                         net (fo=1, routed)           0.000     8.346    CROSSHAIR/crosshairFB_reg[8191]_i_10_n_0
    SLICE_X60Y40         CARRY4 (Prop_carry4_CI_O[1])
                                                      0.334     8.680 f  CROSSHAIR/crosshairFB_reg[8191]_i_11/O[1]
                         net (fo=64, routed)          1.809    10.489    CROSSHAIR/p_0_in[5]
    SLICE_X36Y57         LUT3 (Prop_lut3_I2_O)        0.303    10.792 r  CROSSHAIR/crosshairFB[6095]_i_2/O
                         net (fo=128, routed)         2.394    13.186    CROSSHAIR/crosshairFB[6095]_i_2_n_0
    SLICE_X6Y37          LUT6 (Prop_lut6_I3_O)        0.124    13.310 r  CROSSHAIR/crosshairFB[6083]_i_1/O
                         net (fo=1, routed)           0.000    13.310    CROSSHAIR/crosshairFB[6083]_i_1_n_0
    SLICE_X6Y37          FDRE                                         r  CROSSHAIR/crosshairFB_reg[6083]/D
  -------------------------------------------------------------------    -------------------

                         (clock sys_clk rise edge)    8.000     8.000 r  
    H16                                               0.000     8.000 r  clock (IN)
                         net (fo=0)                   0.000     8.000    clock
    H16                  IBUF (Prop_ibuf_I_O)         1.380     9.380 r  clock_IBUF_inst/O
                         net (fo=1, routed)           2.293    11.673    clock_IBUF
    BUFGCTRL_X0Y16       BUFG (Prop_bufg_I_O)         0.091    11.764 r  clock_IBUF_BUFG_inst/O
                         net (fo=8212, routed)        1.654    13.419    CROSSHAIR/clock_IBUF_BUFG
    SLICE_X6Y37          FDRE                                         r  CROSSHAIR/crosshairFB_reg[6083]/C
                         clock pessimism              0.323    13.742    
                         clock uncertainty           -0.035    13.707    
    SLICE_X6Y37          FDRE (Setup_fdre_C_D)        0.077    13.784    CROSSHAIR/crosshairFB_reg[6083]
  -------------------------------------------------------------------
                         required time                         13.784    
                         arrival time                         -13.310    
  -------------------------------------------------------------------
                         slack                                  0.474    





Min Delay Paths
--------------------------------------------------------------------------------------
Slack (MET) :             0.209ns  (arrival time - required time)
  Source:                 CROSSHAIR/crosshairFB_reg[110]/C
                            (rising edge-triggered cell FDRE clocked by sys_clk  {rise@0.000ns fall@4.000ns period=8.000ns})
  Destination:            CROSSHAIR/crosshairFB_reg[110]/D
                            (rising edge-triggered cell FDRE clocked by sys_clk  {rise@0.000ns fall@4.000ns period=8.000ns})
  Path Group:             sys_clk
  Path Type:              Hold (Min at Fast Process Corner)
  Requirement:            0.000ns  (sys_clk rise@0.000ns - sys_clk rise@0.000ns)
  Data Path Delay:        0.300ns  (logic 0.186ns (61.957%)  route 0.114ns (38.043%))
  Logic Levels:           1  (LUT6=1)
  Clock Path Skew:        0.000ns (DCD - SCD - CPR)
    Destination Clock Delay (DCD):    2.182ns
    Source Clock Delay      (SCD):    1.661ns
    Clock Pessimism Removal (CPR):    0.521ns

    Location             Delay type                Incr(ns)  Path(ns)    Netlist Resource(s)
  -------------------------------------------------------------------    -------------------
                         (clock sys_clk rise edge)    0.000     0.000 r  
    H16                                               0.000     0.000 r  clock (IN)
                         net (fo=0)                   0.000     0.000    clock
    H16                  IBUF (Prop_ibuf_I_O)         0.219     0.219 r  clock_IBUF_inst/O
                         net (fo=1, routed)           0.842     1.060    clock_IBUF
    BUFGCTRL_X0Y16       BUFG (Prop_bufg_I_O)         0.026     1.086 r  clock_IBUF_BUFG_inst/O
                         net (fo=8212, routed)        0.575     1.661    CROSSHAIR/clock_IBUF_BUFG
    SLICE_X63Y27         FDRE                                         r  CROSSHAIR/crosshairFB_reg[110]/C
  -------------------------------------------------------------------    -------------------
    SLICE_X63Y27         FDRE (Prop_fdre_C_Q)         0.141     1.802 r  CROSSHAIR/crosshairFB_reg[110]/Q
                         net (fo=2, routed)           0.114     1.916    CROSSHAIR/crosshairFB[110]
    SLICE_X63Y27         LUT6 (Prop_lut6_I5_O)        0.045     1.961 r  CROSSHAIR/crosshairFB[110]_i_1/O
                         net (fo=1, routed)           0.000     1.961    CROSSHAIR/crosshairFB[110]_i_1_n_0
    SLICE_X63Y27         FDRE                                         r  CROSSHAIR/crosshairFB_reg[110]/D
  -------------------------------------------------------------------    -------------------

                         (clock sys_clk rise edge)    0.000     0.000 r  
    H16                                               0.000     0.000 r  clock (IN)
                         net (fo=0)                   0.000     0.000    clock
    H16                  IBUF (Prop_ibuf_I_O)         0.406     0.406 r  clock_IBUF_inst/O
                         net (fo=1, routed)           0.907     1.313    clock_IBUF
    BUFGCTRL_X0Y16       BUFG (Prop_bufg_I_O)         0.029     1.342 r  clock_IBUF_BUFG_inst/O
                         net (fo=8212, routed)        0.840     2.182    CROSSHAIR/clock_IBUF_BUFG
    SLICE_X63Y27         FDRE                                         r  CROSSHAIR/crosshairFB_reg[110]/C
                         clock pessimism             -0.521     1.661    
    SLICE_X63Y27         FDRE (Hold_fdre_C_D)         0.091     1.752    CROSSHAIR/crosshairFB_reg[110]
  -------------------------------------------------------------------
                         required time                         -1.752    
                         arrival time                           1.961    
  -------------------------------------------------------------------
                         slack                                  0.209    

Slack (MET) :             0.214ns  (arrival time - required time)
  Source:                 CROSSHAIR/crosshairFB_reg[1222]/C
                            (rising edge-triggered cell FDRE clocked by sys_clk  {rise@0.000ns fall@4.000ns period=8.000ns})
  Destination:            CROSSHAIR/crosshairFB_reg[1222]/D
                            (rising edge-triggered cell FDRE clocked by sys_clk  {rise@0.000ns fall@4.000ns period=8.000ns})
  Path Group:             sys_clk
  Path Type:              Hold (Min at Fast Process Corner)
  Requirement:            0.000ns  (sys_clk rise@0.000ns - sys_clk rise@0.000ns)
  Data Path Delay:        0.335ns  (logic 0.209ns (62.414%)  route 0.126ns (37.586%))
  Logic Levels:           1  (LUT6=1)
  Clock Path Skew:        0.000ns (DCD - SCD - CPR)
    Destination Clock Delay (DCD):    2.217ns
    Source Clock Delay      (SCD):    1.693ns
    Clock Pessimism Removal (CPR):    0.524ns

    Location             Delay type                Incr(ns)  Path(ns)    Netlist Resource(s)
  -------------------------------------------------------------------    -------------------
                         (clock sys_clk rise edge)    0.000     0.000 r  
    H16                                               0.000     0.000 r  clock (IN)
                         net (fo=0)                   0.000     0.000    clock
    H16                  IBUF (Prop_ibuf_I_O)         0.219     0.219 r  clock_IBUF_inst/O
                         net (fo=1, routed)           0.842     1.060    clock_IBUF
    BUFGCTRL_X0Y16       BUFG (Prop_bufg_I_O)         0.026     1.086 r  clock_IBUF_BUFG_inst/O
                         net (fo=8212, routed)        0.607     1.693    CROSSHAIR/clock_IBUF_BUFG
    SLICE_X92Y33         FDRE                                         r  CROSSHAIR/crosshairFB_reg[1222]/C
  -------------------------------------------------------------------    -------------------
    SLICE_X92Y33         FDRE (Prop_fdre_C_Q)         0.164     1.857 r  CROSSHAIR/crosshairFB_reg[1222]/Q
                         net (fo=2, routed)           0.126     1.983    CROSSHAIR/crosshairFB[1222]
    SLICE_X92Y33         LUT6 (Prop_lut6_I5_O)        0.045     2.028 r  CROSSHAIR/crosshairFB[1222]_i_1/O
                         net (fo=1, routed)           0.000     2.028    CROSSHAIR/crosshairFB[1222]_i_1_n_0
    SLICE_X92Y33         FDRE                                         r  CROSSHAIR/crosshairFB_reg[1222]/D
  -------------------------------------------------------------------    -------------------

                         (clock sys_clk rise edge)    0.000     0.000 r  
    H16                                               0.000     0.000 r  clock (IN)
                         net (fo=0)                   0.000     0.000    clock
    H16                  IBUF (Prop_ibuf_I_O)         0.406     0.406 r  clock_IBUF_inst/O
                         net (fo=1, routed)           0.907     1.313    clock_IBUF
    BUFGCTRL_X0Y16       BUFG (Prop_bufg_I_O)         0.029     1.342 r  clock_IBUF_BUFG_inst/O
                         net (fo=8212, routed)        0.875     2.217    CROSSHAIR/clock_IBUF_BUFG
    SLICE_X92Y33         FDRE                                         r  CROSSHAIR/crosshairFB_reg[1222]/C
                         clock pessimism             -0.524     1.693    
    SLICE_X92Y33         FDRE (Hold_fdre_C_D)         0.121     1.814    CROSSHAIR/crosshairFB_reg[1222]
  -------------------------------------------------------------------
                         required time                         -1.814    
                         arrival time                           2.028    
  -------------------------------------------------------------------
                         slack                                  0.214    

Slack (MET) :             0.214ns  (arrival time - required time)
  Source:                 CROSSHAIR/crosshairFB_reg[7534]/C
                            (rising edge-triggered cell FDRE clocked by sys_clk  {rise@0.000ns fall@4.000ns period=8.000ns})
  Destination:            CROSSHAIR/crosshairFB_reg[7534]/D
                            (rising edge-triggered cell FDRE clocked by sys_clk  {rise@0.000ns fall@4.000ns period=8.000ns})
  Path Group:             sys_clk
  Path Type:              Hold (Min at Fast Process Corner)
  Requirement:            0.000ns  (sys_clk rise@0.000ns - sys_clk rise@0.000ns)
  Data Path Delay:        0.306ns  (logic 0.186ns (60.688%)  route 0.120ns (39.312%))
  Logic Levels:           1  (LUT6=1)
  Clock Path Skew:        0.000ns (DCD - SCD - CPR)
    Destination Clock Delay (DCD):    2.170ns
    Source Clock Delay      (SCD):    1.647ns
    Clock Pessimism Removal (CPR):    0.523ns

    Location             Delay type                Incr(ns)  Path(ns)    Netlist Resource(s)
  -------------------------------------------------------------------    -------------------
                         (clock sys_clk rise edge)    0.000     0.000 r  
    H16                                               0.000     0.000 r  clock (IN)
                         net (fo=0)                   0.000     0.000    clock
    H16                  IBUF (Prop_ibuf_I_O)         0.219     0.219 r  clock_IBUF_inst/O
                         net (fo=1, routed)           0.842     1.060    clock_IBUF
    BUFGCTRL_X0Y16       BUFG (Prop_bufg_I_O)         0.026     1.086 r  clock_IBUF_BUFG_inst/O
                         net (fo=8212, routed)        0.561     1.647    CROSSHAIR/clock_IBUF_BUFG
    SLICE_X41Y40         FDRE                                         r  CROSSHAIR/crosshairFB_reg[7534]/C
  -------------------------------------------------------------------    -------------------
    SLICE_X41Y40         FDRE (Prop_fdre_C_Q)         0.141     1.788 r  CROSSHAIR/crosshairFB_reg[7534]/Q
                         net (fo=2, routed)           0.120     1.909    CROSSHAIR/crosshairFB[7534]
    SLICE_X41Y40         LUT6 (Prop_lut6_I5_O)        0.045     1.954 r  CROSSHAIR/crosshairFB[7534]_i_1/O
                         net (fo=1, routed)           0.000     1.954    CROSSHAIR/crosshairFB[7534]_i_1_n_0
    SLICE_X41Y40         FDRE                                         r  CROSSHAIR/crosshairFB_reg[7534]/D
  -------------------------------------------------------------------    -------------------

                         (clock sys_clk rise edge)    0.000     0.000 r  
    H16                                               0.000     0.000 r  clock (IN)
                         net (fo=0)                   0.000     0.000    clock
    H16                  IBUF (Prop_ibuf_I_O)         0.406     0.406 r  clock_IBUF_inst/O
                         net (fo=1, routed)           0.907     1.313    clock_IBUF
    BUFGCTRL_X0Y16       BUFG (Prop_bufg_I_O)         0.029     1.342 r  clock_IBUF_BUFG_inst/O
                         net (fo=8212, routed)        0.828     2.170    CROSSHAIR/clock_IBUF_BUFG
    SLICE_X41Y40         FDRE                                         r  CROSSHAIR/crosshairFB_reg[7534]/C
                         clock pessimism             -0.523     1.647    
    SLICE_X41Y40         FDRE (Hold_fdre_C_D)         0.092     1.739    CROSSHAIR/crosshairFB_reg[7534]
  -------------------------------------------------------------------
                         required time                         -1.739    
                         arrival time                           1.954    
  -------------------------------------------------------------------
                         slack                                  0.214    

Slack (MET) :             0.215ns  (arrival time - required time)
  Source:                 CROSSHAIR/crosshairFB_reg[2679]/C
                            (rising edge-triggered cell FDRE clocked by sys_clk  {rise@0.000ns fall@4.000ns period=8.000ns})
  Destination:            CROSSHAIR/crosshairFB_reg[2679]/D
                            (rising edge-triggered cell FDRE clocked by sys_clk  {rise@0.000ns fall@4.000ns period=8.000ns})
  Path Group:             sys_clk
  Path Type:              Hold (Min at Fast Process Corner)
  Requirement:            0.000ns  (sys_clk rise@0.000ns - sys_clk rise@0.000ns)
  Data Path Delay:        0.336ns  (logic 0.209ns (62.281%)  route 0.127ns (37.719%))
  Logic Levels:           1  (LUT6=1)
  Clock Path Skew:        0.000ns (DCD - SCD - CPR)
    Destination Clock Delay (DCD):    2.224ns
    Source Clock Delay      (SCD):    1.698ns
    Clock Pessimism Removal (CPR):    0.526ns

    Location             Delay type                Incr(ns)  Path(ns)    Netlist Resource(s)
  -------------------------------------------------------------------    -------------------
                         (clock sys_clk rise edge)    0.000     0.000 r  
    H16                                               0.000     0.000 r  clock (IN)
                         net (fo=0)                   0.000     0.000    clock
    H16                  IBUF (Prop_ibuf_I_O)         0.219     0.219 r  clock_IBUF_inst/O
                         net (fo=1, routed)           0.842     1.060    clock_IBUF
    BUFGCTRL_X0Y16       BUFG (Prop_bufg_I_O)         0.026     1.086 r  clock_IBUF_BUFG_inst/O
                         net (fo=8212, routed)        0.612     1.698    CROSSHAIR/clock_IBUF_BUFG
    SLICE_X92Y46         FDRE                                         r  CROSSHAIR/crosshairFB_reg[2679]/C
  -------------------------------------------------------------------    -------------------
    SLICE_X92Y46         FDRE (Prop_fdre_C_Q)         0.164     1.862 r  CROSSHAIR/crosshairFB_reg[2679]/Q
                         net (fo=2, routed)           0.127     1.989    CROSSHAIR/crosshairFB[2679]
    SLICE_X92Y46         LUT6 (Prop_lut6_I5_O)        0.045     2.034 r  CROSSHAIR/crosshairFB[2679]_i_1/O
                         net (fo=1, routed)           0.000     2.034    CROSSHAIR/crosshairFB[2679]_i_1_n_0
    SLICE_X92Y46         FDRE                                         r  CROSSHAIR/crosshairFB_reg[2679]/D
  -------------------------------------------------------------------    -------------------

                         (clock sys_clk rise edge)    0.000     0.000 r  
    H16                                               0.000     0.000 r  clock (IN)
                         net (fo=0)                   0.000     0.000    clock
    H16                  IBUF (Prop_ibuf_I_O)         0.406     0.406 r  clock_IBUF_inst/O
                         net (fo=1, routed)           0.907     1.313    clock_IBUF
    BUFGCTRL_X0Y16       BUFG (Prop_bufg_I_O)         0.029     1.342 r  clock_IBUF_BUFG_inst/O
                         net (fo=8212, routed)        0.882     2.224    CROSSHAIR/clock_IBUF_BUFG
    SLICE_X92Y46         FDRE                                         r  CROSSHAIR/crosshairFB_reg[2679]/C
                         clock pessimism             -0.526     1.698    
    SLICE_X92Y46         FDRE (Hold_fdre_C_D)         0.121     1.819    CROSSHAIR/crosshairFB_reg[2679]
  -------------------------------------------------------------------
                         required time                         -1.819    
                         arrival time                           2.034    
  -------------------------------------------------------------------
                         slack                                  0.215    

Slack (MET) :             0.215ns  (arrival time - required time)
  Source:                 CROSSHAIR/crosshairFB_reg[6739]/C
                            (rising edge-triggered cell FDRE clocked by sys_clk  {rise@0.000ns fall@4.000ns period=8.000ns})
  Destination:            CROSSHAIR/crosshairFB_reg[6739]/D
                            (rising edge-triggered cell FDRE clocked by sys_clk  {rise@0.000ns fall@4.000ns period=8.000ns})
  Path Group:             sys_clk
  Path Type:              Hold (Min at Fast Process Corner)
  Requirement:            0.000ns  (sys_clk rise@0.000ns - sys_clk rise@0.000ns)
  Data Path Delay:        0.336ns  (logic 0.209ns (62.281%)  route 0.127ns (37.719%))
  Logic Levels:           1  (LUT6=1)
  Clock Path Skew:        0.000ns (DCD - SCD - CPR)
    Destination Clock Delay (DCD):    2.160ns
    Source Clock Delay      (SCD):    1.640ns
    Clock Pessimism Removal (CPR):    0.520ns

    Location             Delay type                Incr(ns)  Path(ns)    Netlist Resource(s)
  -------------------------------------------------------------------    -------------------
                         (clock sys_clk rise edge)    0.000     0.000 r  
    H16                                               0.000     0.000 r  clock (IN)
                         net (fo=0)                   0.000     0.000    clock
    H16                  IBUF (Prop_ibuf_I_O)         0.219     0.219 r  clock_IBUF_inst/O
                         net (fo=1, routed)           0.842     1.060    clock_IBUF
    BUFGCTRL_X0Y16       BUFG (Prop_bufg_I_O)         0.026     1.086 r  clock_IBUF_BUFG_inst/O
                         net (fo=8212, routed)        0.554     1.640    CROSSHAIR/clock_IBUF_BUFG
    SLICE_X32Y21         FDRE                                         r  CROSSHAIR/crosshairFB_reg[6739]/C
  -------------------------------------------------------------------    -------------------
    SLICE_X32Y21         FDRE (Prop_fdre_C_Q)         0.164     1.804 r  CROSSHAIR/crosshairFB_reg[6739]/Q
                         net (fo=2, routed)           0.127     1.931    CROSSHAIR/crosshairFB[6739]
    SLICE_X32Y21         LUT6 (Prop_lut6_I5_O)        0.045     1.976 r  CROSSHAIR/crosshairFB[6739]_i_1/O
                         net (fo=1, routed)           0.000     1.976    CROSSHAIR/crosshairFB[6739]_i_1_n_0
    SLICE_X32Y21         FDRE                                         r  CROSSHAIR/crosshairFB_reg[6739]/D
  -------------------------------------------------------------------    -------------------

                         (clock sys_clk rise edge)    0.000     0.000 r  
    H16                                               0.000     0.000 r  clock (IN)
                         net (fo=0)                   0.000     0.000    clock
    H16                  IBUF (Prop_ibuf_I_O)         0.406     0.406 r  clock_IBUF_inst/O
                         net (fo=1, routed)           0.907     1.313    clock_IBUF
    BUFGCTRL_X0Y16       BUFG (Prop_bufg_I_O)         0.029     1.342 r  clock_IBUF_BUFG_inst/O
                         net (fo=8212, routed)        0.818     2.160    CROSSHAIR/clock_IBUF_BUFG
    SLICE_X32Y21         FDRE                                         r  CROSSHAIR/crosshairFB_reg[6739]/C
                         clock pessimism             -0.520     1.640    
    SLICE_X32Y21         FDRE (Hold_fdre_C_D)         0.121     1.761    CROSSHAIR/crosshairFB_reg[6739]
  -------------------------------------------------------------------
                         required time                         -1.761    
                         arrival time                           1.976    
  -------------------------------------------------------------------
                         slack                                  0.215    

Slack (MET) :             0.216ns  (arrival time - required time)
  Source:                 CROSSHAIR/crosshairFB_reg[1935]/C
                            (rising edge-triggered cell FDRE clocked by sys_clk  {rise@0.000ns fall@4.000ns period=8.000ns})
  Destination:            CROSSHAIR/crosshairFB_reg[1935]/D
                            (rising edge-triggered cell FDRE clocked by sys_clk  {rise@0.000ns fall@4.000ns period=8.000ns})
  Path Group:             sys_clk
  Path Type:              Hold (Min at Fast Process Corner)
  Requirement:            0.000ns  (sys_clk rise@0.000ns - sys_clk rise@0.000ns)
  Data Path Delay:        0.308ns  (logic 0.186ns (60.473%)  route 0.122ns (39.527%))
  Logic Levels:           1  (LUT6=1)
  Clock Path Skew:        0.000ns (DCD - SCD - CPR)
    Destination Clock Delay (DCD):    2.214ns
    Source Clock Delay      (SCD):    1.690ns
    Clock Pessimism Removal (CPR):    0.524ns

    Location             Delay type                Incr(ns)  Path(ns)    Netlist Resource(s)
  -------------------------------------------------------------------    -------------------
                         (clock sys_clk rise edge)    0.000     0.000 r  
    H16                                               0.000     0.000 r  clock (IN)
                         net (fo=0)                   0.000     0.000    clock
    H16                  IBUF (Prop_ibuf_I_O)         0.219     0.219 r  clock_IBUF_inst/O
                         net (fo=1, routed)           0.842     1.060    clock_IBUF
    BUFGCTRL_X0Y16       BUFG (Prop_bufg_I_O)         0.026     1.086 r  clock_IBUF_BUFG_inst/O
                         net (fo=8212, routed)        0.604     1.690    CROSSHAIR/clock_IBUF_BUFG
    SLICE_X97Y29         FDRE                                         r  CROSSHAIR/crosshairFB_reg[1935]/C
  -------------------------------------------------------------------    -------------------
    SLICE_X97Y29         FDRE (Prop_fdre_C_Q)         0.141     1.831 r  CROSSHAIR/crosshairFB_reg[1935]/Q
                         net (fo=2, routed)           0.122     1.953    CROSSHAIR/crosshairFB[1935]
    SLICE_X97Y29         LUT6 (Prop_lut6_I5_O)        0.045     1.998 r  CROSSHAIR/crosshairFB[1935]_i_1/O
                         net (fo=1, routed)           0.000     1.998    CROSSHAIR/crosshairFB[1935]_i_1_n_0
    SLICE_X97Y29         FDRE                                         r  CROSSHAIR/crosshairFB_reg[1935]/D
  -------------------------------------------------------------------    -------------------

                         (clock sys_clk rise edge)    0.000     0.000 r  
    H16                                               0.000     0.000 r  clock (IN)
                         net (fo=0)                   0.000     0.000    clock
    H16                  IBUF (Prop_ibuf_I_O)         0.406     0.406 r  clock_IBUF_inst/O
                         net (fo=1, routed)           0.907     1.313    clock_IBUF
    BUFGCTRL_X0Y16       BUFG (Prop_bufg_I_O)         0.029     1.342 r  clock_IBUF_BUFG_inst/O
                         net (fo=8212, routed)        0.872     2.214    CROSSHAIR/clock_IBUF_BUFG
    SLICE_X97Y29         FDRE                                         r  CROSSHAIR/crosshairFB_reg[1935]/C
                         clock pessimism             -0.524     1.690    
    SLICE_X97Y29         FDRE (Hold_fdre_C_D)         0.092     1.782    CROSSHAIR/crosshairFB_reg[1935]
  -------------------------------------------------------------------
                         required time                         -1.782    
                         arrival time                           1.998    
  -------------------------------------------------------------------
                         slack                                  0.216    

Slack (MET) :             0.216ns  (arrival time - required time)
  Source:                 CROSSHAIR/crosshairFB_reg[7247]/C
                            (rising edge-triggered cell FDRE clocked by sys_clk  {rise@0.000ns fall@4.000ns period=8.000ns})
  Destination:            CROSSHAIR/crosshairFB_reg[7247]/D
                            (rising edge-triggered cell FDRE clocked by sys_clk  {rise@0.000ns fall@4.000ns period=8.000ns})
  Path Group:             sys_clk
  Path Type:              Hold (Min at Fast Process Corner)
  Requirement:            0.000ns  (sys_clk rise@0.000ns - sys_clk rise@0.000ns)
  Data Path Delay:        0.308ns  (logic 0.186ns (60.446%)  route 0.122ns (39.554%))
  Logic Levels:           1  (LUT6=1)
  Clock Path Skew:        0.000ns (DCD - SCD - CPR)
    Destination Clock Delay (DCD):    2.155ns
    Source Clock Delay      (SCD):    1.635ns
    Clock Pessimism Removal (CPR):    0.520ns

    Location             Delay type                Incr(ns)  Path(ns)    Netlist Resource(s)
  -------------------------------------------------------------------    -------------------
                         (clock sys_clk rise edge)    0.000     0.000 r  
    H16                                               0.000     0.000 r  clock (IN)
                         net (fo=0)                   0.000     0.000    clock
    H16                  IBUF (Prop_ibuf_I_O)         0.219     0.219 r  clock_IBUF_inst/O
                         net (fo=1, routed)           0.842     1.060    clock_IBUF
    BUFGCTRL_X0Y16       BUFG (Prop_bufg_I_O)         0.026     1.086 r  clock_IBUF_BUFG_inst/O
                         net (fo=8212, routed)        0.549     1.635    CROSSHAIR/clock_IBUF_BUFG
    SLICE_X45Y24         FDRE                                         r  CROSSHAIR/crosshairFB_reg[7247]/C
  -------------------------------------------------------------------    -------------------
    SLICE_X45Y24         FDRE (Prop_fdre_C_Q)         0.141     1.776 r  CROSSHAIR/crosshairFB_reg[7247]/Q
                         net (fo=2, routed)           0.122     1.898    CROSSHAIR/crosshairFB[7247]
    SLICE_X45Y24         LUT6 (Prop_lut6_I5_O)        0.045     1.943 r  CROSSHAIR/crosshairFB[7247]_i_1/O
                         net (fo=1, routed)           0.000     1.943    CROSSHAIR/crosshairFB[7247]_i_1_n_0
    SLICE_X45Y24         FDRE                                         r  CROSSHAIR/crosshairFB_reg[7247]/D
  -------------------------------------------------------------------    -------------------

                         (clock sys_clk rise edge)    0.000     0.000 r  
    H16                                               0.000     0.000 r  clock (IN)
                         net (fo=0)                   0.000     0.000    clock
    H16                  IBUF (Prop_ibuf_I_O)         0.406     0.406 r  clock_IBUF_inst/O
                         net (fo=1, routed)           0.907     1.313    clock_IBUF
    BUFGCTRL_X0Y16       BUFG (Prop_bufg_I_O)         0.029     1.342 r  clock_IBUF_BUFG_inst/O
                         net (fo=8212, routed)        0.813     2.155    CROSSHAIR/clock_IBUF_BUFG
    SLICE_X45Y24         FDRE                                         r  CROSSHAIR/crosshairFB_reg[7247]/C
                         clock pessimism             -0.520     1.635    
    SLICE_X45Y24         FDRE (Hold_fdre_C_D)         0.092     1.727    CROSSHAIR/crosshairFB_reg[7247]
  -------------------------------------------------------------------
                         required time                         -1.727    
                         arrival time                           1.943    
  -------------------------------------------------------------------
                         slack                                  0.216    

Slack (MET) :             0.216ns  (arrival time - required time)
  Source:                 CROSSHAIR/crosshairFB_reg[1165]/C
                            (rising edge-triggered cell FDRE clocked by sys_clk  {rise@0.000ns fall@4.000ns period=8.000ns})
  Destination:            CROSSHAIR/crosshairFB_reg[1165]/D
                            (rising edge-triggered cell FDRE clocked by sys_clk  {rise@0.000ns fall@4.000ns period=8.000ns})
  Path Group:             sys_clk
  Path Type:              Hold (Min at Fast Process Corner)
  Requirement:            0.000ns  (sys_clk rise@0.000ns - sys_clk rise@0.000ns)
  Data Path Delay:        0.308ns  (logic 0.186ns (60.417%)  route 0.122ns (39.583%))
  Logic Levels:           1  (LUT6=1)
  Clock Path Skew:        0.000ns (DCD - SCD - CPR)
    Destination Clock Delay (DCD):    2.194ns
    Source Clock Delay      (SCD):    1.670ns
    Clock Pessimism Removal (CPR):    0.524ns

    Location             Delay type                Incr(ns)  Path(ns)    Netlist Resource(s)
  -------------------------------------------------------------------    -------------------
                         (clock sys_clk rise edge)    0.000     0.000 r  
    H16                                               0.000     0.000 r  clock (IN)
                         net (fo=0)                   0.000     0.000    clock
    H16                  IBUF (Prop_ibuf_I_O)         0.219     0.219 r  clock_IBUF_inst/O
                         net (fo=1, routed)           0.842     1.060    clock_IBUF
    BUFGCTRL_X0Y16       BUFG (Prop_bufg_I_O)         0.026     1.086 r  clock_IBUF_BUFG_inst/O
                         net (fo=8212, routed)        0.584     1.670    CROSSHAIR/clock_IBUF_BUFG
    SLICE_X77Y36         FDRE                                         r  CROSSHAIR/crosshairFB_reg[1165]/C
  -------------------------------------------------------------------    -------------------
    SLICE_X77Y36         FDRE (Prop_fdre_C_Q)         0.141     1.811 r  CROSSHAIR/crosshairFB_reg[1165]/Q
                         net (fo=2, routed)           0.122     1.933    CROSSHAIR/crosshairFB[1165]
    SLICE_X77Y36         LUT6 (Prop_lut6_I5_O)        0.045     1.978 r  CROSSHAIR/crosshairFB[1165]_i_1/O
                         net (fo=1, routed)           0.000     1.978    CROSSHAIR/crosshairFB[1165]_i_1_n_0
    SLICE_X77Y36         FDRE                                         r  CROSSHAIR/crosshairFB_reg[1165]/D
  -------------------------------------------------------------------    -------------------

                         (clock sys_clk rise edge)    0.000     0.000 r  
    H16                                               0.000     0.000 r  clock (IN)
                         net (fo=0)                   0.000     0.000    clock
    H16                  IBUF (Prop_ibuf_I_O)         0.406     0.406 r  clock_IBUF_inst/O
                         net (fo=1, routed)           0.907     1.313    clock_IBUF
    BUFGCTRL_X0Y16       BUFG (Prop_bufg_I_O)         0.029     1.342 r  clock_IBUF_BUFG_inst/O
                         net (fo=8212, routed)        0.852     2.194    CROSSHAIR/clock_IBUF_BUFG
    SLICE_X77Y36         FDRE                                         r  CROSSHAIR/crosshairFB_reg[1165]/C
                         clock pessimism             -0.524     1.670    
    SLICE_X77Y36         FDRE (Hold_fdre_C_D)         0.092     1.762    CROSSHAIR/crosshairFB_reg[1165]
  -------------------------------------------------------------------
                         required time                         -1.762    
                         arrival time                           1.978    
  -------------------------------------------------------------------
                         slack                                  0.216    

Slack (MET) :             0.216ns  (arrival time - required time)
  Source:                 CROSSHAIR/crosshairFB_reg[3842]/C
                            (rising edge-triggered cell FDRE clocked by sys_clk  {rise@0.000ns fall@4.000ns period=8.000ns})
  Destination:            CROSSHAIR/crosshairFB_reg[3842]/D
                            (rising edge-triggered cell FDRE clocked by sys_clk  {rise@0.000ns fall@4.000ns period=8.000ns})
  Path Group:             sys_clk
  Path Type:              Hold (Min at Fast Process Corner)
  Requirement:            0.000ns  (sys_clk rise@0.000ns - sys_clk rise@0.000ns)
  Data Path Delay:        0.308ns  (logic 0.186ns (60.417%)  route 0.122ns (39.583%))
  Logic Levels:           1  (LUT6=1)
  Clock Path Skew:        0.000ns (DCD - SCD - CPR)
    Destination Clock Delay (DCD):    2.182ns
    Source Clock Delay      (SCD):    1.659ns
    Clock Pessimism Removal (CPR):    0.523ns

    Location             Delay type                Incr(ns)  Path(ns)    Netlist Resource(s)
  -------------------------------------------------------------------    -------------------
                         (clock sys_clk rise edge)    0.000     0.000 r  
    H16                                               0.000     0.000 r  clock (IN)
                         net (fo=0)                   0.000     0.000    clock
    H16                  IBUF (Prop_ibuf_I_O)         0.219     0.219 r  clock_IBUF_inst/O
                         net (fo=1, routed)           0.842     1.060    clock_IBUF
    BUFGCTRL_X0Y16       BUFG (Prop_bufg_I_O)         0.026     1.086 r  clock_IBUF_BUFG_inst/O
                         net (fo=8212, routed)        0.573     1.659    CROSSHAIR/clock_IBUF_BUFG
    SLICE_X87Y72         FDRE                                         r  CROSSHAIR/crosshairFB_reg[3842]/C
  -------------------------------------------------------------------    -------------------
    SLICE_X87Y72         FDRE (Prop_fdre_C_Q)         0.141     1.800 r  CROSSHAIR/crosshairFB_reg[3842]/Q
                         net (fo=2, routed)           0.122     1.922    CROSSHAIR/crosshairFB[3842]
    SLICE_X87Y72         LUT6 (Prop_lut6_I5_O)        0.045     1.967 r  CROSSHAIR/crosshairFB[3842]_i_1/O
                         net (fo=1, routed)           0.000     1.967    CROSSHAIR/crosshairFB[3842]_i_1_n_0
    SLICE_X87Y72         FDRE                                         r  CROSSHAIR/crosshairFB_reg[3842]/D
  -------------------------------------------------------------------    -------------------

                         (clock sys_clk rise edge)    0.000     0.000 r  
    H16                                               0.000     0.000 r  clock (IN)
                         net (fo=0)                   0.000     0.000    clock
    H16                  IBUF (Prop_ibuf_I_O)         0.406     0.406 r  clock_IBUF_inst/O
                         net (fo=1, routed)           0.907     1.313    clock_IBUF
    BUFGCTRL_X0Y16       BUFG (Prop_bufg_I_O)         0.029     1.342 r  clock_IBUF_BUFG_inst/O
                         net (fo=8212, routed)        0.840     2.182    CROSSHAIR/clock_IBUF_BUFG
    SLICE_X87Y72         FDRE                                         r  CROSSHAIR/crosshairFB_reg[3842]/C
                         clock pessimism             -0.523     1.659    
    SLICE_X87Y72         FDRE (Hold_fdre_C_D)         0.092     1.751    CROSSHAIR/crosshairFB_reg[3842]
  -------------------------------------------------------------------
                         required time                         -1.751    
                         arrival time                           1.967    
  -------------------------------------------------------------------
                         slack                                  0.216    

Slack (MET) :             0.216ns  (arrival time - required time)
  Source:                 CROSSHAIR/crosshairFB_reg[7452]/C
                            (rising edge-triggered cell FDRE clocked by sys_clk  {rise@0.000ns fall@4.000ns period=8.000ns})
  Destination:            CROSSHAIR/crosshairFB_reg[7452]/D
                            (rising edge-triggered cell FDRE clocked by sys_clk  {rise@0.000ns fall@4.000ns period=8.000ns})
  Path Group:             sys_clk
  Path Type:              Hold (Min at Fast Process Corner)
  Requirement:            0.000ns  (sys_clk rise@0.000ns - sys_clk rise@0.000ns)
  Data Path Delay:        0.337ns  (logic 0.209ns (62.033%)  route 0.128ns (37.967%))
  Logic Levels:           1  (LUT6=1)
  Clock Path Skew:        0.000ns (DCD - SCD - CPR)
    Destination Clock Delay (DCD):    2.169ns
    Source Clock Delay      (SCD):    1.646ns
    Clock Pessimism Removal (CPR):    0.523ns

    Location             Delay type                Incr(ns)  Path(ns)    Netlist Resource(s)
  -------------------------------------------------------------------    -------------------
                         (clock sys_clk rise edge)    0.000     0.000 r  
    H16                                               0.000     0.000 r  clock (IN)
                         net (fo=0)                   0.000     0.000    clock
    H16                  IBUF (Prop_ibuf_I_O)         0.219     0.219 r  clock_IBUF_inst/O
                         net (fo=1, routed)           0.842     1.060    clock_IBUF
    BUFGCTRL_X0Y16       BUFG (Prop_bufg_I_O)         0.026     1.086 r  clock_IBUF_BUFG_inst/O
                         net (fo=8212, routed)        0.560     1.646    CROSSHAIR/clock_IBUF_BUFG
    SLICE_X36Y39         FDRE                                         r  CROSSHAIR/crosshairFB_reg[7452]/C
  -------------------------------------------------------------------    -------------------
    SLICE_X36Y39         FDRE (Prop_fdre_C_Q)         0.164     1.810 r  CROSSHAIR/crosshairFB_reg[7452]/Q
                         net (fo=2, routed)           0.128     1.938    CROSSHAIR/crosshairFB[7452]
    SLICE_X36Y39         LUT6 (Prop_lut6_I5_O)        0.045     1.983 r  CROSSHAIR/crosshairFB[7452]_i_1/O
                         net (fo=1, routed)           0.000     1.983    CROSSHAIR/crosshairFB[7452]_i_1_n_0
    SLICE_X36Y39         FDRE                                         r  CROSSHAIR/crosshairFB_reg[7452]/D
  -------------------------------------------------------------------    -------------------

                         (clock sys_clk rise edge)    0.000     0.000 r  
    H16                                               0.000     0.000 r  clock (IN)
                         net (fo=0)                   0.000     0.000    clock
    H16                  IBUF (Prop_ibuf_I_O)         0.406     0.406 r  clock_IBUF_inst/O
                         net (fo=1, routed)           0.907     1.313    clock_IBUF
    BUFGCTRL_X0Y16       BUFG (Prop_bufg_I_O)         0.029     1.342 r  clock_IBUF_BUFG_inst/O
                         net (fo=8212, routed)        0.827     2.169    CROSSHAIR/clock_IBUF_BUFG
    SLICE_X36Y39         FDRE                                         r  CROSSHAIR/crosshairFB_reg[7452]/C
                         clock pessimism             -0.523     1.646    
    SLICE_X36Y39         FDRE (Hold_fdre_C_D)         0.121     1.767    CROSSHAIR/crosshairFB_reg[7452]
  -------------------------------------------------------------------
                         required time                         -1.767    
                         arrival time                           1.983    
  -------------------------------------------------------------------
                         slack                                  0.216    





Pulse Width Checks
--------------------------------------------------------------------------------------
Clock Name:         sys_clk
Waveform(ns):       { 0.000 4.000 }
Period(ns):         8.000
Sources:            { clock }

Check Type        Corner  Lib Pin  Reference Pin  Required(ns)  Actual(ns)  Slack(ns)  Location        Pin
Min Period        n/a     BUFG/I   n/a            2.155         8.000       5.845      BUFGCTRL_X0Y16  clock_IBUF_BUFG_inst/I
Min Period        n/a     FDRE/C   n/a            1.000         8.000       7.000      SLICE_X62Y40    CROSSHAIR/Xr_reg[0]/C
Min Period        n/a     FDRE/C   n/a            1.000         8.000       7.000      SLICE_X61Y41    CROSSHAIR/Xr_reg[1]/C
Min Period        n/a     FDRE/C   n/a            1.000         8.000       7.000      SLICE_X62Y41    CROSSHAIR/Xr_reg[2]/C
Min Period        n/a     FDRE/C   n/a            1.000         8.000       7.000      SLICE_X63Y41    CROSSHAIR/Xr_reg[3]/C
Min Period        n/a     FDRE/C   n/a            1.000         8.000       7.000      SLICE_X62Y41    CROSSHAIR/Xr_reg[4]/C
Min Period        n/a     FDRE/C   n/a            1.000         8.000       7.000      SLICE_X62Y41    CROSSHAIR/Xr_reg[5]/C
Min Period        n/a     FDRE/C   n/a            1.000         8.000       7.000      SLICE_X63Y41    CROSSHAIR/Xr_reg[6]/C
Min Period        n/a     FDRE/C   n/a            1.000         8.000       7.000      SLICE_X62Y41    CROSSHAIR/Yr_reg[0]/C
Min Period        n/a     FDRE/C   n/a            1.000         8.000       7.000      SLICE_X60Y40    CROSSHAIR/Yr_reg[1]/C
Low Pulse Width   Slow    FDRE/C   n/a            0.500         4.000       3.500      SLICE_X62Y40    CROSSHAIR/Xr_reg[0]/C
Low Pulse Width   Fast    FDRE/C   n/a            0.500         4.000       3.500      SLICE_X62Y40    CROSSHAIR/Xr_reg[0]/C
Low Pulse Width   Slow    FDRE/C   n/a            0.500         4.000       3.500      SLICE_X61Y41    CROSSHAIR/Xr_reg[1]/C
Low Pulse Width   Fast    FDRE/C   n/a            0.500         4.000       3.500      SLICE_X61Y41    CROSSHAIR/Xr_reg[1]/C
Low Pulse Width   Slow    FDRE/C   n/a            0.500         4.000       3.500      SLICE_X62Y41    CROSSHAIR/Xr_reg[2]/C
Low Pulse Width   Fast    FDRE/C   n/a            0.500         4.000       3.500      SLICE_X62Y41    CROSSHAIR/Xr_reg[2]/C
Low Pulse Width   Slow    FDRE/C   n/a            0.500         4.000       3.500      SLICE_X63Y41    CROSSHAIR/Xr_reg[3]/C
Low Pulse Width   Fast    FDRE/C   n/a            0.500         4.000       3.500      SLICE_X63Y41    CROSSHAIR/Xr_reg[3]/C
Low Pulse Width   Slow    FDRE/C   n/a            0.500         4.000       3.500      SLICE_X62Y41    CROSSHAIR/Xr_reg[4]/C
Low Pulse Width   Fast    FDRE/C   n/a            0.500         4.000       3.500      SLICE_X62Y41    CROSSHAIR/Xr_reg[4]/C
High Pulse Width  Slow    FDRE/C   n/a            0.500         4.000       3.500      SLICE_X62Y40    CROSSHAIR/Xr_reg[0]/C
High Pulse Width  Fast    FDRE/C   n/a            0.500         4.000       3.500      SLICE_X62Y40    CROSSHAIR/Xr_reg[0]/C
High Pulse Width  Slow    FDRE/C   n/a            0.500         4.000       3.500      SLICE_X61Y41    CROSSHAIR/Xr_reg[1]/C
High Pulse Width  Fast    FDRE/C   n/a            0.500         4.000       3.500      SLICE_X61Y41    CROSSHAIR/Xr_reg[1]/C
High Pulse Width  Slow    FDRE/C   n/a            0.500         4.000       3.500      SLICE_X62Y41    CROSSHAIR/Xr_reg[2]/C
High Pulse Width  Fast    FDRE/C   n/a            0.500         4.000       3.500      SLICE_X62Y41    CROSSHAIR/Xr_reg[2]/C
High Pulse Width  Slow    FDRE/C   n/a            0.500         4.000       3.500      SLICE_X63Y41    CROSSHAIR/Xr_reg[3]/C
High Pulse Width  Fast    FDRE/C   n/a            0.500         4.000       3.500      SLICE_X63Y41    CROSSHAIR/Xr_reg[3]/C
High Pulse Width  Slow    FDRE/C   n/a            0.500         4.000       3.500      SLICE_X62Y41    CROSSHAIR/Xr_reg[4]/C
High Pulse Width  Fast    FDRE/C   n/a            0.500         4.000       3.500      SLICE_X62Y41    CROSSHAIR/Xr_reg[4]/C



--------------------------------------------------------------------------------------
Path Group:  (none)
From Clock:  
  To Clock:  

Max Delay         29324 Endpoints
Min Delay         29324 Endpoints
--------------------------------------------------------------------------------------


Max Delay Paths
--------------------------------------------------------------------------------------
Slack:                    inf
  Source:                 reset
                            (input port)
  Destination:            PIPELINE/DMEM/mem_reg[1004][0]/CLR
  Path Group:             (none)
  Path Type:              Max at Slow Process Corner
  Data Path Delay:        64.226ns  (logic 1.463ns (2.278%)  route 62.763ns (97.721%))
  Logic Levels:           1  (IBUF=1)

    Location             Delay type                Incr(ns)  Path(ns)    Netlist Resource(s)
  -------------------------------------------------------------------    -------------------
    D19                                               0.000     0.000 f  reset (IN)
                         net (fo=0)                   0.000     0.000    reset
    D19                  IBUF (Prop_ibuf_I_O)         1.463     1.463 f  reset_IBUF_inst/O
                         net (fo=9980, routed)       62.763    64.226    PIPELINE/DMEM/reset_IBUF
    SLICE_X38Y2          FDCE                                         f  PIPELINE/DMEM/mem_reg[1004][0]/CLR
  -------------------------------------------------------------------    -------------------

Slack:                    inf
  Source:                 reset
                            (input port)
  Destination:            PIPELINE/DMEM/mem_reg[996][6]/CLR
  Path Group:             (none)
  Path Type:              Max at Slow Process Corner
  Data Path Delay:        64.226ns  (logic 1.463ns (2.278%)  route 62.763ns (97.721%))
  Logic Levels:           1  (IBUF=1)

    Location             Delay type                Incr(ns)  Path(ns)    Netlist Resource(s)
  -------------------------------------------------------------------    -------------------
    D19                                               0.000     0.000 f  reset (IN)
                         net (fo=0)                   0.000     0.000    reset
    D19                  IBUF (Prop_ibuf_I_O)         1.463     1.463 f  reset_IBUF_inst/O
                         net (fo=9980, routed)       62.763    64.226    PIPELINE/DMEM/reset_IBUF
    SLICE_X39Y2          FDCE                                         f  PIPELINE/DMEM/mem_reg[996][6]/CLR
  -------------------------------------------------------------------    -------------------

Slack:                    inf
  Source:                 reset
                            (input port)
  Destination:            PIPELINE/DMEM/mem_reg[996][7]/CLR
  Path Group:             (none)
  Path Type:              Max at Slow Process Corner
  Data Path Delay:        64.226ns  (logic 1.463ns (2.278%)  route 62.763ns (97.721%))
  Logic Levels:           1  (IBUF=1)

    Location             Delay type                Incr(ns)  Path(ns)    Netlist Resource(s)
  -------------------------------------------------------------------    -------------------
    D19                                               0.000     0.000 f  reset (IN)
                         net (fo=0)                   0.000     0.000    reset
    D19                  IBUF (Prop_ibuf_I_O)         1.463     1.463 f  reset_IBUF_inst/O
                         net (fo=9980, routed)       62.763    64.226    PIPELINE/DMEM/reset_IBUF
    SLICE_X39Y2          FDCE                                         f  PIPELINE/DMEM/mem_reg[996][7]/CLR
  -------------------------------------------------------------------    -------------------

Slack:                    inf
  Source:                 reset
                            (input port)
  Destination:            PIPELINE/DMEM/mem_reg[998][1]/CLR
  Path Group:             (none)
  Path Type:              Max at Slow Process Corner
  Data Path Delay:        64.213ns  (logic 1.463ns (2.279%)  route 62.749ns (97.721%))
  Logic Levels:           1  (IBUF=1)

    Location             Delay type                Incr(ns)  Path(ns)    Netlist Resource(s)
  -------------------------------------------------------------------    -------------------
    D19                                               0.000     0.000 f  reset (IN)
                         net (fo=0)                   0.000     0.000    reset
    D19                  IBUF (Prop_ibuf_I_O)         1.463     1.463 f  reset_IBUF_inst/O
                         net (fo=9980, routed)       62.749    64.213    PIPELINE/DMEM/reset_IBUF
    SLICE_X36Y2          FDCE                                         f  PIPELINE/DMEM/mem_reg[998][1]/CLR
  -------------------------------------------------------------------    -------------------

Slack:                    inf
  Source:                 reset
                            (input port)
  Destination:            PIPELINE/DMEM/mem_reg[998][2]/CLR
  Path Group:             (none)
  Path Type:              Max at Slow Process Corner
  Data Path Delay:        64.213ns  (logic 1.463ns (2.279%)  route 62.749ns (97.721%))
  Logic Levels:           1  (IBUF=1)

    Location             Delay type                Incr(ns)  Path(ns)    Netlist Resource(s)
  -------------------------------------------------------------------    -------------------
    D19                                               0.000     0.000 f  reset (IN)
                         net (fo=0)                   0.000     0.000    reset
    D19                  IBUF (Prop_ibuf_I_O)         1.463     1.463 f  reset_IBUF_inst/O
                         net (fo=9980, routed)       62.749    64.213    PIPELINE/DMEM/reset_IBUF
    SLICE_X36Y2          FDCE                                         f  PIPELINE/DMEM/mem_reg[998][2]/CLR
  -------------------------------------------------------------------    -------------------

Slack:                    inf
  Source:                 reset
                            (input port)
  Destination:            PIPELINE/DMEM/mem_reg[964][4]/CLR
  Path Group:             (none)
  Path Type:              Max at Slow Process Corner
  Data Path Delay:        64.207ns  (logic 1.463ns (2.279%)  route 62.744ns (97.721%))
  Logic Levels:           1  (IBUF=1)

    Location             Delay type                Incr(ns)  Path(ns)    Netlist Resource(s)
  -------------------------------------------------------------------    -------------------
    D19                                               0.000     0.000 f  reset (IN)
                         net (fo=0)                   0.000     0.000    reset
    D19                  IBUF (Prop_ibuf_I_O)         1.463     1.463 f  reset_IBUF_inst/O
                         net (fo=9980, routed)       62.744    64.207    PIPELINE/DMEM/reset_IBUF
    SLICE_X34Y6          FDCE                                         f  PIPELINE/DMEM/mem_reg[964][4]/CLR
  -------------------------------------------------------------------    -------------------

Slack:                    inf
  Source:                 reset
                            (input port)
  Destination:            PIPELINE/DMEM/mem_reg[990][3]/CLR
  Path Group:             (none)
  Path Type:              Max at Slow Process Corner
  Data Path Delay:        64.207ns  (logic 1.463ns (2.279%)  route 62.744ns (97.721%))
  Logic Levels:           1  (IBUF=1)

    Location             Delay type                Incr(ns)  Path(ns)    Netlist Resource(s)
  -------------------------------------------------------------------    -------------------
    D19                                               0.000     0.000 f  reset (IN)
                         net (fo=0)                   0.000     0.000    reset
    D19                  IBUF (Prop_ibuf_I_O)         1.463     1.463 f  reset_IBUF_inst/O
                         net (fo=9980, routed)       62.744    64.207    PIPELINE/DMEM/reset_IBUF
    SLICE_X35Y6          FDCE                                         f  PIPELINE/DMEM/mem_reg[990][3]/CLR
  -------------------------------------------------------------------    -------------------

Slack:                    inf
  Source:                 reset
                            (input port)
  Destination:            PIPELINE/DMEM/mem_reg[990][4]/CLR
  Path Group:             (none)
  Path Type:              Max at Slow Process Corner
  Data Path Delay:        64.207ns  (logic 1.463ns (2.279%)  route 62.744ns (97.721%))
  Logic Levels:           1  (IBUF=1)

    Location             Delay type                Incr(ns)  Path(ns)    Netlist Resource(s)
  -------------------------------------------------------------------    -------------------
    D19                                               0.000     0.000 f  reset (IN)
                         net (fo=0)                   0.000     0.000    reset
    D19                  IBUF (Prop_ibuf_I_O)         1.463     1.463 f  reset_IBUF_inst/O
                         net (fo=9980, routed)       62.744    64.207    PIPELINE/DMEM/reset_IBUF
    SLICE_X35Y6          FDCE                                         f  PIPELINE/DMEM/mem_reg[990][4]/CLR
  -------------------------------------------------------------------    -------------------

Slack:                    inf
  Source:                 reset
                            (input port)
  Destination:            PIPELINE/DMEM/mem_reg[990][5]/CLR
  Path Group:             (none)
  Path Type:              Max at Slow Process Corner
  Data Path Delay:        64.207ns  (logic 1.463ns (2.279%)  route 62.744ns (97.721%))
  Logic Levels:           1  (IBUF=1)

    Location             Delay type                Incr(ns)  Path(ns)    Netlist Resource(s)
  -------------------------------------------------------------------    -------------------
    D19                                               0.000     0.000 f  reset (IN)
                         net (fo=0)                   0.000     0.000    reset
    D19                  IBUF (Prop_ibuf_I_O)         1.463     1.463 f  reset_IBUF_inst/O
                         net (fo=9980, routed)       62.744    64.207    PIPELINE/DMEM/reset_IBUF
    SLICE_X35Y6          FDCE                                         f  PIPELINE/DMEM/mem_reg[990][5]/CLR
  -------------------------------------------------------------------    -------------------

Slack:                    inf
  Source:                 reset
                            (input port)
  Destination:            PIPELINE/DMEM/mem_reg[990][6]/CLR
  Path Group:             (none)
  Path Type:              Max at Slow Process Corner
  Data Path Delay:        64.207ns  (logic 1.463ns (2.279%)  route 62.744ns (97.721%))
  Logic Levels:           1  (IBUF=1)

    Location             Delay type                Incr(ns)  Path(ns)    Netlist Resource(s)
  -------------------------------------------------------------------    -------------------
    D19                                               0.000     0.000 f  reset (IN)
                         net (fo=0)                   0.000     0.000    reset
    D19                  IBUF (Prop_ibuf_I_O)         1.463     1.463 f  reset_IBUF_inst/O
                         net (fo=9980, routed)       62.744    64.207    PIPELINE/DMEM/reset_IBUF
    SLICE_X35Y6          FDCE                                         f  PIPELINE/DMEM/mem_reg[990][6]/CLR
  -------------------------------------------------------------------    -------------------





Min Delay Paths
--------------------------------------------------------------------------------------
Slack:                    inf
  Source:                 PIPELINE/EX_MEM/ex_mem_RD_out_reg[0]/C
                            (rising edge-triggered cell FDCE)
  Destination:            PIPELINE/MEM_WB/mem_wb_RD_out_reg[0]/D
  Path Group:             (none)
  Path Type:              Min at Fast Process Corner
  Data Path Delay:        0.243ns  (logic 0.164ns (67.452%)  route 0.079ns (32.548%))
  Logic Levels:           1  (FDCE=1)

    Location             Delay type                Incr(ns)  Path(ns)    Netlist Resource(s)
  -------------------------------------------------------------------    -------------------
    SLICE_X62Y105        FDCE                         0.000     0.000 r  PIPELINE/EX_MEM/ex_mem_RD_out_reg[0]/C
    SLICE_X62Y105        FDCE (Prop_fdce_C_Q)         0.164     0.164 r  PIPELINE/EX_MEM/ex_mem_RD_out_reg[0]/Q
                         net (fo=5, routed)           0.079     0.243    PIPELINE/MEM_WB/mem_wb_RD_out_reg[4]_0[0]
    SLICE_X62Y105        FDCE                                         r  PIPELINE/MEM_WB/mem_wb_RD_out_reg[0]/D
  -------------------------------------------------------------------    -------------------

Slack:                    inf
  Source:                 PIPELINE/EX_MEM/ex_mem_NPC_out_reg[24]/C
                            (rising edge-triggered cell FDCE)
  Destination:            PIPELINE/MEM_WB/mem_wb_NPC_out_reg[24]/D
  Path Group:             (none)
  Path Type:              Min at Fast Process Corner
  Data Path Delay:        0.247ns  (logic 0.128ns (51.736%)  route 0.119ns (48.264%))
  Logic Levels:           1  (FDCE=1)

    Location             Delay type                Incr(ns)  Path(ns)    Netlist Resource(s)
  -------------------------------------------------------------------    -------------------
    SLICE_X63Y102        FDCE                         0.000     0.000 r  PIPELINE/EX_MEM/ex_mem_NPC_out_reg[24]/C
    SLICE_X63Y102        FDCE (Prop_fdce_C_Q)         0.128     0.128 r  PIPELINE/EX_MEM/ex_mem_NPC_out_reg[24]/Q
                         net (fo=1, routed)           0.119     0.247    PIPELINE/MEM_WB/D[24]
    SLICE_X63Y102        FDCE                                         r  PIPELINE/MEM_WB/mem_wb_NPC_out_reg[24]/D
  -------------------------------------------------------------------    -------------------

Slack:                    inf
  Source:                 PIPELINE/EX_MEM/ex_mem_NPC_out_reg[30]/C
                            (rising edge-triggered cell FDCE)
  Destination:            PIPELINE/MEM_WB/mem_wb_NPC_out_reg[30]/D
  Path Group:             (none)
  Path Type:              Min at Fast Process Corner
  Data Path Delay:        0.247ns  (logic 0.128ns (51.736%)  route 0.119ns (48.264%))
  Logic Levels:           1  (FDCE=1)

    Location             Delay type                Incr(ns)  Path(ns)    Netlist Resource(s)
  -------------------------------------------------------------------    -------------------
    SLICE_X63Y104        FDCE                         0.000     0.000 r  PIPELINE/EX_MEM/ex_mem_NPC_out_reg[30]/C
    SLICE_X63Y104        FDCE (Prop_fdce_C_Q)         0.128     0.128 r  PIPELINE/EX_MEM/ex_mem_NPC_out_reg[30]/Q
                         net (fo=1, routed)           0.119     0.247    PIPELINE/MEM_WB/D[30]
    SLICE_X63Y104        FDCE                                         r  PIPELINE/MEM_WB/mem_wb_NPC_out_reg[30]/D
  -------------------------------------------------------------------    -------------------

Slack:                    inf
  Source:                 PIPELINE/EX_MEM/ex_mem_NPC_out_reg[4]/C
                            (rising edge-triggered cell FDCE)
  Destination:            PIPELINE/MEM_WB/mem_wb_NPC_out_reg[4]/D
  Path Group:             (none)
  Path Type:              Min at Fast Process Corner
  Data Path Delay:        0.247ns  (logic 0.128ns (51.736%)  route 0.119ns (48.264%))
  Logic Levels:           1  (FDCE=1)

    Location             Delay type                Incr(ns)  Path(ns)    Netlist Resource(s)
  -------------------------------------------------------------------    -------------------
    SLICE_X65Y93         FDCE                         0.000     0.000 r  PIPELINE/EX_MEM/ex_mem_NPC_out_reg[4]/C
    SLICE_X65Y93         FDCE (Prop_fdce_C_Q)         0.128     0.128 r  PIPELINE/EX_MEM/ex_mem_NPC_out_reg[4]/Q
                         net (fo=1, routed)           0.119     0.247    PIPELINE/MEM_WB/D[4]
    SLICE_X65Y93         FDCE                                         r  PIPELINE/MEM_WB/mem_wb_NPC_out_reg[4]/D
  -------------------------------------------------------------------    -------------------

Slack:                    inf
  Source:                 PIPELINE/EX_MEM/ex_mem_NPC_out_reg[6]/C
                            (rising edge-triggered cell FDCE)
  Destination:            PIPELINE/MEM_WB/mem_wb_NPC_out_reg[6]/D
  Path Group:             (none)
  Path Type:              Min at Fast Process Corner
  Data Path Delay:        0.247ns  (logic 0.128ns (51.736%)  route 0.119ns (48.264%))
  Logic Levels:           1  (FDCE=1)

    Location             Delay type                Incr(ns)  Path(ns)    Netlist Resource(s)
  -------------------------------------------------------------------    -------------------
    SLICE_X67Y91         FDCE                         0.000     0.000 r  PIPELINE/EX_MEM/ex_mem_NPC_out_reg[6]/C
    SLICE_X67Y91         FDCE (Prop_fdce_C_Q)         0.128     0.128 r  PIPELINE/EX_MEM/ex_mem_NPC_out_reg[6]/Q
                         net (fo=1, routed)           0.119     0.247    PIPELINE/MEM_WB/D[6]
    SLICE_X67Y91         FDCE                                         r  PIPELINE/MEM_WB/mem_wb_NPC_out_reg[6]/D
  -------------------------------------------------------------------    -------------------

Slack:                    inf
  Source:                 PIPELINE/EX_MEM/ex_mem_NPC_out_reg[8]/C
                            (rising edge-triggered cell FDCE)
  Destination:            PIPELINE/MEM_WB/mem_wb_NPC_out_reg[8]/D
  Path Group:             (none)
  Path Type:              Min at Fast Process Corner
  Data Path Delay:        0.247ns  (logic 0.128ns (51.736%)  route 0.119ns (48.264%))
  Logic Levels:           1  (FDCE=1)

    Location             Delay type                Incr(ns)  Path(ns)    Netlist Resource(s)
  -------------------------------------------------------------------    -------------------
    SLICE_X80Y95         FDCE                         0.000     0.000 r  PIPELINE/EX_MEM/ex_mem_NPC_out_reg[8]/C
    SLICE_X80Y95         FDCE (Prop_fdce_C_Q)         0.128     0.128 r  PIPELINE/EX_MEM/ex_mem_NPC_out_reg[8]/Q
                         net (fo=1, routed)           0.119     0.247    PIPELINE/MEM_WB/D[8]
    SLICE_X80Y95         FDCE                                         r  PIPELINE/MEM_WB/mem_wb_NPC_out_reg[8]/D
  -------------------------------------------------------------------    -------------------

Slack:                    inf
  Source:                 PIPELINE/EX_MEM/ex_mem_NPC_out_reg[9]/C
                            (rising edge-triggered cell FDCE)
  Destination:            PIPELINE/MEM_WB/mem_wb_NPC_out_reg[9]/D
  Path Group:             (none)
  Path Type:              Min at Fast Process Corner
  Data Path Delay:        0.247ns  (logic 0.128ns (51.736%)  route 0.119ns (48.264%))
  Logic Levels:           1  (FDCE=1)

    Location             Delay type                Incr(ns)  Path(ns)    Netlist Resource(s)
  -------------------------------------------------------------------    -------------------
    SLICE_X64Y93         FDCE                         0.000     0.000 r  PIPELINE/EX_MEM/ex_mem_NPC_out_reg[9]/C
    SLICE_X64Y93         FDCE (Prop_fdce_C_Q)         0.128     0.128 r  PIPELINE/EX_MEM/ex_mem_NPC_out_reg[9]/Q
                         net (fo=1, routed)           0.119     0.247    PIPELINE/MEM_WB/D[9]
    SLICE_X64Y93         FDCE                                         r  PIPELINE/MEM_WB/mem_wb_NPC_out_reg[9]/D
  -------------------------------------------------------------------    -------------------

Slack:                    inf
  Source:                 PIPELINE/EX_MEM/ex_mem_NPC_out_reg[20]/C
                            (rising edge-triggered cell FDCE)
  Destination:            PIPELINE/MEM_WB/mem_wb_NPC_out_reg[20]/D
  Path Group:             (none)
  Path Type:              Min at Fast Process Corner
  Data Path Delay:        0.249ns  (logic 0.128ns (51.475%)  route 0.121ns (48.525%))
  Logic Levels:           1  (FDCE=1)

    Location             Delay type                Incr(ns)  Path(ns)    Netlist Resource(s)
  -------------------------------------------------------------------    -------------------
    SLICE_X64Y100        FDCE                         0.000     0.000 r  PIPELINE/EX_MEM/ex_mem_NPC_out_reg[20]/C
    SLICE_X64Y100        FDCE (Prop_fdce_C_Q)         0.128     0.128 r  PIPELINE/EX_MEM/ex_mem_NPC_out_reg[20]/Q
                         net (fo=1, routed)           0.121     0.249    PIPELINE/MEM_WB/D[20]
    SLICE_X63Y101        FDCE                                         r  PIPELINE/MEM_WB/mem_wb_NPC_out_reg[20]/D
  -------------------------------------------------------------------    -------------------

Slack:                    inf
  Source:                 PIPELINE/EX_MEM/ex_mem_NPC_out_reg[16]/C
                            (rising edge-triggered cell FDCE)
  Destination:            PIPELINE/MEM_WB/mem_wb_NPC_out_reg[16]/D
  Path Group:             (none)
  Path Type:              Min at Fast Process Corner
  Data Path Delay:        0.252ns  (logic 0.128ns (50.845%)  route 0.124ns (49.155%))
  Logic Levels:           1  (FDCE=1)

    Location             Delay type                Incr(ns)  Path(ns)    Netlist Resource(s)
  -------------------------------------------------------------------    -------------------
    SLICE_X64Y99         FDCE                         0.000     0.000 r  PIPELINE/EX_MEM/ex_mem_NPC_out_reg[16]/C
    SLICE_X64Y99         FDCE (Prop_fdce_C_Q)         0.128     0.128 r  PIPELINE/EX_MEM/ex_mem_NPC_out_reg[16]/Q
                         net (fo=1, routed)           0.124     0.252    PIPELINE/MEM_WB/D[16]
    SLICE_X63Y99         FDCE                                         r  PIPELINE/MEM_WB/mem_wb_NPC_out_reg[16]/D
  -------------------------------------------------------------------    -------------------

Slack:                    inf
  Source:                 PIPELINE/EX_MEM/ex_mem_NPC_out_reg[22]/C
                            (rising edge-triggered cell FDCE)
  Destination:            PIPELINE/MEM_WB/mem_wb_NPC_out_reg[22]/D
  Path Group:             (none)
  Path Type:              Min at Fast Process Corner
  Data Path Delay:        0.252ns  (logic 0.148ns (58.746%)  route 0.104ns (41.254%))
  Logic Levels:           1  (FDCE=1)

    Location             Delay type                Incr(ns)  Path(ns)    Netlist Resource(s)
  -------------------------------------------------------------------    -------------------
    SLICE_X62Y100        FDCE                         0.000     0.000 r  PIPELINE/EX_MEM/ex_mem_NPC_out_reg[22]/C
    SLICE_X62Y100        FDCE (Prop_fdce_C_Q)         0.148     0.148 r  PIPELINE/EX_MEM/ex_mem_NPC_out_reg[22]/Q
                         net (fo=1, routed)           0.104     0.252    PIPELINE/MEM_WB/D[22]
    SLICE_X60Y99         FDCE                                         r  PIPELINE/MEM_WB/mem_wb_NPC_out_reg[22]/D
  -------------------------------------------------------------------    -------------------





--------------------------------------------------------------------------------------
Path Group:  (none)
From Clock:  sys_clk
  To Clock:  

Max Delay             8 Endpoints
Min Delay             8 Endpoints
--------------------------------------------------------------------------------------


Max Delay Paths
--------------------------------------------------------------------------------------
Slack:                    inf
  Source:                 CROSSHAIR/crosshairFB_reg[6412]/C
                            (rising edge-triggered cell FDRE clocked by sys_clk  {rise@0.000ns fall@4.000ns period=8.000ns})
  Destination:            SPI/col_byte_r_reg[2]/D
  Path Group:             (none)
  Path Type:              Max at Slow Process Corner
  Data Path Delay:        13.105ns  (logic 2.347ns (17.909%)  route 10.758ns (82.091%))
  Logic Levels:           9  (LUT2=1 LUT5=1 LUT6=3 MUXF7=3 MUXF8=1)
  Clock Uncertainty:      0.025ns  ((TSJ^2 + TIJ^2)^1/2 + DJ) / 2 + PE
    Total System Jitter     (TSJ):    0.050ns
    Total Input Jitter      (TIJ):    0.000ns
    Discrete Jitter          (DJ):    0.000ns
    Phase Error              (PE):    0.000ns

    Location             Delay type                Incr(ns)  Path(ns)    Netlist Resource(s)
  -------------------------------------------------------------------    -------------------
                         (clock sys_clk rise edge)    0.000     0.000 r  
    H16                                               0.000     0.000 r  clock (IN)
                         net (fo=0)                   0.000     0.000    clock
    H16                  IBUF (Prop_ibuf_I_O)         1.451     1.451 r  clock_IBUF_inst/O
                         net (fo=1, routed)           2.522     3.973    clock_IBUF
    BUFGCTRL_X0Y16       BUFG (Prop_bufg_I_O)         0.101     4.074 r  clock_IBUF_BUFG_inst/O
                         net (fo=8212, routed)        1.736     5.810    CROSSHAIR/clock_IBUF_BUFG
    SLICE_X29Y31         FDRE                                         r  CROSSHAIR/crosshairFB_reg[6412]/C
  -------------------------------------------------------------------    -------------------
    SLICE_X29Y31         FDRE (Prop_fdre_C_Q)         0.456     6.266 r  CROSSHAIR/crosshairFB_reg[6412]/Q
                         net (fo=2, routed)           4.400    10.666    PIPELINE/DMEM/crosshairFB[6412]
    SLICE_X7Y20          LUT2 (Prop_lut2_I1_O)        0.124    10.790 r  PIPELINE/DMEM/col_byte_r[2]_i_1132/O
                         net (fo=1, routed)           0.937    11.727    PIPELINE/DMEM/framebufferNet[6412]
    SLICE_X4Y20          LUT6 (Prop_lut6_I5_O)        0.124    11.851 r  PIPELINE/DMEM/col_byte_r[2]_i_862/O
                         net (fo=1, routed)           0.000    11.851    PIPELINE/DMEM/col_byte_r[2]_i_862_n_0
    SLICE_X4Y20          MUXF7 (Prop_muxf7_I1_O)      0.214    12.065 r  PIPELINE/DMEM/col_byte_r_reg[2]_i_264/O
                         net (fo=1, routed)           0.000    12.065    PIPELINE/DMEM/col_byte_r_reg[2]_i_264_n_0
    SLICE_X4Y20          MUXF8 (Prop_muxf8_I1_O)      0.088    12.153 r  PIPELINE/DMEM/col_byte_r_reg[2]_i_90/O
                         net (fo=1, routed)           0.837    12.990    PIPELINE/DMEM/col_byte_r_reg[2]_i_90_n_0
    SLICE_X2Y19          LUT6 (Prop_lut6_I5_O)        0.319    13.309 r  PIPELINE/DMEM/col_byte_r[2]_i_41/O
                         net (fo=1, routed)           0.000    13.309    PIPELINE/DMEM/col_byte_r[2]_i_41_n_0
    SLICE_X2Y19          MUXF7 (Prop_muxf7_I0_O)      0.209    13.518 r  PIPELINE/DMEM/col_byte_r_reg[2]_i_20/O
                         net (fo=1, routed)           3.327    16.846    PIPELINE/DMEM/col_byte_r_reg[2]_i_20_n_0
    SLICE_X67Y36         LUT6 (Prop_lut6_I1_O)        0.297    17.143 r  PIPELINE/DMEM/col_byte_r[2]_i_14/O
                         net (fo=1, routed)           0.000    17.143    PIPELINE/DMEM/col_byte_r[2]_i_14_n_0
    SLICE_X67Y36         MUXF7 (Prop_muxf7_I1_O)      0.217    17.360 r  PIPELINE/DMEM/col_byte_r_reg[2]_i_4/O
                         net (fo=1, routed)           1.256    18.616    PIPELINE/DMEM/SPI/page_byte0_return[2]
    SLICE_X75Y36         LUT5 (Prop_lut5_I4_O)        0.299    18.915 r  PIPELINE/DMEM/col_byte_r[2]_i_1/O
                         net (fo=1, routed)           0.000    18.915    SPI/D[2]
    SLICE_X75Y36         FDRE                                         r  SPI/col_byte_r_reg[2]/D
  -------------------------------------------------------------------    -------------------

Slack:                    inf
  Source:                 CROSSHAIR/crosshairFB_reg[6549]/C
                            (rising edge-triggered cell FDRE clocked by sys_clk  {rise@0.000ns fall@4.000ns period=8.000ns})
  Destination:            SPI/col_byte_r_reg[3]/D
  Path Group:             (none)
  Path Type:              Max at Slow Process Corner
  Data Path Delay:        12.934ns  (logic 2.386ns (18.448%)  route 10.548ns (81.552%))
  Logic Levels:           9  (LUT2=1 LUT5=1 LUT6=3 MUXF7=3 MUXF8=1)
  Clock Uncertainty:      0.025ns  ((TSJ^2 + TIJ^2)^1/2 + DJ) / 2 + PE
    Total System Jitter     (TSJ):    0.050ns
    Total Input Jitter      (TIJ):    0.000ns
    Discrete Jitter          (DJ):    0.000ns
    Phase Error              (PE):    0.000ns

    Location             Delay type                Incr(ns)  Path(ns)    Netlist Resource(s)
  -------------------------------------------------------------------    -------------------
                         (clock sys_clk rise edge)    0.000     0.000 r  
    H16                                               0.000     0.000 r  clock (IN)
                         net (fo=0)                   0.000     0.000    clock
    H16                  IBUF (Prop_ibuf_I_O)         1.451     1.451 r  clock_IBUF_inst/O
                         net (fo=1, routed)           2.522     3.973    clock_IBUF
    BUFGCTRL_X0Y16       BUFG (Prop_bufg_I_O)         0.101     4.074 r  clock_IBUF_BUFG_inst/O
                         net (fo=8212, routed)        1.651     5.725    CROSSHAIR/clock_IBUF_BUFG
    SLICE_X44Y22         FDRE                                         r  CROSSHAIR/crosshairFB_reg[6549]/C
  -------------------------------------------------------------------    -------------------
    SLICE_X44Y22         FDRE (Prop_fdre_C_Q)         0.456     6.181 r  CROSSHAIR/crosshairFB_reg[6549]/Q
                         net (fo=2, routed)           4.095    10.276    PIPELINE/DMEM/crosshairFB[6549]
    SLICE_X14Y15         LUT2 (Prop_lut2_I1_O)        0.124    10.400 r  PIPELINE/DMEM/col_byte_r[3]_i_1107/O
                         net (fo=1, routed)           0.891    11.291    PIPELINE/DMEM/framebufferNet[6549]
    SLICE_X9Y14          LUT6 (Prop_lut6_I4_O)        0.124    11.415 r  PIPELINE/DMEM/col_byte_r[3]_i_855/O
                         net (fo=1, routed)           0.000    11.415    PIPELINE/DMEM/col_byte_r[3]_i_855_n_0
    SLICE_X9Y14          MUXF7 (Prop_muxf7_I1_O)      0.245    11.660 r  PIPELINE/DMEM/col_byte_r_reg[3]_i_260/O
                         net (fo=1, routed)           0.000    11.660    PIPELINE/DMEM/col_byte_r_reg[3]_i_260_n_0
    SLICE_X9Y14          MUXF8 (Prop_muxf8_I0_O)      0.104    11.764 r  PIPELINE/DMEM/col_byte_r_reg[3]_i_89/O
                         net (fo=1, routed)           1.235    12.999    PIPELINE/DMEM/col_byte_r_reg[3]_i_89_n_0
    SLICE_X6Y8           LUT6 (Prop_lut6_I3_O)        0.316    13.315 r  PIPELINE/DMEM/col_byte_r[3]_i_41/O
                         net (fo=1, routed)           0.000    13.315    PIPELINE/DMEM/col_byte_r[3]_i_41_n_0
    SLICE_X6Y8           MUXF7 (Prop_muxf7_I0_O)      0.209    13.524 r  PIPELINE/DMEM/col_byte_r_reg[3]_i_20/O
                         net (fo=1, routed)           3.534    17.058    PIPELINE/DMEM/col_byte_r_reg[3]_i_20_n_0
    SLICE_X66Y36         LUT6 (Prop_lut6_I1_O)        0.297    17.355 r  PIPELINE/DMEM/col_byte_r[3]_i_14/O
                         net (fo=1, routed)           0.000    17.355    PIPELINE/DMEM/col_byte_r[3]_i_14_n_0
    SLICE_X66Y36         MUXF7 (Prop_muxf7_I1_O)      0.214    17.569 r  PIPELINE/DMEM/col_byte_r_reg[3]_i_4/O
                         net (fo=1, routed)           0.792    18.362    PIPELINE/DMEM/SPI/page_byte0_return[3]
    SLICE_X70Y37         LUT5 (Prop_lut5_I4_O)        0.297    18.659 r  PIPELINE/DMEM/col_byte_r[3]_i_1/O
                         net (fo=1, routed)           0.000    18.659    SPI/D[3]
    SLICE_X70Y37         FDRE                                         r  SPI/col_byte_r_reg[3]/D
  -------------------------------------------------------------------    -------------------

Slack:                    inf
  Source:                 CROSSHAIR/crosshairFB_reg[7189]/C
                            (rising edge-triggered cell FDRE clocked by sys_clk  {rise@0.000ns fall@4.000ns period=8.000ns})
  Destination:            SPI/col_byte_r_reg[0]/D
  Path Group:             (none)
  Path Type:              Max at Slow Process Corner
  Data Path Delay:        12.693ns  (logic 1.998ns (15.740%)  route 10.695ns (84.260%))
  Logic Levels:           8  (LUT2=1 LUT6=4 MUXF7=2 MUXF8=1)
  Clock Uncertainty:      0.025ns  ((TSJ^2 + TIJ^2)^1/2 + DJ) / 2 + PE
    Total System Jitter     (TSJ):    0.050ns
    Total Input Jitter      (TIJ):    0.000ns
    Discrete Jitter          (DJ):    0.000ns
    Phase Error              (PE):    0.000ns

    Location             Delay type                Incr(ns)  Path(ns)    Netlist Resource(s)
  -------------------------------------------------------------------    -------------------
                         (clock sys_clk rise edge)    0.000     0.000 r  
    H16                                               0.000     0.000 r  clock (IN)
                         net (fo=0)                   0.000     0.000    clock
    H16                  IBUF (Prop_ibuf_I_O)         1.451     1.451 r  clock_IBUF_inst/O
                         net (fo=1, routed)           2.522     3.973    clock_IBUF
    BUFGCTRL_X0Y16       BUFG (Prop_bufg_I_O)         0.101     4.074 r  clock_IBUF_BUFG_inst/O
                         net (fo=8212, routed)        1.653     5.727    CROSSHAIR/clock_IBUF_BUFG
    SLICE_X48Y21         FDRE                                         r  CROSSHAIR/crosshairFB_reg[7189]/C
  -------------------------------------------------------------------    -------------------
    SLICE_X48Y21         FDRE (Prop_fdre_C_Q)         0.456     6.183 r  CROSSHAIR/crosshairFB_reg[7189]/Q
                         net (fo=2, routed)           4.947    11.130    PIPELINE/DMEM/crosshairFB[7189]
    SLICE_X23Y22         LUT2 (Prop_lut2_I1_O)        0.124    11.254 r  PIPELINE/DMEM/col_byte_r[0]_i_408/O
                         net (fo=1, routed)           1.314    12.568    PIPELINE/DMEM/framebufferNet[7189]
    SLICE_X14Y21         LUT6 (Prop_lut6_I4_O)        0.124    12.692 r  PIPELINE/DMEM/col_byte_r[0]_i_187/O
                         net (fo=1, routed)           0.000    12.692    PIPELINE/DMEM/col_byte_r[0]_i_187_n_0
    SLICE_X14Y21         MUXF7 (Prop_muxf7_I1_O)      0.247    12.939 r  PIPELINE/DMEM/col_byte_r_reg[0]_i_85/O
                         net (fo=1, routed)           0.000    12.939    PIPELINE/DMEM/col_byte_r_reg[0]_i_85_n_0
    SLICE_X14Y21         MUXF8 (Prop_muxf8_I0_O)      0.098    13.037 r  PIPELINE/DMEM/col_byte_r_reg[0]_i_34/O
                         net (fo=1, routed)           0.500    13.537    PIPELINE/DMEM/col_byte_r_reg[0]_i_34_n_0
    SLICE_X18Y21         LUT6 (Prop_lut6_I3_O)        0.319    13.856 r  PIPELINE/DMEM/col_byte_r[0]_i_20/O
                         net (fo=1, routed)           0.000    13.856    PIPELINE/DMEM/col_byte_r[0]_i_20_n_0
    SLICE_X18Y21         MUXF7 (Prop_muxf7_I0_O)      0.209    14.065 r  PIPELINE/DMEM/col_byte_r_reg[0]_i_14/O
                         net (fo=1, routed)           2.118    16.182    PIPELINE/DMEM/col_byte_r_reg[0]_i_14_n_0
    SLICE_X36Y37         LUT6 (Prop_lut6_I0_O)        0.297    16.479 r  PIPELINE/DMEM/col_byte_r[0]_i_4/O
                         net (fo=1, routed)           1.817    18.296    PIPELINE/DMEM/col_byte_r[0]_i_4_n_0
    SLICE_X85Y37         LUT6 (Prop_lut6_I3_O)        0.124    18.420 r  PIPELINE/DMEM/col_byte_r[0]_i_1/O
                         net (fo=1, routed)           0.000    18.420    SPI/D[0]
    SLICE_X85Y37         FDRE                                         r  SPI/col_byte_r_reg[0]/D
  -------------------------------------------------------------------    -------------------

Slack:                    inf
  Source:                 CROSSHAIR/crosshairFB_reg[6729]/C
                            (rising edge-triggered cell FDRE clocked by sys_clk  {rise@0.000ns fall@4.000ns period=8.000ns})
  Destination:            SPI/col_byte_r_reg[4]/D
  Path Group:             (none)
  Path Type:              Max at Slow Process Corner
  Data Path Delay:        12.606ns  (logic 2.436ns (19.324%)  route 10.170ns (80.676%))
  Logic Levels:           9  (LUT2=1 LUT5=1 LUT6=3 MUXF7=3 MUXF8=1)
  Clock Uncertainty:      0.025ns  ((TSJ^2 + TIJ^2)^1/2 + DJ) / 2 + PE
    Total System Jitter     (TSJ):    0.050ns
    Total Input Jitter      (TIJ):    0.000ns
    Discrete Jitter          (DJ):    0.000ns
    Phase Error              (PE):    0.000ns

    Location             Delay type                Incr(ns)  Path(ns)    Netlist Resource(s)
  -------------------------------------------------------------------    -------------------
                         (clock sys_clk rise edge)    0.000     0.000 r  
    H16                                               0.000     0.000 r  clock (IN)
                         net (fo=0)                   0.000     0.000    clock
    H16                  IBUF (Prop_ibuf_I_O)         1.451     1.451 r  clock_IBUF_inst/O
                         net (fo=1, routed)           2.522     3.973    clock_IBUF
    BUFGCTRL_X0Y16       BUFG (Prop_bufg_I_O)         0.101     4.074 r  clock_IBUF_BUFG_inst/O
                         net (fo=8212, routed)        1.649     5.723    CROSSHAIR/clock_IBUF_BUFG
    SLICE_X34Y24         FDRE                                         r  CROSSHAIR/crosshairFB_reg[6729]/C
  -------------------------------------------------------------------    -------------------
    SLICE_X34Y24         FDRE (Prop_fdre_C_Q)         0.518     6.241 r  CROSSHAIR/crosshairFB_reg[6729]/Q
                         net (fo=2, routed)           4.157    10.398    PIPELINE/DMEM/crosshairFB[6729]
    SLICE_X17Y7          LUT2 (Prop_lut2_I1_O)        0.124    10.522 r  PIPELINE/DMEM/col_byte_r[4]_i_1191/O
                         net (fo=1, routed)           1.100    11.622    PIPELINE/DMEM/framebufferNet[6729]
    SLICE_X18Y3          LUT6 (Prop_lut6_I4_O)        0.124    11.746 r  PIPELINE/DMEM/col_byte_r[4]_i_877/O
                         net (fo=1, routed)           0.000    11.746    PIPELINE/DMEM/col_byte_r[4]_i_877_n_0
    SLICE_X18Y3          MUXF7 (Prop_muxf7_I0_O)      0.209    11.955 r  PIPELINE/DMEM/col_byte_r_reg[4]_i_272/O
                         net (fo=1, routed)           0.000    11.955    PIPELINE/DMEM/col_byte_r_reg[4]_i_272_n_0
    SLICE_X18Y3          MUXF8 (Prop_muxf8_I1_O)      0.088    12.043 r  PIPELINE/DMEM/col_byte_r_reg[4]_i_94/O
                         net (fo=1, routed)           0.934    12.977    PIPELINE/DMEM/col_byte_r_reg[4]_i_94_n_0
    SLICE_X16Y1          LUT6 (Prop_lut6_I5_O)        0.319    13.296 r  PIPELINE/DMEM/col_byte_r[4]_i_42/O
                         net (fo=1, routed)           0.000    13.296    PIPELINE/DMEM/col_byte_r[4]_i_42_n_0
    SLICE_X16Y1          MUXF7 (Prop_muxf7_I1_O)      0.214    13.510 r  PIPELINE/DMEM/col_byte_r_reg[4]_i_20/O
                         net (fo=1, routed)           3.181    16.692    PIPELINE/DMEM/col_byte_r_reg[4]_i_20_n_0
    SLICE_X67Y36         LUT6 (Prop_lut6_I1_O)        0.297    16.989 r  PIPELINE/DMEM/col_byte_r[4]_i_14/O
                         net (fo=1, routed)           0.000    16.989    PIPELINE/DMEM/col_byte_r[4]_i_14_n_0
    SLICE_X67Y36         MUXF7 (Prop_muxf7_I1_O)      0.245    17.234 r  PIPELINE/DMEM/col_byte_r_reg[4]_i_4/O
                         net (fo=1, routed)           0.797    18.031    PIPELINE/DMEM/SPI/page_byte0_return[4]
    SLICE_X75Y36         LUT5 (Prop_lut5_I4_O)        0.298    18.329 r  PIPELINE/DMEM/col_byte_r[4]_i_1/O
                         net (fo=1, routed)           0.000    18.329    SPI/D[4]
    SLICE_X75Y36         FDRE                                         r  SPI/col_byte_r_reg[4]/D
  -------------------------------------------------------------------    -------------------

Slack:                    inf
  Source:                 CROSSHAIR/crosshairFB_reg[6996]/C
                            (rising edge-triggered cell FDRE clocked by sys_clk  {rise@0.000ns fall@4.000ns period=8.000ns})
  Destination:            SPI/col_byte_r_reg[6]/D
  Path Group:             (none)
  Path Type:              Max at Slow Process Corner
  Data Path Delay:        12.352ns  (logic 2.396ns (19.397%)  route 9.956ns (80.603%))
  Logic Levels:           9  (LUT2=1 LUT5=1 LUT6=3 MUXF7=3 MUXF8=1)
  Clock Uncertainty:      0.025ns  ((TSJ^2 + TIJ^2)^1/2 + DJ) / 2 + PE
    Total System Jitter     (TSJ):    0.050ns
    Total Input Jitter      (TIJ):    0.000ns
    Discrete Jitter          (DJ):    0.000ns
    Phase Error              (PE):    0.000ns

    Location             Delay type                Incr(ns)  Path(ns)    Netlist Resource(s)
  -------------------------------------------------------------------    -------------------
                         (clock sys_clk rise edge)    0.000     0.000 r  
    H16                                               0.000     0.000 r  clock (IN)
                         net (fo=0)                   0.000     0.000    clock
    H16                  IBUF (Prop_ibuf_I_O)         1.451     1.451 r  clock_IBUF_inst/O
                         net (fo=1, routed)           2.522     3.973    clock_IBUF
    BUFGCTRL_X0Y16       BUFG (Prop_bufg_I_O)         0.101     4.074 r  clock_IBUF_BUFG_inst/O
                         net (fo=8212, routed)        1.647     5.721    CROSSHAIR/clock_IBUF_BUFG
    SLICE_X48Y25         FDRE                                         r  CROSSHAIR/crosshairFB_reg[6996]/C
  -------------------------------------------------------------------    -------------------
    SLICE_X48Y25         FDRE (Prop_fdre_C_Q)         0.456     6.177 r  CROSSHAIR/crosshairFB_reg[6996]/Q
                         net (fo=2, routed)           4.499    10.676    PIPELINE/DMEM/crosshairFB[6996]
    SLICE_X20Y14         LUT2 (Prop_lut2_I1_O)        0.124    10.800 r  PIPELINE/DMEM/col_byte_r[6]_i_1186/O
                         net (fo=1, routed)           1.085    11.885    PIPELINE/DMEM/framebufferNet[6996]
    SLICE_X15Y14         LUT6 (Prop_lut6_I5_O)        0.124    12.009 r  PIPELINE/DMEM/col_byte_r[6]_i_759/O
                         net (fo=1, routed)           0.000    12.009    PIPELINE/DMEM/col_byte_r[6]_i_759_n_0
    SLICE_X15Y14         MUXF7 (Prop_muxf7_I1_O)      0.245    12.254 r  PIPELINE/DMEM/col_byte_r_reg[6]_i_251/O
                         net (fo=1, routed)           0.000    12.254    PIPELINE/DMEM/col_byte_r_reg[6]_i_251_n_0
    SLICE_X15Y14         MUXF8 (Prop_muxf8_I0_O)      0.104    12.358 r  PIPELINE/DMEM/col_byte_r_reg[6]_i_91/O
                         net (fo=1, routed)           0.988    13.346    PIPELINE/DMEM/col_byte_r_reg[6]_i_91_n_0
    SLICE_X20Y14         LUT6 (Prop_lut6_I3_O)        0.316    13.662 r  PIPELINE/DMEM/col_byte_r[6]_i_40/O
                         net (fo=1, routed)           0.000    13.662    PIPELINE/DMEM/col_byte_r[6]_i_40_n_0
    SLICE_X20Y14         MUXF7 (Prop_muxf7_I1_O)      0.214    13.876 r  PIPELINE/DMEM/col_byte_r_reg[6]_i_20/O
                         net (fo=1, routed)           2.948    16.824    PIPELINE/DMEM/col_byte_r_reg[6]_i_20_n_0
    SLICE_X74Y35         LUT6 (Prop_lut6_I1_O)        0.297    17.121 r  PIPELINE/DMEM/col_byte_r[6]_i_14/O
                         net (fo=1, routed)           0.000    17.121    PIPELINE/DMEM/col_byte_r[6]_i_14_n_0
    SLICE_X74Y35         MUXF7 (Prop_muxf7_I1_O)      0.217    17.338 r  PIPELINE/DMEM/col_byte_r_reg[6]_i_4/O
                         net (fo=1, routed)           0.436    17.774    PIPELINE/DMEM/SPI/page_byte0_return[6]
    SLICE_X74Y35         LUT5 (Prop_lut5_I4_O)        0.299    18.073 r  PIPELINE/DMEM/col_byte_r[6]_i_1/O
                         net (fo=1, routed)           0.000    18.073    SPI/D[6]
    SLICE_X74Y35         FDRE                                         r  SPI/col_byte_r_reg[6]/D
  -------------------------------------------------------------------    -------------------

Slack:                    inf
  Source:                 CROSSHAIR/crosshairFB_reg[7061]/C
                            (rising edge-triggered cell FDRE clocked by sys_clk  {rise@0.000ns fall@4.000ns period=8.000ns})
  Destination:            SPI/col_byte_r_reg[7]/D
  Path Group:             (none)
  Path Type:              Max at Slow Process Corner
  Data Path Delay:        12.225ns  (logic 2.453ns (20.066%)  route 9.772ns (79.934%))
  Logic Levels:           9  (LUT2=1 LUT5=1 LUT6=3 MUXF7=3 MUXF8=1)
  Clock Uncertainty:      0.025ns  ((TSJ^2 + TIJ^2)^1/2 + DJ) / 2 + PE
    Total System Jitter     (TSJ):    0.050ns
    Total Input Jitter      (TIJ):    0.000ns
    Discrete Jitter          (DJ):    0.000ns
    Phase Error              (PE):    0.000ns

    Location             Delay type                Incr(ns)  Path(ns)    Netlist Resource(s)
  -------------------------------------------------------------------    -------------------
                         (clock sys_clk rise edge)    0.000     0.000 r  
    H16                                               0.000     0.000 r  clock (IN)
                         net (fo=0)                   0.000     0.000    clock
    H16                  IBUF (Prop_ibuf_I_O)         1.451     1.451 r  clock_IBUF_inst/O
                         net (fo=1, routed)           2.522     3.973    clock_IBUF
    BUFGCTRL_X0Y16       BUFG (Prop_bufg_I_O)         0.101     4.074 r  clock_IBUF_BUFG_inst/O
                         net (fo=8212, routed)        1.648     5.722    CROSSHAIR/clock_IBUF_BUFG
    SLICE_X46Y24         FDRE                                         r  CROSSHAIR/crosshairFB_reg[7061]/C
  -------------------------------------------------------------------    -------------------
    SLICE_X46Y24         FDRE (Prop_fdre_C_Q)         0.518     6.240 r  CROSSHAIR/crosshairFB_reg[7061]/Q
                         net (fo=2, routed)           2.535     8.775    PIPELINE/DMEM/crosshairFB[7061]
    SLICE_X31Y24         LUT2 (Prop_lut2_I1_O)        0.124     8.899 r  PIPELINE/DMEM/col_byte_r[7]_i_1124/O
                         net (fo=1, routed)           3.306    12.205    PIPELINE/DMEM/framebufferNet[7061]
    SLICE_X21Y19         LUT6 (Prop_lut6_I4_O)        0.124    12.329 r  PIPELINE/DMEM/col_byte_r[7]_i_744/O
                         net (fo=1, routed)           0.000    12.329    PIPELINE/DMEM/col_byte_r[7]_i_744_n_0
    SLICE_X21Y19         MUXF7 (Prop_muxf7_I1_O)      0.245    12.574 r  PIPELINE/DMEM/col_byte_r_reg[7]_i_244/O
                         net (fo=1, routed)           0.000    12.574    PIPELINE/DMEM/col_byte_r_reg[7]_i_244_n_0
    SLICE_X21Y19         MUXF8 (Prop_muxf8_I0_O)      0.104    12.678 r  PIPELINE/DMEM/col_byte_r_reg[7]_i_88/O
                         net (fo=1, routed)           0.514    13.192    PIPELINE/DMEM/col_byte_r_reg[7]_i_88_n_0
    SLICE_X16Y23         LUT6 (Prop_lut6_I3_O)        0.316    13.508 r  PIPELINE/DMEM/col_byte_r[7]_i_40/O
                         net (fo=1, routed)           0.000    13.508    PIPELINE/DMEM/col_byte_r[7]_i_40_n_0
    SLICE_X16Y23         MUXF7 (Prop_muxf7_I0_O)      0.209    13.717 r  PIPELINE/DMEM/col_byte_r_reg[7]_i_21/O
                         net (fo=1, routed)           3.120    16.837    PIPELINE/DMEM/col_byte_r_reg[7]_i_21_n_0
    SLICE_X75Y37         LUT6 (Prop_lut6_I1_O)        0.297    17.134 r  PIPELINE/DMEM/col_byte_r[7]_i_15/O
                         net (fo=1, routed)           0.000    17.134    PIPELINE/DMEM/col_byte_r[7]_i_15_n_0
    SLICE_X75Y37         MUXF7 (Prop_muxf7_I1_O)      0.217    17.351 r  PIPELINE/DMEM/col_byte_r_reg[7]_i_5/O
                         net (fo=1, routed)           0.296    17.647    PIPELINE/DMEM/SPI/page_byte0_return[7]
    SLICE_X75Y36         LUT5 (Prop_lut5_I4_O)        0.299    17.946 r  PIPELINE/DMEM/col_byte_r[7]_i_2/O
                         net (fo=1, routed)           0.000    17.946    SPI/D[7]
    SLICE_X75Y36         FDRE                                         r  SPI/col_byte_r_reg[7]/D
  -------------------------------------------------------------------    -------------------

Slack:                    inf
  Source:                 CROSSHAIR/crosshairFB_reg[4817]/C
                            (rising edge-triggered cell FDRE clocked by sys_clk  {rise@0.000ns fall@4.000ns period=8.000ns})
  Destination:            SPI/col_byte_r_reg[5]/D
  Path Group:             (none)
  Path Type:              Max at Slow Process Corner
  Data Path Delay:        12.033ns  (logic 2.679ns (22.264%)  route 9.354ns (77.736%))
  Logic Levels:           9  (LUT2=1 LUT5=1 LUT6=3 MUXF7=3 MUXF8=1)
  Clock Uncertainty:      0.025ns  ((TSJ^2 + TIJ^2)^1/2 + DJ) / 2 + PE
    Total System Jitter     (TSJ):    0.050ns
    Total Input Jitter      (TIJ):    0.000ns
    Discrete Jitter          (DJ):    0.000ns
    Phase Error              (PE):    0.000ns

    Location             Delay type                Incr(ns)  Path(ns)    Netlist Resource(s)
  -------------------------------------------------------------------    -------------------
                         (clock sys_clk rise edge)    0.000     0.000 r  
    H16                                               0.000     0.000 r  clock (IN)
                         net (fo=0)                   0.000     0.000    clock
    H16                  IBUF (Prop_ibuf_I_O)         1.451     1.451 r  clock_IBUF_inst/O
                         net (fo=1, routed)           2.522     3.973    clock_IBUF
    BUFGCTRL_X0Y16       BUFG (Prop_bufg_I_O)         0.101     4.074 r  clock_IBUF_BUFG_inst/O
                         net (fo=8212, routed)        1.729     5.803    CROSSHAIR/clock_IBUF_BUFG
    SLICE_X54Y48         FDRE                                         r  CROSSHAIR/crosshairFB_reg[4817]/C
  -------------------------------------------------------------------    -------------------
    SLICE_X54Y48         FDRE (Prop_fdre_C_Q)         0.518     6.321 r  CROSSHAIR/crosshairFB_reg[4817]/Q
                         net (fo=2, routed)           3.240     9.560    PIPELINE/DMEM/crosshairFB[4817]
    SLICE_X28Y87         LUT2 (Prop_lut2_I1_O)        0.149     9.709 r  PIPELINE/DMEM/col_byte_r[5]_i_1420/O
                         net (fo=1, routed)           0.880    10.589    PIPELINE/DMEM/framebufferNet[4817]
    SLICE_X28Y89         LUT6 (Prop_lut6_I4_O)        0.332    10.921 r  PIPELINE/DMEM/col_byte_r[5]_i_933/O
                         net (fo=1, routed)           0.000    10.921    PIPELINE/DMEM/col_byte_r[5]_i_933_n_0
    SLICE_X28Y89         MUXF7 (Prop_muxf7_I0_O)      0.238    11.159 r  PIPELINE/DMEM/col_byte_r_reg[5]_i_300/O
                         net (fo=1, routed)           0.000    11.159    PIPELINE/DMEM/col_byte_r_reg[5]_i_300_n_0
    SLICE_X28Y89         MUXF8 (Prop_muxf8_I0_O)      0.104    11.263 r  PIPELINE/DMEM/col_byte_r_reg[5]_i_109/O
                         net (fo=1, routed)           1.316    12.579    PIPELINE/DMEM/col_byte_r_reg[5]_i_109_n_0
    SLICE_X32Y87         LUT6 (Prop_lut6_I3_O)        0.316    12.895 r  PIPELINE/DMEM/col_byte_r[5]_i_46/O
                         net (fo=1, routed)           0.000    12.895    PIPELINE/DMEM/col_byte_r[5]_i_46_n_0
    SLICE_X32Y87         MUXF7 (Prop_muxf7_I1_O)      0.214    13.109 r  PIPELINE/DMEM/col_byte_r_reg[5]_i_22/O
                         net (fo=1, routed)           3.187    16.296    PIPELINE/DMEM/col_byte_r_reg[5]_i_22_n_0
    SLICE_X66Y35         LUT6 (Prop_lut6_I5_O)        0.297    16.593 r  PIPELINE/DMEM/col_byte_r[5]_i_14/O
                         net (fo=1, routed)           0.000    16.593    PIPELINE/DMEM/col_byte_r[5]_i_14_n_0
    SLICE_X66Y35         MUXF7 (Prop_muxf7_I1_O)      0.214    16.807 r  PIPELINE/DMEM/col_byte_r_reg[5]_i_4/O
                         net (fo=1, routed)           0.731    17.539    PIPELINE/DMEM/SPI/page_byte0_return[5]
    SLICE_X74Y35         LUT5 (Prop_lut5_I4_O)        0.297    17.836 r  PIPELINE/DMEM/col_byte_r[5]_i_1/O
                         net (fo=1, routed)           0.000    17.836    SPI/D[5]
    SLICE_X74Y35         FDRE                                         r  SPI/col_byte_r_reg[5]/D
  -------------------------------------------------------------------    -------------------

Slack:                    inf
  Source:                 CROSSHAIR/crosshairFB_reg[6279]/C
                            (rising edge-triggered cell FDRE clocked by sys_clk  {rise@0.000ns fall@4.000ns period=8.000ns})
  Destination:            SPI/col_byte_r_reg[1]/D
  Path Group:             (none)
  Path Type:              Max at Slow Process Corner
  Data Path Delay:        11.855ns  (logic 2.231ns (18.820%)  route 9.624ns (81.180%))
  Logic Levels:           8  (LUT2=1 LUT6=4 MUXF7=2 MUXF8=1)
  Clock Uncertainty:      0.025ns  ((TSJ^2 + TIJ^2)^1/2 + DJ) / 2 + PE
    Total System Jitter     (TSJ):    0.050ns
    Total Input Jitter      (TIJ):    0.000ns
    Discrete Jitter          (DJ):    0.000ns
    Phase Error              (PE):    0.000ns

    Location             Delay type                Incr(ns)  Path(ns)    Netlist Resource(s)
  -------------------------------------------------------------------    -------------------
                         (clock sys_clk rise edge)    0.000     0.000 r  
    H16                                               0.000     0.000 r  clock (IN)
                         net (fo=0)                   0.000     0.000    clock
    H16                  IBUF (Prop_ibuf_I_O)         1.451     1.451 r  clock_IBUF_inst/O
                         net (fo=1, routed)           2.522     3.973    clock_IBUF
    BUFGCTRL_X0Y16       BUFG (Prop_bufg_I_O)         0.101     4.074 r  clock_IBUF_BUFG_inst/O
                         net (fo=8212, routed)        1.661     5.735    CROSSHAIR/clock_IBUF_BUFG
    SLICE_X40Y34         FDRE                                         r  CROSSHAIR/crosshairFB_reg[6279]/C
  -------------------------------------------------------------------    -------------------
    SLICE_X40Y34         FDRE (Prop_fdre_C_Q)         0.456     6.191 r  CROSSHAIR/crosshairFB_reg[6279]/Q
                         net (fo=2, routed)           3.758     9.949    PIPELINE/DMEM/crosshairFB[6279]
    SLICE_X9Y30          LUT2 (Prop_lut2_I1_O)        0.154    10.103 r  PIPELINE/DMEM/col_byte_r[1]_i_548/O
                         net (fo=1, routed)           0.972    11.074    PIPELINE/DMEM/framebufferNet[6279]
    SLICE_X6Y30          LUT6 (Prop_lut6_I1_O)        0.327    11.401 r  PIPELINE/DMEM/col_byte_r[1]_i_222/O
                         net (fo=1, routed)           0.000    11.401    PIPELINE/DMEM/col_byte_r[1]_i_222_n_0
    SLICE_X6Y30          MUXF7 (Prop_muxf7_I1_O)      0.247    11.648 r  PIPELINE/DMEM/col_byte_r_reg[1]_i_102/O
                         net (fo=1, routed)           0.000    11.648    PIPELINE/DMEM/col_byte_r_reg[1]_i_102_n_0
    SLICE_X6Y30          MUXF8 (Prop_muxf8_I0_O)      0.098    11.746 r  PIPELINE/DMEM/col_byte_r_reg[1]_i_43/O
                         net (fo=1, routed)           0.815    12.562    PIPELINE/DMEM/col_byte_r_reg[1]_i_43_n_0
    SLICE_X6Y29          LUT6 (Prop_lut6_I5_O)        0.319    12.881 r  PIPELINE/DMEM/col_byte_r[1]_i_22/O
                         net (fo=1, routed)           0.000    12.881    PIPELINE/DMEM/col_byte_r[1]_i_22_n_0
    SLICE_X6Y29          MUXF7 (Prop_muxf7_I0_O)      0.209    13.090 r  PIPELINE/DMEM/col_byte_r_reg[1]_i_15/O
                         net (fo=1, routed)           2.378    15.467    PIPELINE/DMEM/col_byte_r_reg[1]_i_15_n_0
    SLICE_X47Y37         LUT6 (Prop_lut6_I1_O)        0.297    15.764 r  PIPELINE/DMEM/col_byte_r[1]_i_4/O
                         net (fo=1, routed)           1.701    17.465    PIPELINE/DMEM/col_byte_r[1]_i_4_n_0
    SLICE_X84Y37         LUT6 (Prop_lut6_I3_O)        0.124    17.589 r  PIPELINE/DMEM/col_byte_r[1]_i_1/O
                         net (fo=1, routed)           0.000    17.589    SPI/D[1]
    SLICE_X84Y37         FDRE                                         r  SPI/col_byte_r_reg[1]/D
  -------------------------------------------------------------------    -------------------





Min Delay Paths
--------------------------------------------------------------------------------------
Slack:                    inf
  Source:                 CROSSHAIR/crosshairFB_reg[1280]/C
                            (rising edge-triggered cell FDRE clocked by sys_clk  {rise@0.000ns fall@4.000ns period=8.000ns})
  Destination:            SPI/col_byte_r_reg[2]/D
  Path Group:             (none)
  Path Type:              Min at Fast Process Corner
  Data Path Delay:        0.828ns  (logic 0.276ns (33.316%)  route 0.552ns (66.684%))
  Logic Levels:           3  (LUT2=1 LUT5=1 LUT6=1)
  Clock Uncertainty:      0.025ns  ((TSJ^2 + TIJ^2)^1/2 + DJ) / 2 + PE
    Total System Jitter     (TSJ):    0.050ns
    Total Input Jitter      (TIJ):    0.000ns
    Discrete Jitter          (DJ):    0.000ns
    Phase Error              (PE):    0.000ns

    Location             Delay type                Incr(ns)  Path(ns)    Netlist Resource(s)
  -------------------------------------------------------------------    -------------------
                         (clock sys_clk rise edge)    0.000     0.000 r  
    H16                                               0.000     0.000 r  clock (IN)
                         net (fo=0)                   0.000     0.000    clock
    H16                  IBUF (Prop_ibuf_I_O)         0.219     0.219 r  clock_IBUF_inst/O
                         net (fo=1, routed)           0.842     1.060    clock_IBUF
    BUFGCTRL_X0Y16       BUFG (Prop_bufg_I_O)         0.026     1.086 r  clock_IBUF_BUFG_inst/O
                         net (fo=8212, routed)        0.582     1.668    CROSSHAIR/clock_IBUF_BUFG
    SLICE_X72Y32         FDRE                                         r  CROSSHAIR/crosshairFB_reg[1280]/C
  -------------------------------------------------------------------    -------------------
    SLICE_X72Y32         FDRE (Prop_fdre_C_Q)         0.141     1.809 r  CROSSHAIR/crosshairFB_reg[1280]/Q
                         net (fo=2, routed)           0.237     2.046    PIPELINE/DMEM/crosshairFB[1280]
    SLICE_X73Y32         LUT2 (Prop_lut2_I1_O)        0.045     2.091 r  PIPELINE/DMEM/col_byte_r[2]_i_11/O
                         net (fo=2, routed)           0.234     2.325    PIPELINE/DMEM/framebufferNet[1280]
    SLICE_X75Y36         LUT6 (Prop_lut6_I3_O)        0.045     2.370 r  PIPELINE/DMEM/col_byte_r[2]_i_3/O
                         net (fo=1, routed)           0.082     2.452    PIPELINE/DMEM/col_byte_r[2]_i_3_n_0
    SLICE_X75Y36         LUT5 (Prop_lut5_I2_O)        0.045     2.497 r  PIPELINE/DMEM/col_byte_r[2]_i_1/O
                         net (fo=1, routed)           0.000     2.497    SPI/D[2]
    SLICE_X75Y36         FDRE                                         r  SPI/col_byte_r_reg[2]/D
  -------------------------------------------------------------------    -------------------

Slack:                    inf
  Source:                 CROSSHAIR/crosshairFB_reg[1152]/C
                            (rising edge-triggered cell FDRE clocked by sys_clk  {rise@0.000ns fall@4.000ns period=8.000ns})
  Destination:            SPI/col_byte_r_reg[1]/D
  Path Group:             (none)
  Path Type:              Min at Fast Process Corner
  Data Path Delay:        0.960ns  (logic 0.276ns (28.758%)  route 0.684ns (71.242%))
  Logic Levels:           3  (LUT2=1 LUT6=2)
  Clock Uncertainty:      0.025ns  ((TSJ^2 + TIJ^2)^1/2 + DJ) / 2 + PE
    Total System Jitter     (TSJ):    0.050ns
    Total Input Jitter      (TIJ):    0.000ns
    Discrete Jitter          (DJ):    0.000ns
    Phase Error              (PE):    0.000ns

    Location             Delay type                Incr(ns)  Path(ns)    Netlist Resource(s)
  -------------------------------------------------------------------    -------------------
                         (clock sys_clk rise edge)    0.000     0.000 r  
    H16                                               0.000     0.000 r  clock (IN)
                         net (fo=0)                   0.000     0.000    clock
    H16                  IBUF (Prop_ibuf_I_O)         0.219     0.219 r  clock_IBUF_inst/O
                         net (fo=1, routed)           0.842     1.060    clock_IBUF
    BUFGCTRL_X0Y16       BUFG (Prop_bufg_I_O)         0.026     1.086 r  clock_IBUF_BUFG_inst/O
                         net (fo=8212, routed)        0.585     1.671    CROSSHAIR/clock_IBUF_BUFG
    SLICE_X84Y36         FDRE                                         r  CROSSHAIR/crosshairFB_reg[1152]/C
  -------------------------------------------------------------------    -------------------
    SLICE_X84Y36         FDRE (Prop_fdre_C_Q)         0.141     1.812 r  CROSSHAIR/crosshairFB_reg[1152]/Q
                         net (fo=2, routed)           0.238     2.050    PIPELINE/DMEM/crosshairFB[1152]
    SLICE_X85Y36         LUT2 (Prop_lut2_I1_O)        0.045     2.095 r  PIPELINE/DMEM/col_byte_r[1]_i_12/O
                         net (fo=2, routed)           0.149     2.244    PIPELINE/DMEM/framebufferNet[1152]
    SLICE_X85Y37         LUT6 (Prop_lut6_I3_O)        0.045     2.289 r  PIPELINE/DMEM/col_byte_r[1]_i_3/O
                         net (fo=1, routed)           0.297     2.586    PIPELINE/DMEM/col_byte_r[1]_i_3_n_0
    SLICE_X84Y37         LUT6 (Prop_lut6_I1_O)        0.045     2.631 r  PIPELINE/DMEM/col_byte_r[1]_i_1/O
                         net (fo=1, routed)           0.000     2.631    SPI/D[1]
    SLICE_X84Y37         FDRE                                         r  SPI/col_byte_r_reg[1]/D
  -------------------------------------------------------------------    -------------------

Slack:                    inf
  Source:                 CROSSHAIR/crosshairFB_reg[384]/C
                            (rising edge-triggered cell FDRE clocked by sys_clk  {rise@0.000ns fall@4.000ns period=8.000ns})
  Destination:            SPI/col_byte_r_reg[3]/D
  Path Group:             (none)
  Path Type:              Min at Fast Process Corner
  Data Path Delay:        1.050ns  (logic 0.299ns (28.486%)  route 0.751ns (71.514%))
  Logic Levels:           3  (LUT2=1 LUT5=1 LUT6=1)
  Clock Uncertainty:      0.025ns  ((TSJ^2 + TIJ^2)^1/2 + DJ) / 2 + PE
    Total System Jitter     (TSJ):    0.050ns
    Total Input Jitter      (TIJ):    0.000ns
    Discrete Jitter          (DJ):    0.000ns
    Phase Error              (PE):    0.000ns

    Location             Delay type                Incr(ns)  Path(ns)    Netlist Resource(s)
  -------------------------------------------------------------------    -------------------
                         (clock sys_clk rise edge)    0.000     0.000 r  
    H16                                               0.000     0.000 r  clock (IN)
                         net (fo=0)                   0.000     0.000    clock
    H16                  IBUF (Prop_ibuf_I_O)         0.219     0.219 r  clock_IBUF_inst/O
                         net (fo=1, routed)           0.842     1.060    clock_IBUF
    BUFGCTRL_X0Y16       BUFG (Prop_bufg_I_O)         0.026     1.086 r  clock_IBUF_BUFG_inst/O
                         net (fo=8212, routed)        0.574     1.660    CROSSHAIR/clock_IBUF_BUFG
    SLICE_X58Y29         FDRE                                         r  CROSSHAIR/crosshairFB_reg[384]/C
  -------------------------------------------------------------------    -------------------
    SLICE_X58Y29         FDRE (Prop_fdre_C_Q)         0.164     1.824 r  CROSSHAIR/crosshairFB_reg[384]/Q
                         net (fo=2, routed)           0.174     1.998    PIPELINE/DMEM/crosshairFB[384]
    SLICE_X58Y29         LUT2 (Prop_lut2_I1_O)        0.045     2.043 r  PIPELINE/DMEM/col_byte_r[3]_i_12/O
                         net (fo=2, routed)           0.430     2.474    PIPELINE/DMEM/framebufferNet[384]
    SLICE_X70Y37         LUT6 (Prop_lut6_I5_O)        0.045     2.519 r  PIPELINE/DMEM/col_byte_r[3]_i_3/O
                         net (fo=1, routed)           0.146     2.665    PIPELINE/DMEM/col_byte_r[3]_i_3_n_0
    SLICE_X70Y37         LUT5 (Prop_lut5_I2_O)        0.045     2.710 r  PIPELINE/DMEM/col_byte_r[3]_i_1/O
                         net (fo=1, routed)           0.000     2.710    SPI/D[3]
    SLICE_X70Y37         FDRE                                         r  SPI/col_byte_r_reg[3]/D
  -------------------------------------------------------------------    -------------------

Slack:                    inf
  Source:                 CROSSHAIR/crosshairFB_reg[1024]/C
                            (rising edge-triggered cell FDRE clocked by sys_clk  {rise@0.000ns fall@4.000ns period=8.000ns})
  Destination:            SPI/col_byte_r_reg[0]/D
  Path Group:             (none)
  Path Type:              Min at Fast Process Corner
  Data Path Delay:        1.153ns  (logic 0.276ns (23.936%)  route 0.877ns (76.064%))
  Logic Levels:           3  (LUT2=1 LUT6=2)
  Clock Uncertainty:      0.025ns  ((TSJ^2 + TIJ^2)^1/2 + DJ) / 2 + PE
    Total System Jitter     (TSJ):    0.050ns
    Total Input Jitter      (TIJ):    0.000ns
    Discrete Jitter          (DJ):    0.000ns
    Phase Error              (PE):    0.000ns

    Location             Delay type                Incr(ns)  Path(ns)    Netlist Resource(s)
  -------------------------------------------------------------------    -------------------
                         (clock sys_clk rise edge)    0.000     0.000 r  
    H16                                               0.000     0.000 r  clock (IN)
                         net (fo=0)                   0.000     0.000    clock
    H16                  IBUF (Prop_ibuf_I_O)         0.219     0.219 r  clock_IBUF_inst/O
                         net (fo=1, routed)           0.842     1.060    clock_IBUF
    BUFGCTRL_X0Y16       BUFG (Prop_bufg_I_O)         0.026     1.086 r  clock_IBUF_BUFG_inst/O
                         net (fo=8212, routed)        0.602     1.688    CROSSHAIR/clock_IBUF_BUFG
    SLICE_X93Y28         FDRE                                         r  CROSSHAIR/crosshairFB_reg[1024]/C
  -------------------------------------------------------------------    -------------------
    SLICE_X93Y28         FDRE (Prop_fdre_C_Q)         0.141     1.829 r  CROSSHAIR/crosshairFB_reg[1024]/Q
                         net (fo=2, routed)           0.145     1.974    PIPELINE/DMEM/crosshairFB[1024]
    SLICE_X93Y28         LUT2 (Prop_lut2_I1_O)        0.045     2.019 r  PIPELINE/DMEM/col_byte_r[0]_i_12/O
                         net (fo=2, routed)           0.322     2.341    PIPELINE/DMEM/framebufferNet[1024]
    SLICE_X91Y36         LUT6 (Prop_lut6_I3_O)        0.045     2.386 r  PIPELINE/DMEM/col_byte_r[0]_i_3/O
                         net (fo=1, routed)           0.410     2.796    PIPELINE/DMEM/col_byte_r[0]_i_3_n_0
    SLICE_X85Y37         LUT6 (Prop_lut6_I1_O)        0.045     2.841 r  PIPELINE/DMEM/col_byte_r[0]_i_1/O
                         net (fo=1, routed)           0.000     2.841    SPI/D[0]
    SLICE_X85Y37         FDRE                                         r  SPI/col_byte_r_reg[0]/D
  -------------------------------------------------------------------    -------------------

Slack:                    inf
  Source:                 CROSSHAIR/crosshairFB_reg[7808]/C
                            (rising edge-triggered cell FDRE clocked by sys_clk  {rise@0.000ns fall@4.000ns period=8.000ns})
  Destination:            SPI/col_byte_r_reg[5]/D
  Path Group:             (none)
  Path Type:              Min at Fast Process Corner
  Data Path Delay:        1.481ns  (logic 0.299ns (20.188%)  route 1.182ns (79.812%))
  Logic Levels:           3  (LUT2=1 LUT5=1 LUT6=1)
  Clock Uncertainty:      0.025ns  ((TSJ^2 + TIJ^2)^1/2 + DJ) / 2 + PE
    Total System Jitter     (TSJ):    0.050ns
    Total Input Jitter      (TIJ):    0.000ns
    Discrete Jitter          (DJ):    0.000ns
    Phase Error              (PE):    0.000ns

    Location             Delay type                Incr(ns)  Path(ns)    Netlist Resource(s)
  -------------------------------------------------------------------    -------------------
                         (clock sys_clk rise edge)    0.000     0.000 r  
    H16                                               0.000     0.000 r  clock (IN)
                         net (fo=0)                   0.000     0.000    clock
    H16                  IBUF (Prop_ibuf_I_O)         0.219     0.219 r  clock_IBUF_inst/O
                         net (fo=1, routed)           0.842     1.060    clock_IBUF
    BUFGCTRL_X0Y16       BUFG (Prop_bufg_I_O)         0.026     1.086 r  clock_IBUF_BUFG_inst/O
                         net (fo=8212, routed)        0.558     1.644    CROSSHAIR/clock_IBUF_BUFG
    SLICE_X46Y15         FDRE                                         r  CROSSHAIR/crosshairFB_reg[7808]/C
  -------------------------------------------------------------------    -------------------
    SLICE_X46Y15         FDRE (Prop_fdre_C_Q)         0.164     1.808 r  CROSSHAIR/crosshairFB_reg[7808]/Q
                         net (fo=2, routed)           0.124     1.932    PIPELINE/DMEM/crosshairFB[7808]
    SLICE_X46Y15         LUT2 (Prop_lut2_I1_O)        0.045     1.977 r  PIPELINE/DMEM/col_byte_r[5]_i_5/O
                         net (fo=2, routed)           0.648     2.625    PIPELINE/DMEM/framebufferNet[7808]
    SLICE_X36Y35         LUT6 (Prop_lut6_I0_O)        0.045     2.670 r  PIPELINE/DMEM/col_byte_r[5]_i_2/O
                         net (fo=1, routed)           0.410     3.080    PIPELINE/DMEM/col_byte_r[5]_i_2_n_0
    SLICE_X74Y35         LUT5 (Prop_lut5_I0_O)        0.045     3.125 r  PIPELINE/DMEM/col_byte_r[5]_i_1/O
                         net (fo=1, routed)           0.000     3.125    SPI/D[5]
    SLICE_X74Y35         FDRE                                         r  SPI/col_byte_r_reg[5]/D
  -------------------------------------------------------------------    -------------------

Slack:                    inf
  Source:                 CROSSHAIR/crosshairFB_reg[6016]/C
                            (rising edge-triggered cell FDRE clocked by sys_clk  {rise@0.000ns fall@4.000ns period=8.000ns})
  Destination:            SPI/col_byte_r_reg[7]/D
  Path Group:             (none)
  Path Type:              Min at Fast Process Corner
  Data Path Delay:        1.481ns  (logic 0.299ns (20.192%)  route 1.182ns (79.808%))
  Logic Levels:           3  (LUT2=1 LUT5=1 LUT6=1)
  Clock Uncertainty:      0.025ns  ((TSJ^2 + TIJ^2)^1/2 + DJ) / 2 + PE
    Total System Jitter     (TSJ):    0.050ns
    Total Input Jitter      (TIJ):    0.000ns
    Discrete Jitter          (DJ):    0.000ns
    Phase Error              (PE):    0.000ns

    Location             Delay type                Incr(ns)  Path(ns)    Netlist Resource(s)
  -------------------------------------------------------------------    -------------------
                         (clock sys_clk rise edge)    0.000     0.000 r  
    H16                                               0.000     0.000 r  clock (IN)
                         net (fo=0)                   0.000     0.000    clock
    H16                  IBUF (Prop_ibuf_I_O)         0.219     0.219 r  clock_IBUF_inst/O
                         net (fo=1, routed)           0.842     1.060    clock_IBUF
    BUFGCTRL_X0Y16       BUFG (Prop_bufg_I_O)         0.026     1.086 r  clock_IBUF_BUFG_inst/O
                         net (fo=8212, routed)        0.561     1.647    CROSSHAIR/clock_IBUF_BUFG
    SLICE_X36Y40         FDRE                                         r  CROSSHAIR/crosshairFB_reg[6016]/C
  -------------------------------------------------------------------    -------------------
    SLICE_X36Y40         FDRE (Prop_fdre_C_Q)         0.164     1.811 r  CROSSHAIR/crosshairFB_reg[6016]/Q
                         net (fo=2, routed)           0.123     1.935    PIPELINE/DMEM/crosshairFB[6016]
    SLICE_X36Y40         LUT2 (Prop_lut2_I1_O)        0.045     1.980 r  PIPELINE/DMEM/col_byte_r[7]_i_8/O
                         net (fo=2, routed)           0.504     2.483    PIPELINE/DMEM/framebufferNet[6016]
    SLICE_X38Y37         LUT6 (Prop_lut6_I3_O)        0.045     2.528 r  PIPELINE/DMEM/col_byte_r[7]_i_3/O
                         net (fo=1, routed)           0.554     3.083    PIPELINE/DMEM/col_byte_r[7]_i_3_n_0
    SLICE_X75Y36         LUT5 (Prop_lut5_I0_O)        0.045     3.128 r  PIPELINE/DMEM/col_byte_r[7]_i_2/O
                         net (fo=1, routed)           0.000     3.128    SPI/D[7]
    SLICE_X75Y36         FDRE                                         r  SPI/col_byte_r_reg[7]/D
  -------------------------------------------------------------------    -------------------

Slack:                    inf
  Source:                 CROSSHAIR/crosshairFB_reg[1536]/C
                            (rising edge-triggered cell FDRE clocked by sys_clk  {rise@0.000ns fall@4.000ns period=8.000ns})
  Destination:            SPI/col_byte_r_reg[4]/D
  Path Group:             (none)
  Path Type:              Min at Fast Process Corner
  Data Path Delay:        1.455ns  (logic 0.276ns (18.970%)  route 1.179ns (81.030%))
  Logic Levels:           3  (LUT2=1 LUT5=1 LUT6=1)
  Clock Uncertainty:      0.025ns  ((TSJ^2 + TIJ^2)^1/2 + DJ) / 2 + PE
    Total System Jitter     (TSJ):    0.050ns
    Total Input Jitter      (TIJ):    0.000ns
    Discrete Jitter          (DJ):    0.000ns
    Phase Error              (PE):    0.000ns

    Location             Delay type                Incr(ns)  Path(ns)    Netlist Resource(s)
  -------------------------------------------------------------------    -------------------
                         (clock sys_clk rise edge)    0.000     0.000 r  
    H16                                               0.000     0.000 r  clock (IN)
                         net (fo=0)                   0.000     0.000    clock
    H16                  IBUF (Prop_ibuf_I_O)         0.219     0.219 r  clock_IBUF_inst/O
                         net (fo=1, routed)           0.842     1.060    clock_IBUF
    BUFGCTRL_X0Y16       BUFG (Prop_bufg_I_O)         0.026     1.086 r  clock_IBUF_BUFG_inst/O
                         net (fo=8212, routed)        0.607     1.693    CROSSHAIR/clock_IBUF_BUFG
    SLICE_X99Y31         FDRE                                         r  CROSSHAIR/crosshairFB_reg[1536]/C
  -------------------------------------------------------------------    -------------------
    SLICE_X99Y31         FDRE (Prop_fdre_C_Q)         0.141     1.834 r  CROSSHAIR/crosshairFB_reg[1536]/Q
                         net (fo=2, routed)           0.205     2.039    PIPELINE/DMEM/crosshairFB[1536]
    SLICE_X98Y31         LUT2 (Prop_lut2_I1_O)        0.045     2.084 r  PIPELINE/DMEM/col_byte_r[4]_i_11/O
                         net (fo=2, routed)           0.612     2.696    PIPELINE/DMEM/framebufferNet[1536]
    SLICE_X84Y36         LUT6 (Prop_lut6_I3_O)        0.045     2.741 r  PIPELINE/DMEM/col_byte_r[4]_i_3/O
                         net (fo=1, routed)           0.362     3.103    PIPELINE/DMEM/col_byte_r[4]_i_3_n_0
    SLICE_X75Y36         LUT5 (Prop_lut5_I2_O)        0.045     3.148 r  PIPELINE/DMEM/col_byte_r[4]_i_1/O
                         net (fo=1, routed)           0.000     3.148    SPI/D[4]
    SLICE_X75Y36         FDRE                                         r  SPI/col_byte_r_reg[4]/D
  -------------------------------------------------------------------    -------------------

Slack:                    inf
  Source:                 CROSSHAIR/crosshairFB_reg[3840]/C
                            (rising edge-triggered cell FDRE clocked by sys_clk  {rise@0.000ns fall@4.000ns period=8.000ns})
  Destination:            SPI/col_byte_r_reg[6]/D
  Path Group:             (none)
  Path Type:              Min at Fast Process Corner
  Data Path Delay:        1.744ns  (logic 0.276ns (15.826%)  route 1.468ns (84.174%))
  Logic Levels:           3  (LUT2=1 LUT5=1 LUT6=1)
  Clock Uncertainty:      0.025ns  ((TSJ^2 + TIJ^2)^1/2 + DJ) / 2 + PE
    Total System Jitter     (TSJ):    0.050ns
    Total Input Jitter      (TIJ):    0.000ns
    Discrete Jitter          (DJ):    0.000ns
    Phase Error              (PE):    0.000ns

    Location             Delay type                Incr(ns)  Path(ns)    Netlist Resource(s)
  -------------------------------------------------------------------    -------------------
                         (clock sys_clk rise edge)    0.000     0.000 r  
    H16                                               0.000     0.000 r  clock (IN)
                         net (fo=0)                   0.000     0.000    clock
    H16                  IBUF (Prop_ibuf_I_O)         0.219     0.219 r  clock_IBUF_inst/O
                         net (fo=1, routed)           0.842     1.060    clock_IBUF
    BUFGCTRL_X0Y16       BUFG (Prop_bufg_I_O)         0.026     1.086 r  clock_IBUF_BUFG_inst/O
                         net (fo=8212, routed)        0.573     1.659    CROSSHAIR/clock_IBUF_BUFG
    SLICE_X88Y71         FDRE                                         r  CROSSHAIR/crosshairFB_reg[3840]/C
  -------------------------------------------------------------------    -------------------
    SLICE_X88Y71         FDRE (Prop_fdre_C_Q)         0.141     1.800 r  CROSSHAIR/crosshairFB_reg[3840]/Q
                         net (fo=2, routed)           0.098     1.898    PIPELINE/DMEM/crosshairFB[3840]
    SLICE_X89Y71         LUT2 (Prop_lut2_I1_O)        0.045     1.943 r  PIPELINE/DMEM/col_byte_r[6]_i_9/O
                         net (fo=2, routed)           0.935     2.878    PIPELINE/DMEM/framebufferNet[3840]
    SLICE_X94Y35         LUT6 (Prop_lut6_I0_O)        0.045     2.923 r  PIPELINE/DMEM/col_byte_r[6]_i_3/O
                         net (fo=1, routed)           0.435     3.358    PIPELINE/DMEM/col_byte_r[6]_i_3_n_0
    SLICE_X74Y35         LUT5 (Prop_lut5_I2_O)        0.045     3.403 r  PIPELINE/DMEM/col_byte_r[6]_i_1/O
                         net (fo=1, routed)           0.000     3.403    SPI/D[6]
    SLICE_X74Y35         FDRE                                         r  SPI/col_byte_r_reg[6]/D
  -------------------------------------------------------------------    -------------------





--------------------------------------------------------------------------------------
Path Group:  (none)
From Clock:  
  To Clock:  sys_clk

Max Delay          8243 Endpoints
Min Delay          8243 Endpoints
--------------------------------------------------------------------------------------


Max Delay Paths
--------------------------------------------------------------------------------------
Slack:                    inf
  Source:                 reset
                            (input port)
  Destination:            CROSSHAIR/Yr_reg[1]/R
                            (rising edge-triggered cell FDRE clocked by sys_clk  {rise@0.000ns fall@4.000ns period=8.000ns})
  Path Group:             (none)
  Path Type:              Setup (Max at Slow Process Corner)
  Data Path Delay:        42.596ns  (logic 1.463ns (3.436%)  route 41.132ns (96.564%))
  Logic Levels:           1  (IBUF=1)
  Clock Path Skew:        5.319ns (DCD - SCD + CPR)
    Destination Clock Delay (DCD):    5.319ns
    Source Clock Delay      (SCD):    0.000ns
    Clock Pessimism Removal (CPR):    0.000ns
  Clock Uncertainty:      0.025ns  ((TSJ^2 + TIJ^2)^1/2 + DJ) / 2 + PE
    Total System Jitter     (TSJ):    0.050ns
    Total Input Jitter      (TIJ):    0.000ns
    Discrete Jitter          (DJ):    0.000ns
    Phase Error              (PE):    0.000ns

    Location             Delay type                Incr(ns)  Path(ns)    Netlist Resource(s)
  -------------------------------------------------------------------    -------------------
    D19                                               0.000     0.000 r  reset (IN)
                         net (fo=0)                   0.000     0.000    reset
    D19                  IBUF (Prop_ibuf_I_O)         1.463     1.463 r  reset_IBUF_inst/O
                         net (fo=9980, routed)       41.132    42.596    CROSSHAIR/reset_IBUF
    SLICE_X60Y40         FDRE                                         r  CROSSHAIR/Yr_reg[1]/R
  -------------------------------------------------------------------    -------------------

                         (clock sys_clk rise edge)    0.000     0.000 r  
    H16                                               0.000     0.000 r  clock (IN)
                         net (fo=0)                   0.000     0.000    clock
    H16                  IBUF (Prop_ibuf_I_O)         1.380     1.380 r  clock_IBUF_inst/O
                         net (fo=1, routed)           2.293     3.673    clock_IBUF
    BUFGCTRL_X0Y16       BUFG (Prop_bufg_I_O)         0.091     3.764 r  clock_IBUF_BUFG_inst/O
                         net (fo=8212, routed)        1.554     5.319    CROSSHAIR/clock_IBUF_BUFG
    SLICE_X60Y40         FDRE                                         r  CROSSHAIR/Yr_reg[1]/C

Slack:                    inf
  Source:                 reset
                            (input port)
  Destination:            CROSSHAIR/Yr_reg[2]/R
                            (rising edge-triggered cell FDRE clocked by sys_clk  {rise@0.000ns fall@4.000ns period=8.000ns})
  Path Group:             (none)
  Path Type:              Setup (Max at Slow Process Corner)
  Data Path Delay:        42.596ns  (logic 1.463ns (3.436%)  route 41.132ns (96.564%))
  Logic Levels:           1  (IBUF=1)
  Clock Path Skew:        5.319ns (DCD - SCD + CPR)
    Destination Clock Delay (DCD):    5.319ns
    Source Clock Delay      (SCD):    0.000ns
    Clock Pessimism Removal (CPR):    0.000ns
  Clock Uncertainty:      0.025ns  ((TSJ^2 + TIJ^2)^1/2 + DJ) / 2 + PE
    Total System Jitter     (TSJ):    0.050ns
    Total Input Jitter      (TIJ):    0.000ns
    Discrete Jitter          (DJ):    0.000ns
    Phase Error              (PE):    0.000ns

    Location             Delay type                Incr(ns)  Path(ns)    Netlist Resource(s)
  -------------------------------------------------------------------    -------------------
    D19                                               0.000     0.000 r  reset (IN)
                         net (fo=0)                   0.000     0.000    reset
    D19                  IBUF (Prop_ibuf_I_O)         1.463     1.463 r  reset_IBUF_inst/O
                         net (fo=9980, routed)       41.132    42.596    CROSSHAIR/reset_IBUF
    SLICE_X60Y40         FDRE                                         r  CROSSHAIR/Yr_reg[2]/R
  -------------------------------------------------------------------    -------------------

                         (clock sys_clk rise edge)    0.000     0.000 r  
    H16                                               0.000     0.000 r  clock (IN)
                         net (fo=0)                   0.000     0.000    clock
    H16                  IBUF (Prop_ibuf_I_O)         1.380     1.380 r  clock_IBUF_inst/O
                         net (fo=1, routed)           2.293     3.673    clock_IBUF
    BUFGCTRL_X0Y16       BUFG (Prop_bufg_I_O)         0.091     3.764 r  clock_IBUF_BUFG_inst/O
                         net (fo=8212, routed)        1.554     5.319    CROSSHAIR/clock_IBUF_BUFG
    SLICE_X60Y40         FDRE                                         r  CROSSHAIR/Yr_reg[2]/C

Slack:                    inf
  Source:                 reset
                            (input port)
  Destination:            CROSSHAIR/Xr_reg[2]/R
                            (rising edge-triggered cell FDRE clocked by sys_clk  {rise@0.000ns fall@4.000ns period=8.000ns})
  Path Group:             (none)
  Path Type:              Setup (Max at Slow Process Corner)
  Data Path Delay:        40.918ns  (logic 1.463ns (3.576%)  route 39.455ns (96.424%))
  Logic Levels:           1  (IBUF=1)
  Clock Path Skew:        5.320ns (DCD - SCD + CPR)
    Destination Clock Delay (DCD):    5.320ns
    Source Clock Delay      (SCD):    0.000ns
    Clock Pessimism Removal (CPR):    0.000ns
  Clock Uncertainty:      0.025ns  ((TSJ^2 + TIJ^2)^1/2 + DJ) / 2 + PE
    Total System Jitter     (TSJ):    0.050ns
    Total Input Jitter      (TIJ):    0.000ns
    Discrete Jitter          (DJ):    0.000ns
    Phase Error              (PE):    0.000ns

    Location             Delay type                Incr(ns)  Path(ns)    Netlist Resource(s)
  -------------------------------------------------------------------    -------------------
    D19                                               0.000     0.000 r  reset (IN)
                         net (fo=0)                   0.000     0.000    reset
    D19                  IBUF (Prop_ibuf_I_O)         1.463     1.463 r  reset_IBUF_inst/O
                         net (fo=9980, routed)       39.455    40.918    CROSSHAIR/reset_IBUF
    SLICE_X62Y41         FDRE                                         r  CROSSHAIR/Xr_reg[2]/R
  -------------------------------------------------------------------    -------------------

                         (clock sys_clk rise edge)    0.000     0.000 r  
    H16                                               0.000     0.000 r  clock (IN)
                         net (fo=0)                   0.000     0.000    clock
    H16                  IBUF (Prop_ibuf_I_O)         1.380     1.380 r  clock_IBUF_inst/O
                         net (fo=1, routed)           2.293     3.673    clock_IBUF
    BUFGCTRL_X0Y16       BUFG (Prop_bufg_I_O)         0.091     3.764 r  clock_IBUF_BUFG_inst/O
                         net (fo=8212, routed)        1.555     5.320    CROSSHAIR/clock_IBUF_BUFG
    SLICE_X62Y41         FDRE                                         r  CROSSHAIR/Xr_reg[2]/C

Slack:                    inf
  Source:                 reset
                            (input port)
  Destination:            CROSSHAIR/Xr_reg[3]/R
                            (rising edge-triggered cell FDRE clocked by sys_clk  {rise@0.000ns fall@4.000ns period=8.000ns})
  Path Group:             (none)
  Path Type:              Setup (Max at Slow Process Corner)
  Data Path Delay:        40.918ns  (logic 1.463ns (3.576%)  route 39.455ns (96.424%))
  Logic Levels:           1  (IBUF=1)
  Clock Path Skew:        5.320ns (DCD - SCD + CPR)
    Destination Clock Delay (DCD):    5.320ns
    Source Clock Delay      (SCD):    0.000ns
    Clock Pessimism Removal (CPR):    0.000ns
  Clock Uncertainty:      0.025ns  ((TSJ^2 + TIJ^2)^1/2 + DJ) / 2 + PE
    Total System Jitter     (TSJ):    0.050ns
    Total Input Jitter      (TIJ):    0.000ns
    Discrete Jitter          (DJ):    0.000ns
    Phase Error              (PE):    0.000ns

    Location             Delay type                Incr(ns)  Path(ns)    Netlist Resource(s)
  -------------------------------------------------------------------    -------------------
    D19                                               0.000     0.000 r  reset (IN)
                         net (fo=0)                   0.000     0.000    reset
    D19                  IBUF (Prop_ibuf_I_O)         1.463     1.463 r  reset_IBUF_inst/O
                         net (fo=9980, routed)       39.455    40.918    CROSSHAIR/reset_IBUF
    SLICE_X63Y41         FDRE                                         r  CROSSHAIR/Xr_reg[3]/R
  -------------------------------------------------------------------    -------------------

                         (clock sys_clk rise edge)    0.000     0.000 r  
    H16                                               0.000     0.000 r  clock (IN)
                         net (fo=0)                   0.000     0.000    clock
    H16                  IBUF (Prop_ibuf_I_O)         1.380     1.380 r  clock_IBUF_inst/O
                         net (fo=1, routed)           2.293     3.673    clock_IBUF
    BUFGCTRL_X0Y16       BUFG (Prop_bufg_I_O)         0.091     3.764 r  clock_IBUF_BUFG_inst/O
                         net (fo=8212, routed)        1.555     5.320    CROSSHAIR/clock_IBUF_BUFG
    SLICE_X63Y41         FDRE                                         r  CROSSHAIR/Xr_reg[3]/C

Slack:                    inf
  Source:                 reset
                            (input port)
  Destination:            CROSSHAIR/Xr_reg[4]/R
                            (rising edge-triggered cell FDRE clocked by sys_clk  {rise@0.000ns fall@4.000ns period=8.000ns})
  Path Group:             (none)
  Path Type:              Setup (Max at Slow Process Corner)
  Data Path Delay:        40.918ns  (logic 1.463ns (3.576%)  route 39.455ns (96.424%))
  Logic Levels:           1  (IBUF=1)
  Clock Path Skew:        5.320ns (DCD - SCD + CPR)
    Destination Clock Delay (DCD):    5.320ns
    Source Clock Delay      (SCD):    0.000ns
    Clock Pessimism Removal (CPR):    0.000ns
  Clock Uncertainty:      0.025ns  ((TSJ^2 + TIJ^2)^1/2 + DJ) / 2 + PE
    Total System Jitter     (TSJ):    0.050ns
    Total Input Jitter      (TIJ):    0.000ns
    Discrete Jitter          (DJ):    0.000ns
    Phase Error              (PE):    0.000ns

    Location             Delay type                Incr(ns)  Path(ns)    Netlist Resource(s)
  -------------------------------------------------------------------    -------------------
    D19                                               0.000     0.000 r  reset (IN)
                         net (fo=0)                   0.000     0.000    reset
    D19                  IBUF (Prop_ibuf_I_O)         1.463     1.463 r  reset_IBUF_inst/O
                         net (fo=9980, routed)       39.455    40.918    CROSSHAIR/reset_IBUF
    SLICE_X62Y41         FDRE                                         r  CROSSHAIR/Xr_reg[4]/R
  -------------------------------------------------------------------    -------------------

                         (clock sys_clk rise edge)    0.000     0.000 r  
    H16                                               0.000     0.000 r  clock (IN)
                         net (fo=0)                   0.000     0.000    clock
    H16                  IBUF (Prop_ibuf_I_O)         1.380     1.380 r  clock_IBUF_inst/O
                         net (fo=1, routed)           2.293     3.673    clock_IBUF
    BUFGCTRL_X0Y16       BUFG (Prop_bufg_I_O)         0.091     3.764 r  clock_IBUF_BUFG_inst/O
                         net (fo=8212, routed)        1.555     5.320    CROSSHAIR/clock_IBUF_BUFG
    SLICE_X62Y41         FDRE                                         r  CROSSHAIR/Xr_reg[4]/C

Slack:                    inf
  Source:                 reset
                            (input port)
  Destination:            CROSSHAIR/Xr_reg[5]/R
                            (rising edge-triggered cell FDRE clocked by sys_clk  {rise@0.000ns fall@4.000ns period=8.000ns})
  Path Group:             (none)
  Path Type:              Setup (Max at Slow Process Corner)
  Data Path Delay:        40.918ns  (logic 1.463ns (3.576%)  route 39.455ns (96.424%))
  Logic Levels:           1  (IBUF=1)
  Clock Path Skew:        5.320ns (DCD - SCD + CPR)
    Destination Clock Delay (DCD):    5.320ns
    Source Clock Delay      (SCD):    0.000ns
    Clock Pessimism Removal (CPR):    0.000ns
  Clock Uncertainty:      0.025ns  ((TSJ^2 + TIJ^2)^1/2 + DJ) / 2 + PE
    Total System Jitter     (TSJ):    0.050ns
    Total Input Jitter      (TIJ):    0.000ns
    Discrete Jitter          (DJ):    0.000ns
    Phase Error              (PE):    0.000ns

    Location             Delay type                Incr(ns)  Path(ns)    Netlist Resource(s)
  -------------------------------------------------------------------    -------------------
    D19                                               0.000     0.000 r  reset (IN)
                         net (fo=0)                   0.000     0.000    reset
    D19                  IBUF (Prop_ibuf_I_O)         1.463     1.463 r  reset_IBUF_inst/O
                         net (fo=9980, routed)       39.455    40.918    CROSSHAIR/reset_IBUF
    SLICE_X62Y41         FDRE                                         r  CROSSHAIR/Xr_reg[5]/R
  -------------------------------------------------------------------    -------------------

                         (clock sys_clk rise edge)    0.000     0.000 r  
    H16                                               0.000     0.000 r  clock (IN)
                         net (fo=0)                   0.000     0.000    clock
    H16                  IBUF (Prop_ibuf_I_O)         1.380     1.380 r  clock_IBUF_inst/O
                         net (fo=1, routed)           2.293     3.673    clock_IBUF
    BUFGCTRL_X0Y16       BUFG (Prop_bufg_I_O)         0.091     3.764 r  clock_IBUF_BUFG_inst/O
                         net (fo=8212, routed)        1.555     5.320    CROSSHAIR/clock_IBUF_BUFG
    SLICE_X62Y41         FDRE                                         r  CROSSHAIR/Xr_reg[5]/C

Slack:                    inf
  Source:                 reset
                            (input port)
  Destination:            CROSSHAIR/Xr_reg[6]/R
                            (rising edge-triggered cell FDRE clocked by sys_clk  {rise@0.000ns fall@4.000ns period=8.000ns})
  Path Group:             (none)
  Path Type:              Setup (Max at Slow Process Corner)
  Data Path Delay:        40.918ns  (logic 1.463ns (3.576%)  route 39.455ns (96.424%))
  Logic Levels:           1  (IBUF=1)
  Clock Path Skew:        5.320ns (DCD - SCD + CPR)
    Destination Clock Delay (DCD):    5.320ns
    Source Clock Delay      (SCD):    0.000ns
    Clock Pessimism Removal (CPR):    0.000ns
  Clock Uncertainty:      0.025ns  ((TSJ^2 + TIJ^2)^1/2 + DJ) / 2 + PE
    Total System Jitter     (TSJ):    0.050ns
    Total Input Jitter      (TIJ):    0.000ns
    Discrete Jitter          (DJ):    0.000ns
    Phase Error              (PE):    0.000ns

    Location             Delay type                Incr(ns)  Path(ns)    Netlist Resource(s)
  -------------------------------------------------------------------    -------------------
    D19                                               0.000     0.000 r  reset (IN)
                         net (fo=0)                   0.000     0.000    reset
    D19                  IBUF (Prop_ibuf_I_O)         1.463     1.463 r  reset_IBUF_inst/O
                         net (fo=9980, routed)       39.455    40.918    CROSSHAIR/reset_IBUF
    SLICE_X63Y41         FDRE                                         r  CROSSHAIR/Xr_reg[6]/R
  -------------------------------------------------------------------    -------------------

                         (clock sys_clk rise edge)    0.000     0.000 r  
    H16                                               0.000     0.000 r  clock (IN)
                         net (fo=0)                   0.000     0.000    clock
    H16                  IBUF (Prop_ibuf_I_O)         1.380     1.380 r  clock_IBUF_inst/O
                         net (fo=1, routed)           2.293     3.673    clock_IBUF
    BUFGCTRL_X0Y16       BUFG (Prop_bufg_I_O)         0.091     3.764 r  clock_IBUF_BUFG_inst/O
                         net (fo=8212, routed)        1.555     5.320    CROSSHAIR/clock_IBUF_BUFG
    SLICE_X63Y41         FDRE                                         r  CROSSHAIR/Xr_reg[6]/C

Slack:                    inf
  Source:                 reset
                            (input port)
  Destination:            CROSSHAIR/Yr_reg[0]/R
                            (rising edge-triggered cell FDRE clocked by sys_clk  {rise@0.000ns fall@4.000ns period=8.000ns})
  Path Group:             (none)
  Path Type:              Setup (Max at Slow Process Corner)
  Data Path Delay:        40.918ns  (logic 1.463ns (3.576%)  route 39.455ns (96.424%))
  Logic Levels:           1  (IBUF=1)
  Clock Path Skew:        5.320ns (DCD - SCD + CPR)
    Destination Clock Delay (DCD):    5.320ns
    Source Clock Delay      (SCD):    0.000ns
    Clock Pessimism Removal (CPR):    0.000ns
  Clock Uncertainty:      0.025ns  ((TSJ^2 + TIJ^2)^1/2 + DJ) / 2 + PE
    Total System Jitter     (TSJ):    0.050ns
    Total Input Jitter      (TIJ):    0.000ns
    Discrete Jitter          (DJ):    0.000ns
    Phase Error              (PE):    0.000ns

    Location             Delay type                Incr(ns)  Path(ns)    Netlist Resource(s)
  -------------------------------------------------------------------    -------------------
    D19                                               0.000     0.000 r  reset (IN)
                         net (fo=0)                   0.000     0.000    reset
    D19                  IBUF (Prop_ibuf_I_O)         1.463     1.463 r  reset_IBUF_inst/O
                         net (fo=9980, routed)       39.455    40.918    CROSSHAIR/reset_IBUF
    SLICE_X62Y41         FDRE                                         r  CROSSHAIR/Yr_reg[0]/R
  -------------------------------------------------------------------    -------------------

                         (clock sys_clk rise edge)    0.000     0.000 r  
    H16                                               0.000     0.000 r  clock (IN)
                         net (fo=0)                   0.000     0.000    clock
    H16                  IBUF (Prop_ibuf_I_O)         1.380     1.380 r  clock_IBUF_inst/O
                         net (fo=1, routed)           2.293     3.673    clock_IBUF
    BUFGCTRL_X0Y16       BUFG (Prop_bufg_I_O)         0.091     3.764 r  clock_IBUF_BUFG_inst/O
                         net (fo=8212, routed)        1.555     5.320    CROSSHAIR/clock_IBUF_BUFG
    SLICE_X62Y41         FDRE                                         r  CROSSHAIR/Yr_reg[0]/C

Slack:                    inf
  Source:                 reset
                            (input port)
  Destination:            CROSSHAIR/Xr_reg[0]/R
                            (rising edge-triggered cell FDRE clocked by sys_clk  {rise@0.000ns fall@4.000ns period=8.000ns})
  Path Group:             (none)
  Path Type:              Setup (Max at Slow Process Corner)
  Data Path Delay:        40.733ns  (logic 1.463ns (3.593%)  route 39.270ns (96.407%))
  Logic Levels:           1  (IBUF=1)
  Clock Path Skew:        5.319ns (DCD - SCD + CPR)
    Destination Clock Delay (DCD):    5.319ns
    Source Clock Delay      (SCD):    0.000ns
    Clock Pessimism Removal (CPR):    0.000ns
  Clock Uncertainty:      0.025ns  ((TSJ^2 + TIJ^2)^1/2 + DJ) / 2 + PE
    Total System Jitter     (TSJ):    0.050ns
    Total Input Jitter      (TIJ):    0.000ns
    Discrete Jitter          (DJ):    0.000ns
    Phase Error              (PE):    0.000ns

    Location             Delay type                Incr(ns)  Path(ns)    Netlist Resource(s)
  -------------------------------------------------------------------    -------------------
    D19                                               0.000     0.000 r  reset (IN)
                         net (fo=0)                   0.000     0.000    reset
    D19                  IBUF (Prop_ibuf_I_O)         1.463     1.463 r  reset_IBUF_inst/O
                         net (fo=9980, routed)       39.270    40.733    CROSSHAIR/reset_IBUF
    SLICE_X62Y40         FDRE                                         r  CROSSHAIR/Xr_reg[0]/R
  -------------------------------------------------------------------    -------------------

                         (clock sys_clk rise edge)    0.000     0.000 r  
    H16                                               0.000     0.000 r  clock (IN)
                         net (fo=0)                   0.000     0.000    clock
    H16                  IBUF (Prop_ibuf_I_O)         1.380     1.380 r  clock_IBUF_inst/O
                         net (fo=1, routed)           2.293     3.673    clock_IBUF
    BUFGCTRL_X0Y16       BUFG (Prop_bufg_I_O)         0.091     3.764 r  clock_IBUF_BUFG_inst/O
                         net (fo=8212, routed)        1.554     5.319    CROSSHAIR/clock_IBUF_BUFG
    SLICE_X62Y40         FDRE                                         r  CROSSHAIR/Xr_reg[0]/C

Slack:                    inf
  Source:                 reset
                            (input port)
  Destination:            CROSSHAIR/step_reg[0]/R
                            (rising edge-triggered cell FDRE clocked by sys_clk  {rise@0.000ns fall@4.000ns period=8.000ns})
  Path Group:             (none)
  Path Type:              Setup (Max at Slow Process Corner)
  Data Path Delay:        36.287ns  (logic 1.463ns (4.033%)  route 34.824ns (95.967%))
  Logic Levels:           1  (IBUF=1)
  Clock Path Skew:        5.317ns (DCD - SCD + CPR)
    Destination Clock Delay (DCD):    5.317ns
    Source Clock Delay      (SCD):    0.000ns
    Clock Pessimism Removal (CPR):    0.000ns
  Clock Uncertainty:      0.025ns  ((TSJ^2 + TIJ^2)^1/2 + DJ) / 2 + PE
    Total System Jitter     (TSJ):    0.050ns
    Total Input Jitter      (TIJ):    0.000ns
    Discrete Jitter          (DJ):    0.000ns
    Phase Error              (PE):    0.000ns

    Location             Delay type                Incr(ns)  Path(ns)    Netlist Resource(s)
  -------------------------------------------------------------------    -------------------
    D19                                               0.000     0.000 r  reset (IN)
                         net (fo=0)                   0.000     0.000    reset
    D19                  IBUF (Prop_ibuf_I_O)         1.463     1.463 r  reset_IBUF_inst/O
                         net (fo=9980, routed)       34.824    36.287    CROSSHAIR/reset_IBUF
    SLICE_X59Y39         FDRE                                         r  CROSSHAIR/step_reg[0]/R
  -------------------------------------------------------------------    -------------------

                         (clock sys_clk rise edge)    0.000     0.000 r  
    H16                                               0.000     0.000 r  clock (IN)
                         net (fo=0)                   0.000     0.000    clock
    H16                  IBUF (Prop_ibuf_I_O)         1.380     1.380 r  clock_IBUF_inst/O
                         net (fo=1, routed)           2.293     3.673    clock_IBUF
    BUFGCTRL_X0Y16       BUFG (Prop_bufg_I_O)         0.091     3.764 r  clock_IBUF_BUFG_inst/O
                         net (fo=8212, routed)        1.552     5.317    CROSSHAIR/clock_IBUF_BUFG
    SLICE_X59Y39         FDRE                                         r  CROSSHAIR/step_reg[0]/C





Min Delay Paths
--------------------------------------------------------------------------------------
Slack:                    inf
  Source:                 PIPELINE/REGFILE/regBank_reg[2][0]/C
                            (rising edge-triggered cell FDCE)
  Destination:            CROSSHAIR/Yr_reg[0]/D
                            (rising edge-triggered cell FDRE clocked by sys_clk  {rise@0.000ns fall@4.000ns period=8.000ns})
  Path Group:             (none)
  Path Type:              Hold (Min at Fast Process Corner)
  Data Path Delay:        0.952ns  (logic 0.141ns (14.815%)  route 0.811ns (85.185%))
  Logic Levels:           1  (FDCE=1)
  Clock Uncertainty:      0.025ns  ((TSJ^2 + TIJ^2)^1/2 + DJ) / 2 + PE
    Total System Jitter     (TSJ):    0.050ns
    Total Input Jitter      (TIJ):    0.000ns
    Discrete Jitter          (DJ):    0.000ns
    Phase Error              (PE):    0.000ns

    Location             Delay type                Incr(ns)  Path(ns)    Netlist Resource(s)
  -------------------------------------------------------------------    -------------------
    SLICE_X87Y92         FDCE                         0.000     0.000 r  PIPELINE/REGFILE/regBank_reg[2][0]/C
    SLICE_X87Y92         FDCE (Prop_fdce_C_Q)         0.141     0.141 r  PIPELINE/REGFILE/regBank_reg[2][0]/Q
                         net (fo=5, routed)           0.811     0.952    CROSSHAIR/r2[0]
    SLICE_X62Y41         FDRE                                         r  CROSSHAIR/Yr_reg[0]/D
  -------------------------------------------------------------------    -------------------

                         (clock sys_clk rise edge)    0.000     0.000 r  
    H16                                               0.000     0.000 r  clock (IN)
                         net (fo=0)                   0.000     0.000    clock
    H16                  IBUF (Prop_ibuf_I_O)         0.406     0.406 r  clock_IBUF_inst/O
                         net (fo=1, routed)           0.907     1.313    clock_IBUF
    BUFGCTRL_X0Y16       BUFG (Prop_bufg_I_O)         0.029     1.342 r  clock_IBUF_BUFG_inst/O
                         net (fo=8212, routed)        0.852     2.194    CROSSHAIR/clock_IBUF_BUFG
    SLICE_X62Y41         FDRE                                         r  CROSSHAIR/Yr_reg[0]/C

Slack:                    inf
  Source:                 PIPELINE/REGFILE/regBank_reg[1][0]/C
                            (rising edge-triggered cell FDCE)
  Destination:            CROSSHAIR/Xr_reg[0]/D
                            (rising edge-triggered cell FDRE clocked by sys_clk  {rise@0.000ns fall@4.000ns period=8.000ns})
  Path Group:             (none)
  Path Type:              Hold (Min at Fast Process Corner)
  Data Path Delay:        1.341ns  (logic 0.141ns (10.512%)  route 1.200ns (89.488%))
  Logic Levels:           1  (FDCE=1)
  Clock Uncertainty:      0.025ns  ((TSJ^2 + TIJ^2)^1/2 + DJ) / 2 + PE
    Total System Jitter     (TSJ):    0.050ns
    Total Input Jitter      (TIJ):    0.000ns
    Discrete Jitter          (DJ):    0.000ns
    Phase Error              (PE):    0.000ns

    Location             Delay type                Incr(ns)  Path(ns)    Netlist Resource(s)
  -------------------------------------------------------------------    -------------------
    SLICE_X84Y91         FDCE                         0.000     0.000 r  PIPELINE/REGFILE/regBank_reg[1][0]/C
    SLICE_X84Y91         FDCE (Prop_fdce_C_Q)         0.141     0.141 r  PIPELINE/REGFILE/regBank_reg[1][0]/Q
                         net (fo=5, routed)           1.200     1.341    CROSSHAIR/r1[0]
    SLICE_X62Y40         FDRE                                         r  CROSSHAIR/Xr_reg[0]/D
  -------------------------------------------------------------------    -------------------

                         (clock sys_clk rise edge)    0.000     0.000 r  
    H16                                               0.000     0.000 r  clock (IN)
                         net (fo=0)                   0.000     0.000    clock
    H16                  IBUF (Prop_ibuf_I_O)         0.406     0.406 r  clock_IBUF_inst/O
                         net (fo=1, routed)           0.907     1.313    clock_IBUF
    BUFGCTRL_X0Y16       BUFG (Prop_bufg_I_O)         0.029     1.342 r  clock_IBUF_BUFG_inst/O
                         net (fo=8212, routed)        0.852     2.194    CROSSHAIR/clock_IBUF_BUFG
    SLICE_X62Y40         FDRE                                         r  CROSSHAIR/Xr_reg[0]/C

Slack:                    inf
  Source:                 PIPELINE/REGFILE/regBank_reg[2][4]/C
                            (rising edge-triggered cell FDCE)
  Destination:            CROSSHAIR/Yr_reg[4]/D
                            (rising edge-triggered cell FDRE clocked by sys_clk  {rise@0.000ns fall@4.000ns period=8.000ns})
  Path Group:             (none)
  Path Type:              Hold (Min at Fast Process Corner)
  Data Path Delay:        1.391ns  (logic 0.141ns (10.139%)  route 1.250ns (89.861%))
  Logic Levels:           1  (FDCE=1)
  Clock Uncertainty:      0.025ns  ((TSJ^2 + TIJ^2)^1/2 + DJ) / 2 + PE
    Total System Jitter     (TSJ):    0.050ns
    Total Input Jitter      (TIJ):    0.000ns
    Discrete Jitter          (DJ):    0.000ns
    Phase Error              (PE):    0.000ns

    Location             Delay type                Incr(ns)  Path(ns)    Netlist Resource(s)
  -------------------------------------------------------------------    -------------------
    SLICE_X91Y92         FDCE                         0.000     0.000 r  PIPELINE/REGFILE/regBank_reg[2][4]/C
    SLICE_X91Y92         FDCE (Prop_fdce_C_Q)         0.141     0.141 r  PIPELINE/REGFILE/regBank_reg[2][4]/Q
                         net (fo=9, routed)           1.250     1.391    CROSSHAIR/r2[4]
    SLICE_X61Y41         FDRE                                         r  CROSSHAIR/Yr_reg[4]/D
  -------------------------------------------------------------------    -------------------

                         (clock sys_clk rise edge)    0.000     0.000 r  
    H16                                               0.000     0.000 r  clock (IN)
                         net (fo=0)                   0.000     0.000    clock
    H16                  IBUF (Prop_ibuf_I_O)         0.406     0.406 r  clock_IBUF_inst/O
                         net (fo=1, routed)           0.907     1.313    clock_IBUF
    BUFGCTRL_X0Y16       BUFG (Prop_bufg_I_O)         0.029     1.342 r  clock_IBUF_BUFG_inst/O
                         net (fo=8212, routed)        0.852     2.194    CROSSHAIR/clock_IBUF_BUFG
    SLICE_X61Y41         FDRE                                         r  CROSSHAIR/Yr_reg[4]/C

Slack:                    inf
  Source:                 PIPELINE/REGFILE/regBank_reg[2][3]/C
                            (rising edge-triggered cell FDCE)
  Destination:            CROSSHAIR/Yr_reg[3]/D
                            (rising edge-triggered cell FDRE clocked by sys_clk  {rise@0.000ns fall@4.000ns period=8.000ns})
  Path Group:             (none)
  Path Type:              Hold (Min at Fast Process Corner)
  Data Path Delay:        1.475ns  (logic 0.164ns (11.116%)  route 1.311ns (88.884%))
  Logic Levels:           1  (FDCE=1)
  Clock Uncertainty:      0.025ns  ((TSJ^2 + TIJ^2)^1/2 + DJ) / 2 + PE
    Total System Jitter     (TSJ):    0.050ns
    Total Input Jitter      (TIJ):    0.000ns
    Discrete Jitter          (DJ):    0.000ns
    Phase Error              (PE):    0.000ns

    Location             Delay type                Incr(ns)  Path(ns)    Netlist Resource(s)
  -------------------------------------------------------------------    -------------------
    SLICE_X94Y92         FDCE                         0.000     0.000 r  PIPELINE/REGFILE/regBank_reg[2][3]/C
    SLICE_X94Y92         FDCE (Prop_fdce_C_Q)         0.164     0.164 r  PIPELINE/REGFILE/regBank_reg[2][3]/Q
                         net (fo=9, routed)           1.311     1.475    CROSSHAIR/r2[3]
    SLICE_X61Y41         FDRE                                         r  CROSSHAIR/Yr_reg[3]/D
  -------------------------------------------------------------------    -------------------

                         (clock sys_clk rise edge)    0.000     0.000 r  
    H16                                               0.000     0.000 r  clock (IN)
                         net (fo=0)                   0.000     0.000    clock
    H16                  IBUF (Prop_ibuf_I_O)         0.406     0.406 r  clock_IBUF_inst/O
                         net (fo=1, routed)           0.907     1.313    clock_IBUF
    BUFGCTRL_X0Y16       BUFG (Prop_bufg_I_O)         0.029     1.342 r  clock_IBUF_BUFG_inst/O
                         net (fo=8212, routed)        0.852     2.194    CROSSHAIR/clock_IBUF_BUFG
    SLICE_X61Y41         FDRE                                         r  CROSSHAIR/Yr_reg[3]/C

Slack:                    inf
  Source:                 PIPELINE/REGFILE/regBank_reg[1][1]/C
                            (rising edge-triggered cell FDCE)
  Destination:            CROSSHAIR/Xr_reg[1]/D
                            (rising edge-triggered cell FDRE clocked by sys_clk  {rise@0.000ns fall@4.000ns period=8.000ns})
  Path Group:             (none)
  Path Type:              Hold (Min at Fast Process Corner)
  Data Path Delay:        1.511ns  (logic 0.164ns (10.852%)  route 1.347ns (89.148%))
  Logic Levels:           1  (FDCE=1)
  Clock Uncertainty:      0.025ns  ((TSJ^2 + TIJ^2)^1/2 + DJ) / 2 + PE
    Total System Jitter     (TSJ):    0.050ns
    Total Input Jitter      (TIJ):    0.000ns
    Discrete Jitter          (DJ):    0.000ns
    Phase Error              (PE):    0.000ns

    Location             Delay type                Incr(ns)  Path(ns)    Netlist Resource(s)
  -------------------------------------------------------------------    -------------------
    SLICE_X90Y93         FDCE                         0.000     0.000 r  PIPELINE/REGFILE/regBank_reg[1][1]/C
    SLICE_X90Y93         FDCE (Prop_fdce_C_Q)         0.164     0.164 r  PIPELINE/REGFILE/regBank_reg[1][1]/Q
                         net (fo=10, routed)          1.347     1.511    CROSSHAIR/r1[1]
    SLICE_X61Y41         FDRE                                         r  CROSSHAIR/Xr_reg[1]/D
  -------------------------------------------------------------------    -------------------

                         (clock sys_clk rise edge)    0.000     0.000 r  
    H16                                               0.000     0.000 r  clock (IN)
                         net (fo=0)                   0.000     0.000    clock
    H16                  IBUF (Prop_ibuf_I_O)         0.406     0.406 r  clock_IBUF_inst/O
                         net (fo=1, routed)           0.907     1.313    clock_IBUF
    BUFGCTRL_X0Y16       BUFG (Prop_bufg_I_O)         0.029     1.342 r  clock_IBUF_BUFG_inst/O
                         net (fo=8212, routed)        0.852     2.194    CROSSHAIR/clock_IBUF_BUFG
    SLICE_X61Y41         FDRE                                         r  CROSSHAIR/Xr_reg[1]/C

Slack:                    inf
  Source:                 PIPELINE/REGFILE/regBank_reg[1][2]/C
                            (rising edge-triggered cell FDCE)
  Destination:            CROSSHAIR/Xr_reg[2]/D
                            (rising edge-triggered cell FDRE clocked by sys_clk  {rise@0.000ns fall@4.000ns period=8.000ns})
  Path Group:             (none)
  Path Type:              Hold (Min at Fast Process Corner)
  Data Path Delay:        1.551ns  (logic 0.164ns (10.575%)  route 1.387ns (89.425%))
  Logic Levels:           1  (FDCE=1)
  Clock Uncertainty:      0.025ns  ((TSJ^2 + TIJ^2)^1/2 + DJ) / 2 + PE
    Total System Jitter     (TSJ):    0.050ns
    Total Input Jitter      (TIJ):    0.000ns
    Discrete Jitter          (DJ):    0.000ns
    Phase Error              (PE):    0.000ns

    Location             Delay type                Incr(ns)  Path(ns)    Netlist Resource(s)
  -------------------------------------------------------------------    -------------------
    SLICE_X90Y93         FDCE                         0.000     0.000 r  PIPELINE/REGFILE/regBank_reg[1][2]/C
    SLICE_X90Y93         FDCE (Prop_fdce_C_Q)         0.164     0.164 r  PIPELINE/REGFILE/regBank_reg[1][2]/Q
                         net (fo=13, routed)          1.387     1.551    CROSSHAIR/r1[2]
    SLICE_X62Y41         FDRE                                         r  CROSSHAIR/Xr_reg[2]/D
  -------------------------------------------------------------------    -------------------

                         (clock sys_clk rise edge)    0.000     0.000 r  
    H16                                               0.000     0.000 r  clock (IN)
                         net (fo=0)                   0.000     0.000    clock
    H16                  IBUF (Prop_ibuf_I_O)         0.406     0.406 r  clock_IBUF_inst/O
                         net (fo=1, routed)           0.907     1.313    clock_IBUF
    BUFGCTRL_X0Y16       BUFG (Prop_bufg_I_O)         0.029     1.342 r  clock_IBUF_BUFG_inst/O
                         net (fo=8212, routed)        0.852     2.194    CROSSHAIR/clock_IBUF_BUFG
    SLICE_X62Y41         FDRE                                         r  CROSSHAIR/Xr_reg[2]/C

Slack:                    inf
  Source:                 PIPELINE/REGFILE/regBank_reg[2][2]/C
                            (rising edge-triggered cell FDCE)
  Destination:            CROSSHAIR/Yr_reg[2]/D
                            (rising edge-triggered cell FDRE clocked by sys_clk  {rise@0.000ns fall@4.000ns period=8.000ns})
  Path Group:             (none)
  Path Type:              Hold (Min at Fast Process Corner)
  Data Path Delay:        1.562ns  (logic 0.164ns (10.500%)  route 1.398ns (89.500%))
  Logic Levels:           1  (FDCE=1)
  Clock Uncertainty:      0.025ns  ((TSJ^2 + TIJ^2)^1/2 + DJ) / 2 + PE
    Total System Jitter     (TSJ):    0.050ns
    Total Input Jitter      (TIJ):    0.000ns
    Discrete Jitter          (DJ):    0.000ns
    Phase Error              (PE):    0.000ns

    Location             Delay type                Incr(ns)  Path(ns)    Netlist Resource(s)
  -------------------------------------------------------------------    -------------------
    SLICE_X94Y92         FDCE                         0.000     0.000 r  PIPELINE/REGFILE/regBank_reg[2][2]/C
    SLICE_X94Y92         FDCE (Prop_fdce_C_Q)         0.164     0.164 r  PIPELINE/REGFILE/regBank_reg[2][2]/Q
                         net (fo=8, routed)           1.398     1.562    CROSSHAIR/r2[2]
    SLICE_X60Y40         FDRE                                         r  CROSSHAIR/Yr_reg[2]/D
  -------------------------------------------------------------------    -------------------

                         (clock sys_clk rise edge)    0.000     0.000 r  
    H16                                               0.000     0.000 r  clock (IN)
                         net (fo=0)                   0.000     0.000    clock
    H16                  IBUF (Prop_ibuf_I_O)         0.406     0.406 r  clock_IBUF_inst/O
                         net (fo=1, routed)           0.907     1.313    clock_IBUF
    BUFGCTRL_X0Y16       BUFG (Prop_bufg_I_O)         0.029     1.342 r  clock_IBUF_BUFG_inst/O
                         net (fo=8212, routed)        0.852     2.194    CROSSHAIR/clock_IBUF_BUFG
    SLICE_X60Y40         FDRE                                         r  CROSSHAIR/Yr_reg[2]/C

Slack:                    inf
  Source:                 PIPELINE/REGFILE/regBank_reg[2][5]/C
                            (rising edge-triggered cell FDCE)
  Destination:            CROSSHAIR/Yr_reg[5]/D
                            (rising edge-triggered cell FDRE clocked by sys_clk  {rise@0.000ns fall@4.000ns period=8.000ns})
  Path Group:             (none)
  Path Type:              Hold (Min at Fast Process Corner)
  Data Path Delay:        1.610ns  (logic 0.164ns (10.189%)  route 1.446ns (89.811%))
  Logic Levels:           1  (FDCE=1)
  Clock Uncertainty:      0.025ns  ((TSJ^2 + TIJ^2)^1/2 + DJ) / 2 + PE
    Total System Jitter     (TSJ):    0.050ns
    Total Input Jitter      (TIJ):    0.000ns
    Discrete Jitter          (DJ):    0.000ns
    Phase Error              (PE):    0.000ns

    Location             Delay type                Incr(ns)  Path(ns)    Netlist Resource(s)
  -------------------------------------------------------------------    -------------------
    SLICE_X94Y92         FDCE                         0.000     0.000 r  PIPELINE/REGFILE/regBank_reg[2][5]/C
    SLICE_X94Y92         FDCE (Prop_fdce_C_Q)         0.164     0.164 r  PIPELINE/REGFILE/regBank_reg[2][5]/Q
                         net (fo=9, routed)           1.446     1.610    CROSSHAIR/r2[5]
    SLICE_X61Y41         FDRE                                         r  CROSSHAIR/Yr_reg[5]/D
  -------------------------------------------------------------------    -------------------

                         (clock sys_clk rise edge)    0.000     0.000 r  
    H16                                               0.000     0.000 r  clock (IN)
                         net (fo=0)                   0.000     0.000    clock
    H16                  IBUF (Prop_ibuf_I_O)         0.406     0.406 r  clock_IBUF_inst/O
                         net (fo=1, routed)           0.907     1.313    clock_IBUF
    BUFGCTRL_X0Y16       BUFG (Prop_bufg_I_O)         0.029     1.342 r  clock_IBUF_BUFG_inst/O
                         net (fo=8212, routed)        0.852     2.194    CROSSHAIR/clock_IBUF_BUFG
    SLICE_X61Y41         FDRE                                         r  CROSSHAIR/Yr_reg[5]/C

Slack:                    inf
  Source:                 PIPELINE/REGFILE/regBank_reg[1][0]/C
                            (rising edge-triggered cell FDCE)
  Destination:            CROSSHAIR/Xr_reg[1]/CE
                            (rising edge-triggered cell FDRE clocked by sys_clk  {rise@0.000ns fall@4.000ns period=8.000ns})
  Path Group:             (none)
  Path Type:              Hold (Min at Fast Process Corner)
  Data Path Delay:        1.635ns  (logic 0.231ns (14.131%)  route 1.404ns (85.869%))
  Logic Levels:           3  (FDCE=1 LUT6=2)
  Clock Uncertainty:      0.025ns  ((TSJ^2 + TIJ^2)^1/2 + DJ) / 2 + PE
    Total System Jitter     (TSJ):    0.050ns
    Total Input Jitter      (TIJ):    0.000ns
    Discrete Jitter          (DJ):    0.000ns
    Phase Error              (PE):    0.000ns

    Location             Delay type                Incr(ns)  Path(ns)    Netlist Resource(s)
  -------------------------------------------------------------------    -------------------
    SLICE_X84Y91         FDCE                         0.000     0.000 r  PIPELINE/REGFILE/regBank_reg[1][0]/C
    SLICE_X84Y91         FDCE (Prop_fdce_C_Q)         0.141     0.141 r  PIPELINE/REGFILE/regBank_reg[1][0]/Q
                         net (fo=5, routed)           1.115     1.256    CROSSHAIR/r1[0]
    SLICE_X62Y41         LUT6 (Prop_lut6_I1_O)        0.045     1.301 r  CROSSHAIR/Yr[5]_i_5/O
                         net (fo=1, routed)           0.160     1.461    CROSSHAIR/Yr[5]_i_5_n_0
    SLICE_X62Y41         LUT6 (Prop_lut6_I3_O)        0.045     1.506 r  CROSSHAIR/Yr[5]_i_1/O
                         net (fo=15, routed)          0.128     1.635    CROSSHAIR/Yr[5]_i_1_n_0
    SLICE_X61Y41         FDRE                                         r  CROSSHAIR/Xr_reg[1]/CE
  -------------------------------------------------------------------    -------------------

                         (clock sys_clk rise edge)    0.000     0.000 r  
    H16                                               0.000     0.000 r  clock (IN)
                         net (fo=0)                   0.000     0.000    clock
    H16                  IBUF (Prop_ibuf_I_O)         0.406     0.406 r  clock_IBUF_inst/O
                         net (fo=1, routed)           0.907     1.313    clock_IBUF
    BUFGCTRL_X0Y16       BUFG (Prop_bufg_I_O)         0.029     1.342 r  clock_IBUF_BUFG_inst/O
                         net (fo=8212, routed)        0.852     2.194    CROSSHAIR/clock_IBUF_BUFG
    SLICE_X61Y41         FDRE                                         r  CROSSHAIR/Xr_reg[1]/C

Slack:                    inf
  Source:                 PIPELINE/REGFILE/regBank_reg[1][0]/C
                            (rising edge-triggered cell FDCE)
  Destination:            CROSSHAIR/Yr_reg[3]/CE
                            (rising edge-triggered cell FDRE clocked by sys_clk  {rise@0.000ns fall@4.000ns period=8.000ns})
  Path Group:             (none)
  Path Type:              Hold (Min at Fast Process Corner)
  Data Path Delay:        1.635ns  (logic 0.231ns (14.131%)  route 1.404ns (85.869%))
  Logic Levels:           3  (FDCE=1 LUT6=2)
  Clock Uncertainty:      0.025ns  ((TSJ^2 + TIJ^2)^1/2 + DJ) / 2 + PE
    Total System Jitter     (TSJ):    0.050ns
    Total Input Jitter      (TIJ):    0.000ns
    Discrete Jitter          (DJ):    0.000ns
    Phase Error              (PE):    0.000ns

    Location             Delay type                Incr(ns)  Path(ns)    Netlist Resource(s)
  -------------------------------------------------------------------    -------------------
    SLICE_X84Y91         FDCE                         0.000     0.000 r  PIPELINE/REGFILE/regBank_reg[1][0]/C
    SLICE_X84Y91         FDCE (Prop_fdce_C_Q)         0.141     0.141 r  PIPELINE/REGFILE/regBank_reg[1][0]/Q
                         net (fo=5, routed)           1.115     1.256    CROSSHAIR/r1[0]
    SLICE_X62Y41         LUT6 (Prop_lut6_I1_O)        0.045     1.301 r  CROSSHAIR/Yr[5]_i_5/O
                         net (fo=1, routed)           0.160     1.461    CROSSHAIR/Yr[5]_i_5_n_0
    SLICE_X62Y41         LUT6 (Prop_lut6_I3_O)        0.045     1.506 r  CROSSHAIR/Yr[5]_i_1/O
                         net (fo=15, routed)          0.128     1.635    CROSSHAIR/Yr[5]_i_1_n_0
    SLICE_X61Y41         FDRE                                         r  CROSSHAIR/Yr_reg[3]/CE
  -------------------------------------------------------------------    -------------------

                         (clock sys_clk rise edge)    0.000     0.000 r  
    H16                                               0.000     0.000 r  clock (IN)
                         net (fo=0)                   0.000     0.000    clock
    H16                  IBUF (Prop_ibuf_I_O)         0.406     0.406 r  clock_IBUF_inst/O
                         net (fo=1, routed)           0.907     1.313    clock_IBUF
    BUFGCTRL_X0Y16       BUFG (Prop_bufg_I_O)         0.029     1.342 r  clock_IBUF_BUFG_inst/O
                         net (fo=8212, routed)        0.852     2.194    CROSSHAIR/clock_IBUF_BUFG
    SLICE_X61Y41         FDRE                                         r  CROSSHAIR/Yr_reg[3]/C





