Copyright 1986-2022 Xilinx, Inc. All Rights Reserved. Copyright 2022-2025 Advanced Micro Devices, Inc. All Rights Reserved.
---------------------------------------------------------------------------------------------------------------------------------------------
| Tool Version : Vivado v.2025.1 (win64) Build 6140274 Thu May 22 00:12:29 MDT 2025
| Date         : Mon May 25 20:05:08 2026
| Host         : LAPTOP-QR3M58JR running 64-bit major release  (build 9200)
| Command      : report_control_sets -verbose -file parent_control_sets_placed.rpt
| Design       : parent
| Device       : xc7z020
---------------------------------------------------------------------------------------------------------------------------------------------

Control Set Information

Table of Contents
-----------------
1. Summary
2. Histogram
3. Flip-Flop Distribution
4. Detailed Control Set Information

1. Summary
----------

+----------------------------------------------------------+-------+
|                          Status                          | Count |
+----------------------------------------------------------+-------+
| Total control sets                                       |  1077 |
|    Minimum number of control sets                        |  1077 |
|    Addition due to synthesis replication                 |     0 |
|    Addition due to physical synthesis replication        |     0 |
| Unused register locations in slices containing registers |    81 |
+----------------------------------------------------------+-------+
* Control sets can be merged at opt_design using control_set_merge or merge_equivalent_drivers
** Run report_qor_suggestions for automated merging and remapping suggestions


2. Histogram
------------

+--------------------+-------+
|       Fanout       | Count |
+--------------------+-------+
| Total control sets |  1077 |
| >= 0 to < 4        |     7 |
| >= 4 to < 6        |     3 |
| >= 6 to < 8        |     4 |
| >= 8 to < 10       |  1025 |
| >= 10 to < 12      |     0 |
| >= 12 to < 14      |     1 |
| >= 14 to < 16      |     1 |
| >= 16              |    36 |
+--------------------+-------+
* Control sets can be remapped at either synth_design or opt_design


3. Flip-Flop Distribution
-------------------------

+--------------+-----------------------+------------------------+-----------------+--------------+
| Clock Enable | Synchronous Set/Reset | Asynchronous Set/Reset | Total Registers | Total Slices |
+--------------+-----------------------+------------------------+-----------------+--------------+
| No           | No                    | No                     |               7 |            3 |
| No           | No                    | Yes                    |             599 |          187 |
| No           | Yes                   | No                     |            8204 |         2940 |
| Yes          | No                    | No                     |              15 |            8 |
| Yes          | No                    | Yes                    |            9292 |         4473 |
| Yes          | Yes                   | No                     |              74 |           34 |
+--------------+-----------------------+------------------------+-----------------+--------------+


4. Detailed Control Set Information
-----------------------------------

+------------------+--------------------------------------------------------+-------------------------------------+------------------+----------------+--------------+
|   Clock Signal   |                      Enable Signal                     |           Set/Reset Signal          | Slice Load Count | Bel Load Count | Bels / Slice |
+------------------+--------------------------------------------------------+-------------------------------------+------------------+----------------+--------------+
|  clock_IBUF_BUFG |                                                        |                                     |                1 |              1 |         1.00 |
|  t_ff_clk_BUFG   | SPI/sda_i_1_n_0                                        | reset_IBUF                          |                1 |              1 |         1.00 |
|  clock_IBUF_BUFG |                                                        | reset_IBUF                          |                1 |              1 |         1.00 |
|  t_ff_clk_BUFG   | SPI/cs_i_1_n_0                                         | reset_IBUF                          |                1 |              1 |         1.00 |
|  t_ff_clk_BUFG   | SPI/spi_load                                           | reset_IBUF                          |                1 |              1 |         1.00 |
|  t_ff_clk_BUFG   | SPI/res_i_1_n_0                                        | reset_IBUF                          |                1 |              1 |         1.00 |
|  t_ff_clk_BUFG   | SPI/sck_r11_out                                        | SPI/sck_i_1_n_0                     |                1 |              1 |         1.00 |
|  t_ff_clk_BUFG   | MOVEMENT_DIVIDER/speed[3]_i_1_n_0                      | reset_IBUF                          |                2 |              4 |         2.00 |
|  clock_IBUF_BUFG | CROSSHAIR/step[4]_i_1_n_0                              | reset_IBUF                          |                2 |              5 |         2.50 |
|  t_ff_clk_BUFG   | SPI/init_idx                                           | reset_IBUF                          |                1 |              5 |         5.00 |
|  t_ff_clk_BUFG   |                                                        |                                     |                2 |              6 |         3.00 |
|  t_ff_clk_BUFG   |                                                        | SPI/clk_cnt                         |                3 |              6 |         2.00 |
|  t_ff_clk_BUFG   | SPI/shift_reg[6]_i_1_n_0                               | reset_IBUF                          |                2 |              6 |         3.00 |
|  t_ff_clk_BUFG   | SPI/data_byte[7]_i_1_n_0                               |                                     |                3 |              7 |         2.33 |
|  t_ff_clk_BUFG   | PIPELINE/EX_MEM/ex_mem_AluOut_out_reg[0]_0[0]          | reset_IBUF                          |                5 |              8 |         1.60 |
|  t_ff_clk_BUFG   | PIPELINE/EX_MEM/ex_mem_AluOut_out_reg[0]_3[0]          | reset_IBUF                          |                5 |              8 |         1.60 |
|  t_ff_clk_BUFG   | PIPELINE/EX_MEM/ex_mem_AluOut_out_reg[1]_14[0]         | reset_IBUF                          |                5 |              8 |         1.60 |
|  t_ff_clk_BUFG   | PIPELINE/EX_MEM/ex_mem_AluOut_out_reg[10]_9[0]         | reset_IBUF                          |                3 |              8 |         2.67 |
|  t_ff_clk_BUFG   | PIPELINE/EX_MEM/ex_mem_AluOut_out_reg[1]_15[0]         | reset_IBUF                          |                2 |              8 |         4.00 |
|  t_ff_clk_BUFG   | PIPELINE/EX_MEM/ex_mem_AluOut_out_reg[1]_16[0]         | reset_IBUF                          |                2 |              8 |         4.00 |
|  t_ff_clk_BUFG   | PIPELINE/EX_MEM/ex_mem_AluOut_out_reg[11]_10[0]        | reset_IBUF                          |                6 |              8 |         1.33 |
|  t_ff_clk_BUFG   | PIPELINE/EX_MEM/ex_mem_AluOut_out_reg[1]_11[0]         | reset_IBUF                          |                4 |              8 |         2.00 |
|  t_ff_clk_BUFG   | PIPELINE/EX_MEM/ex_mem_AluOut_out_reg[11]_3[0]         | reset_IBUF                          |                4 |              8 |         2.00 |
|  t_ff_clk_BUFG   | PIPELINE/EX_MEM/ex_mem_AluOut_out_reg[1]_18[0]         | reset_IBUF                          |                4 |              8 |         2.00 |
|  t_ff_clk_BUFG   | PIPELINE/EX_MEM/ex_mem_AluOut_out_reg[1]_20[0]         | reset_IBUF                          |                2 |              8 |         4.00 |
|  t_ff_clk_BUFG   | PIPELINE/EX_MEM/ex_mem_AluOut_out_reg[1]_22[0]         | reset_IBUF                          |                3 |              8 |         2.67 |
|  t_ff_clk_BUFG   | PIPELINE/EX_MEM/ex_mem_AluOut_out_reg[1]_25[0]         | reset_IBUF                          |                2 |              8 |         4.00 |
|  t_ff_clk_BUFG   | PIPELINE/EX_MEM/ex_mem_AluOut_out_reg[1]_21[0]         | reset_IBUF                          |                6 |              8 |         1.33 |
|  t_ff_clk_BUFG   | PIPELINE/EX_MEM/ex_mem_AluOut_out_reg[1]_3[0]          | reset_IBUF                          |                3 |              8 |         2.67 |
|  t_ff_clk_BUFG   | PIPELINE/EX_MEM/ex_mem_AluOut_out_reg[11]_6[0]         | reset_IBUF                          |                4 |              8 |         2.00 |
|  t_ff_clk_BUFG   | PIPELINE/EX_MEM/ex_mem_AluOut_out_reg[1]_12[0]         | reset_IBUF                          |                4 |              8 |         2.00 |
|  t_ff_clk_BUFG   | PIPELINE/EX_MEM/ex_mem_AluOut_out_reg[1]_4[0]          | reset_IBUF                          |                4 |              8 |         2.00 |
|  t_ff_clk_BUFG   | PIPELINE/EX_MEM/ex_mem_AluOut_out_reg[1]_6[0]          | reset_IBUF                          |                3 |              8 |         2.67 |
|  t_ff_clk_BUFG   | PIPELINE/EX_MEM/ex_mem_AluOut_out_reg[10]_1[0]         | reset_IBUF                          |                3 |              8 |         2.67 |
|  t_ff_clk_BUFG   | PIPELINE/EX_MEM/ex_mem_AluOut_out_reg[10]_4[0]         | reset_IBUF                          |                5 |              8 |         1.60 |
|  t_ff_clk_BUFG   | PIPELINE/EX_MEM/ex_mem_AluOut_out_reg[11]_8[0]         | reset_IBUF                          |                3 |              8 |         2.67 |
|  t_ff_clk_BUFG   | PIPELINE/EX_MEM/ex_mem_AluOut_out_reg[11]_5[0]         | reset_IBUF                          |                3 |              8 |         2.67 |
|  t_ff_clk_BUFG   | PIPELINE/EX_MEM/ex_mem_AluOut_out_reg[11]_1[0]         | reset_IBUF                          |                4 |              8 |         2.00 |
|  t_ff_clk_BUFG   | PIPELINE/EX_MEM/ex_mem_AluOut_out_reg[11]_0[0]         | reset_IBUF                          |                3 |              8 |         2.67 |
|  t_ff_clk_BUFG   | PIPELINE/EX_MEM/ex_mem_AluOut_out_reg[10]_5[0]         | reset_IBUF                          |                2 |              8 |         4.00 |
|  t_ff_clk_BUFG   | PIPELINE/EX_MEM/ex_mem_AluOut_out_reg[11]_2[0]         | reset_IBUF                          |                2 |              8 |         4.00 |
|  t_ff_clk_BUFG   | PIPELINE/EX_MEM/ex_mem_AluOut_out_reg[1]_1[0]          | reset_IBUF                          |                2 |              8 |         4.00 |
|  t_ff_clk_BUFG   | PIPELINE/EX_MEM/ex_mem_AluOut_out_reg[1]_10[0]         | reset_IBUF                          |                2 |              8 |         4.00 |
|  t_ff_clk_BUFG   | PIPELINE/EX_MEM/ex_mem_AluOut_out_reg[11]_9[0]         | reset_IBUF                          |                4 |              8 |         2.00 |
|  t_ff_clk_BUFG   | PIPELINE/EX_MEM/ex_mem_AluOut_out_reg[1]_13[0]         | reset_IBUF                          |                3 |              8 |         2.67 |
|  t_ff_clk_BUFG   | PIPELINE/EX_MEM/ex_mem_AluOut_out_reg[1]_19[0]         | reset_IBUF                          |                2 |              8 |         4.00 |
|  t_ff_clk_BUFG   | PIPELINE/EX_MEM/ex_mem_AluOut_out_reg[1]_17[0]         | reset_IBUF                          |                3 |              8 |         2.67 |
|  t_ff_clk_BUFG   | PIPELINE/EX_MEM/ex_mem_AluOut_out_reg[1]_2[0]          | reset_IBUF                          |                2 |              8 |         4.00 |
|  t_ff_clk_BUFG   | PIPELINE/EX_MEM/ex_mem_AluOut_out_reg[1]_23[0]         | reset_IBUF                          |                5 |              8 |         1.60 |
|  t_ff_clk_BUFG   | PIPELINE/EX_MEM/ex_mem_AluOut_out_reg[1]_24[0]         | reset_IBUF                          |                3 |              8 |         2.67 |
|  t_ff_clk_BUFG   | PIPELINE/EX_MEM/ex_mem_AluOut_out_reg[1]_5[0]          | reset_IBUF                          |                2 |              8 |         4.00 |
|  t_ff_clk_BUFG   | PIPELINE/EX_MEM/ex_mem_AluOut_out_reg[1]_7[0]          | reset_IBUF                          |                4 |              8 |         2.00 |
|  t_ff_clk_BUFG   | PIPELINE/EX_MEM/ex_mem_AluOut_out_reg[1]_8[0]          | reset_IBUF                          |                5 |              8 |         1.60 |
|  t_ff_clk_BUFG   | PIPELINE/EX_MEM/ex_mem_AluOut_out_reg[11]_4[0]         | reset_IBUF                          |                7 |              8 |         1.14 |
|  t_ff_clk_BUFG   | PIPELINE/EX_MEM/ex_mem_AluOut_out_reg[10]_3[0]         | reset_IBUF                          |                2 |              8 |         4.00 |
|  t_ff_clk_BUFG   | PIPELINE/EX_MEM/ex_mem_AluOut_out_reg[15]_0[0]         | reset_IBUF                          |                2 |              8 |         4.00 |
|  t_ff_clk_BUFG   | PIPELINE/EX_MEM/ex_mem_AluOut_out_reg[10]_8[0]         | reset_IBUF                          |                4 |              8 |         2.00 |
|  t_ff_clk_BUFG   | PIPELINE/EX_MEM/ex_mem_AluOut_out_reg[10]_2[0]         | reset_IBUF                          |                4 |              8 |         2.00 |
|  t_ff_clk_BUFG   | PIPELINE/EX_MEM/ex_mem_AluOut_out_reg[10]_6[0]         | reset_IBUF                          |                8 |              8 |         1.00 |
|  t_ff_clk_BUFG   | PIPELINE/EX_MEM/ex_mem_AluOut_out_reg[11]_11[0]        | reset_IBUF                          |                3 |              8 |         2.67 |
|  t_ff_clk_BUFG   | PIPELINE/EX_MEM/ex_mem_AluOut_out_reg[10]_7[0]         | reset_IBUF                          |                5 |              8 |         1.60 |
|  t_ff_clk_BUFG   | PIPELINE/EX_MEM/ex_mem_AluOut_out_reg[11]_7[0]         | reset_IBUF                          |                3 |              8 |         2.67 |
|  t_ff_clk_BUFG   | PIPELINE/EX_MEM/ex_mem_AluOut_out_reg[2]_rep__19_10[0] | reset_IBUF                          |                3 |              8 |         2.67 |
|  t_ff_clk_BUFG   | PIPELINE/EX_MEM/ex_mem_AluOut_out_reg[1]_9[0]          | reset_IBUF                          |                2 |              8 |         4.00 |
|  t_ff_clk_BUFG   | PIPELINE/EX_MEM/ex_mem_AluOut_out_reg[27]_0[0]         | reset_IBUF                          |                3 |              8 |         2.67 |
|  t_ff_clk_BUFG   | PIPELINE/EX_MEM/ex_mem_AluOut_out_reg[2]_rep__17_3[0]  | reset_IBUF                          |                3 |              8 |         2.67 |
|  t_ff_clk_BUFG   | PIPELINE/EX_MEM/ex_mem_AluOut_out_reg[2]_rep__19_3[0]  | reset_IBUF                          |                2 |              8 |         4.00 |
|  t_ff_clk_BUFG   | PIPELINE/EX_MEM/ex_mem_AluOut_out_reg[2]_rep__7_1[0]   | reset_IBUF                          |                4 |              8 |         2.00 |
|  t_ff_clk_BUFG   | PIPELINE/EX_MEM/ex_mem_AluOut_out_reg[2]_rep__7_2[0]   | reset_IBUF                          |                4 |              8 |         2.00 |
|  t_ff_clk_BUFG   | PIPELINE/EX_MEM/ex_mem_AluOut_out_reg[2]_rep__8_5[0]   | reset_IBUF                          |                4 |              8 |         2.00 |
|  t_ff_clk_BUFG   | PIPELINE/EX_MEM/ex_mem_AluOut_out_reg[31]_0[0]         | reset_IBUF                          |                2 |              8 |         4.00 |
|  t_ff_clk_BUFG   | PIPELINE/EX_MEM/ex_mem_AluOut_out_reg[2]_rep__8_8[0]   | reset_IBUF                          |                3 |              8 |         2.67 |
|  t_ff_clk_BUFG   | PIPELINE/EX_MEM/ex_mem_AluOut_out_reg[2]_rep__8_4[0]   | reset_IBUF                          |                3 |              8 |         2.67 |
|  t_ff_clk_BUFG   | PIPELINE/EX_MEM/ex_mem_AluOut_out_reg[2]_rep__18_0[0]  | reset_IBUF                          |                5 |              8 |         1.60 |
|  t_ff_clk_BUFG   | PIPELINE/EX_MEM/ex_mem_AluOut_out_reg[2]_rep__19_2[0]  | reset_IBUF                          |                3 |              8 |         2.67 |
|  t_ff_clk_BUFG   | PIPELINE/EX_MEM/ex_mem_AluOut_out_reg[2]_rep__19_8[0]  | reset_IBUF                          |                3 |              8 |         2.67 |
|  t_ff_clk_BUFG   | PIPELINE/EX_MEM/ex_mem_AluOut_out_reg[2]_rep__8_6[0]   | reset_IBUF                          |                3 |              8 |         2.67 |
|  t_ff_clk_BUFG   | PIPELINE/EX_MEM/ex_mem_AluOut_out_reg[2]_rep__19_4[0]  | reset_IBUF                          |                3 |              8 |         2.67 |
|  t_ff_clk_BUFG   | PIPELINE/EX_MEM/ex_mem_AluOut_out_reg[2]_rep__19_9[0]  | reset_IBUF                          |                3 |              8 |         2.67 |
|  t_ff_clk_BUFG   | PIPELINE/EX_MEM/ex_mem_AluOut_out_reg[2]_1[0]          | reset_IBUF                          |                2 |              8 |         4.00 |
|  t_ff_clk_BUFG   | PIPELINE/EX_MEM/ex_mem_AluOut_out_reg[2]_2[0]          | reset_IBUF                          |                5 |              8 |         1.60 |
|  t_ff_clk_BUFG   | PIPELINE/EX_MEM/ex_mem_AluOut_out_reg[2]_rep__8_3[0]   | reset_IBUF                          |                7 |              8 |         1.14 |
|  t_ff_clk_BUFG   | PIPELINE/EX_MEM/ex_mem_AluOut_out_reg[2]_0[0]          | reset_IBUF                          |                3 |              8 |         2.67 |
|  t_ff_clk_BUFG   | PIPELINE/EX_MEM/ex_mem_AluOut_out_reg[2]_rep__19_6[0]  | reset_IBUF                          |                4 |              8 |         2.00 |
|  t_ff_clk_BUFG   | PIPELINE/EX_MEM/ex_mem_AluOut_out_reg[2]_rep__19_5[0]  | reset_IBUF                          |                2 |              8 |         4.00 |
|  t_ff_clk_BUFG   | PIPELINE/EX_MEM/ex_mem_AluOut_out_reg[2]_rep__8_7[0]   | reset_IBUF                          |                6 |              8 |         1.33 |
|  t_ff_clk_BUFG   | PIPELINE/EX_MEM/ex_mem_AluOut_out_reg[2]_rep__18_3[0]  | reset_IBUF                          |                4 |              8 |         2.00 |
|  t_ff_clk_BUFG   | PIPELINE/EX_MEM/ex_mem_AluOut_out_reg[2]_rep__8_2[0]   | reset_IBUF                          |                4 |              8 |         2.00 |
|  t_ff_clk_BUFG   | PIPELINE/EX_MEM/ex_mem_AluOut_out_reg[2]_rep__19_7[0]  | reset_IBUF                          |                4 |              8 |         2.00 |
|  t_ff_clk_BUFG   | PIPELINE/EX_MEM/ex_mem_AluOut_out_reg[2]_rep__8_1[0]   | reset_IBUF                          |                3 |              8 |         2.67 |
|  t_ff_clk_BUFG   | PIPELINE/EX_MEM/ex_mem_AluOut_out_reg[2]_rep__18_2[0]  | reset_IBUF                          |                4 |              8 |         2.00 |
|  t_ff_clk_BUFG   | PIPELINE/EX_MEM/ex_mem_AluOut_out_reg[2]_rep__17_1[0]  | reset_IBUF                          |                6 |              8 |         1.33 |
|  t_ff_clk_BUFG   | PIPELINE/EX_MEM/ex_mem_AluOut_out_reg[2]_rep__17_2[0]  | reset_IBUF                          |                3 |              8 |         2.67 |
|  t_ff_clk_BUFG   | PIPELINE/EX_MEM/ex_mem_AluOut_out_reg[2]_rep__18_1[0]  | reset_IBUF                          |                5 |              8 |         1.60 |
|  t_ff_clk_BUFG   | PIPELINE/EX_MEM/ex_mem_AluOut_out_reg[3]_rep_0[0]      | reset_IBUF                          |                3 |              8 |         2.67 |
|  t_ff_clk_BUFG   | PIPELINE/EX_MEM/ex_mem_AluOut_out_reg[3]_rep_1[0]      | reset_IBUF                          |                6 |              8 |         1.33 |
|  t_ff_clk_BUFG   | PIPELINE/EX_MEM/ex_mem_AluOut_out_reg[3]_rep_2[0]      | reset_IBUF                          |                6 |              8 |         1.33 |
|  t_ff_clk_BUFG   | PIPELINE/EX_MEM/ex_mem_AluOut_out_reg[4]_24[0]         | reset_IBUF                          |                2 |              8 |         4.00 |
|  t_ff_clk_BUFG   | PIPELINE/EX_MEM/ex_mem_AluOut_out_reg[4]_26[0]         | reset_IBUF                          |                2 |              8 |         4.00 |
|  t_ff_clk_BUFG   | PIPELINE/EX_MEM/ex_mem_AluOut_out_reg[4]_18[0]         | reset_IBUF                          |                2 |              8 |         4.00 |
|  t_ff_clk_BUFG   | PIPELINE/EX_MEM/ex_mem_AluOut_out_reg[4]_17[0]         | reset_IBUF                          |                4 |              8 |         2.00 |
|  t_ff_clk_BUFG   | PIPELINE/EX_MEM/ex_mem_AluOut_out_reg[4]_11[0]         | reset_IBUF                          |                2 |              8 |         4.00 |
|  t_ff_clk_BUFG   | PIPELINE/EX_MEM/ex_mem_AluOut_out_reg[4]_19[0]         | reset_IBUF                          |                2 |              8 |         4.00 |
|  t_ff_clk_BUFG   | PIPELINE/EX_MEM/ex_mem_AluOut_out_reg[4]_14[0]         | reset_IBUF                          |                3 |              8 |         2.67 |
|  t_ff_clk_BUFG   | PIPELINE/EX_MEM/ex_mem_AluOut_out_reg[4]_2[0]          | reset_IBUF                          |                2 |              8 |         4.00 |
|  t_ff_clk_BUFG   | PIPELINE/EX_MEM/ex_mem_AluOut_out_reg[4]_21[0]         | reset_IBUF                          |                5 |              8 |         1.60 |
|  t_ff_clk_BUFG   | PIPELINE/EX_MEM/ex_mem_AluOut_out_reg[4]_22[0]         | reset_IBUF                          |                1 |              8 |         8.00 |
|  t_ff_clk_BUFG   | PIPELINE/EX_MEM/ex_mem_AluOut_out_reg[4]_23[0]         | reset_IBUF                          |                2 |              8 |         4.00 |
|  t_ff_clk_BUFG   | PIPELINE/EX_MEM/ex_mem_AluOut_out_reg[4]_16[0]         | reset_IBUF                          |                4 |              8 |         2.00 |
|  t_ff_clk_BUFG   | PIPELINE/EX_MEM/ex_mem_AluOut_out_reg[4]_25[0]         | reset_IBUF                          |                3 |              8 |         2.67 |
|  t_ff_clk_BUFG   | PIPELINE/EX_MEM/ex_mem_AluOut_out_reg[4]_27[0]         | reset_IBUF                          |                4 |              8 |         2.00 |
|  t_ff_clk_BUFG   | PIPELINE/EX_MEM/ex_mem_AluOut_out_reg[4]_13[0]         | reset_IBUF                          |                4 |              8 |         2.00 |
|  t_ff_clk_BUFG   | PIPELINE/EX_MEM/ex_mem_AluOut_out_reg[4]_15[0]         | reset_IBUF                          |                4 |              8 |         2.00 |
|  t_ff_clk_BUFG   | PIPELINE/EX_MEM/ex_mem_AluOut_out_reg[4]_20[0]         | reset_IBUF                          |                3 |              8 |         2.67 |
|  t_ff_clk_BUFG   | PIPELINE/EX_MEM/ex_mem_AluOut_out_reg[4]_10[0]         | reset_IBUF                          |                3 |              8 |         2.67 |
|  t_ff_clk_BUFG   | PIPELINE/EX_MEM/ex_mem_AluOut_out_reg[4]_12[0]         | reset_IBUF                          |                6 |              8 |         1.33 |
|  t_ff_clk_BUFG   | PIPELINE/EX_MEM/ex_mem_AluOut_out_reg[5]_110[0]        | reset_IBUF                          |                3 |              8 |         2.67 |
|  t_ff_clk_BUFG   | PIPELINE/EX_MEM/ex_mem_AluOut_out_reg[5]_113[0]        | reset_IBUF                          |                1 |              8 |         8.00 |
|  t_ff_clk_BUFG   | PIPELINE/EX_MEM/ex_mem_AluOut_out_reg[5]_108[0]        | reset_IBUF                          |                3 |              8 |         2.67 |
|  t_ff_clk_BUFG   | PIPELINE/EX_MEM/ex_mem_AluOut_out_reg[5]_105[0]        | reset_IBUF                          |                3 |              8 |         2.67 |
|  t_ff_clk_BUFG   | PIPELINE/EX_MEM/ex_mem_AluOut_out_reg[4]_7[0]          | reset_IBUF                          |                4 |              8 |         2.00 |
|  t_ff_clk_BUFG   | PIPELINE/EX_MEM/ex_mem_AluOut_out_reg[5]_15[0]         | reset_IBUF                          |                4 |              8 |         2.00 |
|  t_ff_clk_BUFG   | PIPELINE/EX_MEM/ex_mem_AluOut_out_reg[5]_17[0]         | reset_IBUF                          |                3 |              8 |         2.67 |
|  t_ff_clk_BUFG   | PIPELINE/EX_MEM/ex_mem_AluOut_out_reg[5]_106[0]        | reset_IBUF                          |                8 |              8 |         1.00 |
|  t_ff_clk_BUFG   | PIPELINE/EX_MEM/ex_mem_AluOut_out_reg[5]_18[0]         | reset_IBUF                          |                2 |              8 |         4.00 |
|  t_ff_clk_BUFG   | PIPELINE/EX_MEM/ex_mem_AluOut_out_reg[5]_111[0]        | reset_IBUF                          |                8 |              8 |         1.00 |
|  t_ff_clk_BUFG   | PIPELINE/EX_MEM/ex_mem_AluOut_out_reg[4]_8[0]          | reset_IBUF                          |                2 |              8 |         4.00 |
|  t_ff_clk_BUFG   | PIPELINE/EX_MEM/ex_mem_AluOut_out_reg[5]_112[0]        | reset_IBUF                          |                4 |              8 |         2.00 |
|  t_ff_clk_BUFG   | PIPELINE/EX_MEM/ex_mem_AluOut_out_reg[5]_13[0]         | reset_IBUF                          |                3 |              8 |         2.67 |
|  t_ff_clk_BUFG   | PIPELINE/EX_MEM/ex_mem_AluOut_out_reg[5]_101[0]        | reset_IBUF                          |                6 |              8 |         1.33 |
|  t_ff_clk_BUFG   | PIPELINE/EX_MEM/ex_mem_AluOut_out_reg[4]_6[0]          | reset_IBUF                          |                1 |              8 |         8.00 |
|  t_ff_clk_BUFG   | PIPELINE/EX_MEM/ex_mem_AluOut_out_reg[5]_10[0]         | reset_IBUF                          |                2 |              8 |         4.00 |
|  t_ff_clk_BUFG   | PIPELINE/EX_MEM/ex_mem_AluOut_out_reg[5]_103[0]        | reset_IBUF                          |                3 |              8 |         2.67 |
|  t_ff_clk_BUFG   | PIPELINE/EX_MEM/ex_mem_AluOut_out_reg[5]_107[0]        | reset_IBUF                          |                3 |              8 |         2.67 |
|  t_ff_clk_BUFG   | PIPELINE/EX_MEM/ex_mem_AluOut_out_reg[5]_109[0]        | reset_IBUF                          |                3 |              8 |         2.67 |
|  t_ff_clk_BUFG   | PIPELINE/EX_MEM/ex_mem_AluOut_out_reg[5]_19[0]         | reset_IBUF                          |                6 |              8 |         1.33 |
|  t_ff_clk_BUFG   | PIPELINE/EX_MEM/ex_mem_AluOut_out_reg[5]_20[0]         | reset_IBUF                          |                6 |              8 |         1.33 |
|  t_ff_clk_BUFG   | PIPELINE/EX_MEM/ex_mem_AluOut_out_reg[5]_22[0]         | reset_IBUF                          |                3 |              8 |         2.67 |
|  t_ff_clk_BUFG   | PIPELINE/EX_MEM/ex_mem_AluOut_out_reg[4]_5[0]          | reset_IBUF                          |                3 |              8 |         2.67 |
|  t_ff_clk_BUFG   | PIPELINE/EX_MEM/ex_mem_AluOut_out_reg[5]_11[0]         | reset_IBUF                          |                3 |              8 |         2.67 |
|  t_ff_clk_BUFG   | PIPELINE/EX_MEM/ex_mem_AluOut_out_reg[4]_9[0]          | reset_IBUF                          |                5 |              8 |         1.60 |
|  t_ff_clk_BUFG   | PIPELINE/EX_MEM/ex_mem_AluOut_out_reg[5]_14[0]         | reset_IBUF                          |                6 |              8 |         1.33 |
|  t_ff_clk_BUFG   | PIPELINE/EX_MEM/ex_mem_AluOut_out_reg[5]_12[0]         | reset_IBUF                          |                4 |              8 |         2.00 |
|  t_ff_clk_BUFG   | PIPELINE/EX_MEM/ex_mem_AluOut_out_reg[5]_23[0]         | reset_IBUF                          |                2 |              8 |         4.00 |
|  t_ff_clk_BUFG   | PIPELINE/EX_MEM/ex_mem_AluOut_out_reg[5]_104[0]        | reset_IBUF                          |                6 |              8 |         1.33 |
|  t_ff_clk_BUFG   | PIPELINE/EX_MEM/ex_mem_AluOut_out_reg[5]_21[0]         | reset_IBUF                          |                1 |              8 |         8.00 |
|  t_ff_clk_BUFG   | PIPELINE/EX_MEM/ex_mem_AluOut_out_reg[5]_24[0]         | reset_IBUF                          |                5 |              8 |         1.60 |
|  t_ff_clk_BUFG   | PIPELINE/EX_MEM/ex_mem_AluOut_out_reg[5]_100[0]        | reset_IBUF                          |                3 |              8 |         2.67 |
|  t_ff_clk_BUFG   | PIPELINE/EX_MEM/ex_mem_AluOut_out_reg[5]_25[0]         | reset_IBUF                          |                6 |              8 |         1.33 |
|  t_ff_clk_BUFG   | PIPELINE/EX_MEM/ex_mem_AluOut_out_reg[5]_16[0]         | reset_IBUF                          |                3 |              8 |         2.67 |
|  t_ff_clk_BUFG   | PIPELINE/EX_MEM/ex_mem_AluOut_out_reg[5]_102[0]        | reset_IBUF                          |                1 |              8 |         8.00 |
|  t_ff_clk_BUFG   | PIPELINE/EX_MEM/ex_mem_AluOut_out_reg[4]_4[0]          | reset_IBUF                          |                3 |              8 |         2.67 |
|  t_ff_clk_BUFG   | PIPELINE/EX_MEM/ex_mem_AluOut_out_reg[4]_3[0]          | reset_IBUF                          |                6 |              8 |         1.33 |
|  t_ff_clk_BUFG   | PIPELINE/EX_MEM/ex_mem_AluOut_out_reg[5]_82[0]         | reset_IBUF                          |                2 |              8 |         4.00 |
|  t_ff_clk_BUFG   | PIPELINE/EX_MEM/ex_mem_AluOut_out_reg[5]_41[0]         | reset_IBUF                          |                2 |              8 |         4.00 |
|  t_ff_clk_BUFG   | PIPELINE/EX_MEM/ex_mem_AluOut_out_reg[5]_52[0]         | reset_IBUF                          |                2 |              8 |         4.00 |
|  t_ff_clk_BUFG   | PIPELINE/EX_MEM/ex_mem_AluOut_out_reg[5]_83[0]         | reset_IBUF                          |                4 |              8 |         2.00 |
|  t_ff_clk_BUFG   | PIPELINE/EX_MEM/ex_mem_AluOut_out_reg[5]_43[0]         | reset_IBUF                          |                3 |              8 |         2.67 |
|  t_ff_clk_BUFG   | PIPELINE/EX_MEM/ex_mem_AluOut_out_reg[5]_28[0]         | reset_IBUF                          |                8 |              8 |         1.00 |
|  t_ff_clk_BUFG   | PIPELINE/EX_MEM/ex_mem_AluOut_out_reg[5]_53[0]         | reset_IBUF                          |                5 |              8 |         1.60 |
|  t_ff_clk_BUFG   | PIPELINE/EX_MEM/ex_mem_AluOut_out_reg[5]_49[0]         | reset_IBUF                          |                3 |              8 |         2.67 |
|  t_ff_clk_BUFG   | PIPELINE/EX_MEM/ex_mem_AluOut_out_reg[5]_60[0]         | reset_IBUF                          |                3 |              8 |         2.67 |
|  t_ff_clk_BUFG   | PIPELINE/EX_MEM/ex_mem_AluOut_out_reg[5]_31[0]         | reset_IBUF                          |                7 |              8 |         1.14 |
|  t_ff_clk_BUFG   | PIPELINE/EX_MEM/ex_mem_AluOut_out_reg[5]_65[0]         | reset_IBUF                          |                5 |              8 |         1.60 |
|  t_ff_clk_BUFG   | PIPELINE/EX_MEM/ex_mem_AluOut_out_reg[5]_57[0]         | reset_IBUF                          |                3 |              8 |         2.67 |
|  t_ff_clk_BUFG   | PIPELINE/EX_MEM/ex_mem_AluOut_out_reg[5]_39[0]         | reset_IBUF                          |                3 |              8 |         2.67 |
|  t_ff_clk_BUFG   | PIPELINE/EX_MEM/ex_mem_AluOut_out_reg[5]_36[0]         | reset_IBUF                          |                6 |              8 |         1.33 |
|  t_ff_clk_BUFG   | PIPELINE/EX_MEM/ex_mem_AluOut_out_reg[5]_6[0]          | reset_IBUF                          |                2 |              8 |         4.00 |
|  t_ff_clk_BUFG   | PIPELINE/EX_MEM/ex_mem_AluOut_out_reg[5]_7[0]          | reset_IBUF                          |                4 |              8 |         2.00 |
|  t_ff_clk_BUFG   | PIPELINE/EX_MEM/ex_mem_AluOut_out_reg[5]_5[0]          | reset_IBUF                          |                2 |              8 |         4.00 |
|  t_ff_clk_BUFG   | PIPELINE/EX_MEM/ex_mem_AluOut_out_reg[5]_72[0]         | reset_IBUF                          |                2 |              8 |         4.00 |
|  t_ff_clk_BUFG   | PIPELINE/EX_MEM/ex_mem_AluOut_out_reg[5]_47[0]         | reset_IBUF                          |                3 |              8 |         2.67 |
|  t_ff_clk_BUFG   | PIPELINE/EX_MEM/ex_mem_AluOut_out_reg[5]_73[0]         | reset_IBUF                          |                4 |              8 |         2.00 |
|  t_ff_clk_BUFG   | PIPELINE/EX_MEM/ex_mem_AluOut_out_reg[5]_74[0]         | reset_IBUF                          |                4 |              8 |         2.00 |
|  t_ff_clk_BUFG   | PIPELINE/EX_MEM/ex_mem_AluOut_out_reg[5]_38[0]         | reset_IBUF                          |                2 |              8 |         4.00 |
|  t_ff_clk_BUFG   | PIPELINE/EX_MEM/ex_mem_AluOut_out_reg[5]_63[0]         | reset_IBUF                          |                1 |              8 |         8.00 |
|  t_ff_clk_BUFG   | PIPELINE/EX_MEM/ex_mem_AluOut_out_reg[5]_58[0]         | reset_IBUF                          |                5 |              8 |         1.60 |
|  t_ff_clk_BUFG   | PIPELINE/EX_MEM/ex_mem_AluOut_out_reg[5]_46[0]         | reset_IBUF                          |                5 |              8 |         1.60 |
|  t_ff_clk_BUFG   | PIPELINE/EX_MEM/ex_mem_AluOut_out_reg[5]_45[0]         | reset_IBUF                          |                3 |              8 |         2.67 |
|  t_ff_clk_BUFG   | PIPELINE/EX_MEM/ex_mem_AluOut_out_reg[5]_50[0]         | reset_IBUF                          |                2 |              8 |         4.00 |
|  t_ff_clk_BUFG   | PIPELINE/EX_MEM/ex_mem_AluOut_out_reg[5]_66[0]         | reset_IBUF                          |                3 |              8 |         2.67 |
|  t_ff_clk_BUFG   | PIPELINE/EX_MEM/ex_mem_AluOut_out_reg[5]_48[0]         | reset_IBUF                          |                7 |              8 |         1.14 |
|  t_ff_clk_BUFG   | PIPELINE/EX_MEM/ex_mem_AluOut_out_reg[5]_75[0]         | reset_IBUF                          |                3 |              8 |         2.67 |
|  t_ff_clk_BUFG   | PIPELINE/EX_MEM/ex_mem_AluOut_out_reg[5]_40[0]         | reset_IBUF                          |                4 |              8 |         2.00 |
|  t_ff_clk_BUFG   | PIPELINE/EX_MEM/ex_mem_AluOut_out_reg[5]_76[0]         | reset_IBUF                          |                3 |              8 |         2.67 |
|  t_ff_clk_BUFG   | PIPELINE/EX_MEM/ex_mem_AluOut_out_reg[5]_27[0]         | reset_IBUF                          |                2 |              8 |         4.00 |
|  t_ff_clk_BUFG   | PIPELINE/EX_MEM/ex_mem_AluOut_out_reg[5]_26[0]         | reset_IBUF                          |                2 |              8 |         4.00 |
|  t_ff_clk_BUFG   | PIPELINE/EX_MEM/ex_mem_AluOut_out_reg[5]_3[0]          | reset_IBUF                          |                2 |              8 |         4.00 |
|  t_ff_clk_BUFG   | PIPELINE/EX_MEM/ex_mem_AluOut_out_reg[5]_44[0]         | reset_IBUF                          |                3 |              8 |         2.67 |
|  t_ff_clk_BUFG   | PIPELINE/EX_MEM/ex_mem_AluOut_out_reg[5]_71[0]         | reset_IBUF                          |                2 |              8 |         4.00 |
|  t_ff_clk_BUFG   | PIPELINE/EX_MEM/ex_mem_AluOut_out_reg[5]_54[0]         | reset_IBUF                          |                3 |              8 |         2.67 |
|  t_ff_clk_BUFG   | PIPELINE/EX_MEM/ex_mem_AluOut_out_reg[5]_77[0]         | reset_IBUF                          |                4 |              8 |         2.00 |
|  t_ff_clk_BUFG   | PIPELINE/EX_MEM/ex_mem_AluOut_out_reg[5]_78[0]         | reset_IBUF                          |                3 |              8 |         2.67 |
|  t_ff_clk_BUFG   | PIPELINE/EX_MEM/ex_mem_AluOut_out_reg[5]_59[0]         | reset_IBUF                          |                2 |              8 |         4.00 |
|  t_ff_clk_BUFG   | PIPELINE/EX_MEM/ex_mem_AluOut_out_reg[5]_79[0]         | reset_IBUF                          |                3 |              8 |         2.67 |
|  t_ff_clk_BUFG   | PIPELINE/EX_MEM/ex_mem_AluOut_out_reg[5]_35[0]         | reset_IBUF                          |                3 |              8 |         2.67 |
|  t_ff_clk_BUFG   | PIPELINE/EX_MEM/ex_mem_AluOut_out_reg[5]_42[0]         | reset_IBUF                          |                2 |              8 |         4.00 |
|  t_ff_clk_BUFG   | PIPELINE/EX_MEM/ex_mem_AluOut_out_reg[5]_4[0]          | reset_IBUF                          |                2 |              8 |         4.00 |
|  t_ff_clk_BUFG   | PIPELINE/EX_MEM/ex_mem_AluOut_out_reg[5]_68[0]         | reset_IBUF                          |                2 |              8 |         4.00 |
|  t_ff_clk_BUFG   | PIPELINE/EX_MEM/ex_mem_AluOut_out_reg[5]_80[0]         | reset_IBUF                          |                4 |              8 |         2.00 |
|  t_ff_clk_BUFG   | PIPELINE/EX_MEM/ex_mem_AluOut_out_reg[5]_33[0]         | reset_IBUF                          |                2 |              8 |         4.00 |
|  t_ff_clk_BUFG   | PIPELINE/EX_MEM/ex_mem_AluOut_out_reg[5]_67[0]         | reset_IBUF                          |                2 |              8 |         4.00 |
|  t_ff_clk_BUFG   | PIPELINE/EX_MEM/ex_mem_AluOut_out_reg[5]_81[0]         | reset_IBUF                          |                4 |              8 |         2.00 |
|  t_ff_clk_BUFG   | PIPELINE/EX_MEM/ex_mem_AluOut_out_reg[5]_34[0]         | reset_IBUF                          |                3 |              8 |         2.67 |
|  t_ff_clk_BUFG   | PIPELINE/EX_MEM/ex_mem_AluOut_out_reg[5]_30[0]         | reset_IBUF                          |                3 |              8 |         2.67 |
|  t_ff_clk_BUFG   | PIPELINE/EX_MEM/ex_mem_AluOut_out_reg[5]_32[0]         | reset_IBUF                          |                3 |              8 |         2.67 |
|  t_ff_clk_BUFG   | PIPELINE/EX_MEM/ex_mem_AluOut_out_reg[5]_51[0]         | reset_IBUF                          |                1 |              8 |         8.00 |
|  t_ff_clk_BUFG   | PIPELINE/EX_MEM/ex_mem_AluOut_out_reg[5]_70[0]         | reset_IBUF                          |                3 |              8 |         2.67 |
|  t_ff_clk_BUFG   | PIPELINE/EX_MEM/ex_mem_AluOut_out_reg[5]_55[0]         | reset_IBUF                          |                2 |              8 |         4.00 |
|  t_ff_clk_BUFG   | PIPELINE/EX_MEM/ex_mem_AluOut_out_reg[5]_56[0]         | reset_IBUF                          |                3 |              8 |         2.67 |
|  t_ff_clk_BUFG   | PIPELINE/EX_MEM/ex_mem_AluOut_out_reg[5]_29[0]         | reset_IBUF                          |                3 |              8 |         2.67 |
|  t_ff_clk_BUFG   | PIPELINE/EX_MEM/ex_mem_AluOut_out_reg[5]_62[0]         | reset_IBUF                          |                4 |              8 |         2.00 |
|  t_ff_clk_BUFG   | PIPELINE/EX_MEM/ex_mem_AluOut_out_reg[5]_64[0]         | reset_IBUF                          |                2 |              8 |         4.00 |
|  t_ff_clk_BUFG   | PIPELINE/EX_MEM/ex_mem_AluOut_out_reg[5]_69[0]         | reset_IBUF                          |                2 |              8 |         4.00 |
|  t_ff_clk_BUFG   | PIPELINE/EX_MEM/ex_mem_AluOut_out_reg[5]_61[0]         | reset_IBUF                          |                4 |              8 |         2.00 |
|  t_ff_clk_BUFG   | PIPELINE/EX_MEM/ex_mem_AluOut_out_reg[5]_37[0]         | reset_IBUF                          |                3 |              8 |         2.67 |
|  t_ff_clk_BUFG   | PIPELINE/EX_MEM/ex_mem_AluOut_out_reg[5]_8[0]          | reset_IBUF                          |                2 |              8 |         4.00 |
|  t_ff_clk_BUFG   | PIPELINE/EX_MEM/ex_mem_AluOut_out_reg[6]_rep__3_3[0]   | reset_IBUF                          |                7 |              8 |         1.14 |
|  t_ff_clk_BUFG   | PIPELINE/EX_MEM/ex_mem_AluOut_out_reg[5]_93[0]         | reset_IBUF                          |                5 |              8 |         1.60 |
|  t_ff_clk_BUFG   | PIPELINE/EX_MEM/ex_mem_AluOut_out_reg[6]_1[0]          | reset_IBUF                          |                7 |              8 |         1.14 |
|  t_ff_clk_BUFG   | PIPELINE/EX_MEM/ex_mem_AluOut_out_reg[6]_rep__3_5[0]   | reset_IBUF                          |                5 |              8 |         1.60 |
|  t_ff_clk_BUFG   | PIPELINE/EX_MEM/ex_mem_AluOut_out_reg[5]_92[0]         | reset_IBUF                          |                7 |              8 |         1.14 |
|  t_ff_clk_BUFG   | PIPELINE/EX_MEM/ex_mem_AluOut_out_reg[5]_9[0]          | reset_IBUF                          |                4 |              8 |         2.00 |
|  t_ff_clk_BUFG   | PIPELINE/EX_MEM/ex_mem_AluOut_out_reg[6]_rep__3_1[0]   | reset_IBUF                          |                2 |              8 |         4.00 |
|  t_ff_clk_BUFG   | PIPELINE/EX_MEM/ex_mem_AluOut_out_reg[6]_0[0]          | reset_IBUF                          |                3 |              8 |         2.67 |
|  t_ff_clk_BUFG   | PIPELINE/EX_MEM/ex_mem_AluOut_out_reg[6]_rep__3_2[0]   | reset_IBUF                          |                3 |              8 |         2.67 |
|  t_ff_clk_BUFG   | PIPELINE/EX_MEM/ex_mem_AluOut_out_reg[6]_rep__4_1[0]   | reset_IBUF                          |                4 |              8 |         2.00 |
|  t_ff_clk_BUFG   | PIPELINE/EX_MEM/ex_mem_AluOut_out_reg[5]_85[0]         | reset_IBUF                          |                2 |              8 |         4.00 |
|  t_ff_clk_BUFG   | PIPELINE/EX_MEM/ex_mem_AluOut_out_reg[6]_rep__4_10[0]  | reset_IBUF                          |                6 |              8 |         1.33 |
|  t_ff_clk_BUFG   | PIPELINE/EX_MEM/ex_mem_AluOut_out_reg[6]_rep__4_12[0]  | reset_IBUF                          |                5 |              8 |         1.60 |
|  t_ff_clk_BUFG   | PIPELINE/EX_MEM/ex_mem_AluOut_out_reg[5]_89[0]         | reset_IBUF                          |                4 |              8 |         2.00 |
|  t_ff_clk_BUFG   | PIPELINE/EX_MEM/ex_mem_AluOut_out_reg[6]_rep__4_16[0]  | reset_IBUF                          |                3 |              8 |         2.67 |
|  t_ff_clk_BUFG   | PIPELINE/EX_MEM/ex_mem_AluOut_out_reg[6]_rep__4_18[0]  | reset_IBUF                          |                5 |              8 |         1.60 |
|  t_ff_clk_BUFG   | PIPELINE/EX_MEM/ex_mem_AluOut_out_reg[5]_86[0]         | reset_IBUF                          |                3 |              8 |         2.67 |
|  t_ff_clk_BUFG   | PIPELINE/EX_MEM/ex_mem_AluOut_out_reg[6]_rep__4_2[0]   | reset_IBUF                          |                7 |              8 |         1.14 |
|  t_ff_clk_BUFG   | PIPELINE/EX_MEM/ex_mem_AluOut_out_reg[5]_84[0]         | reset_IBUF                          |                3 |              8 |         2.67 |
|  t_ff_clk_BUFG   | PIPELINE/EX_MEM/ex_mem_AluOut_out_reg[6]_rep_4[0]      | reset_IBUF                          |                3 |              8 |         2.67 |
|  t_ff_clk_BUFG   | PIPELINE/EX_MEM/ex_mem_AluOut_out_reg[6]_3[0]          | reset_IBUF                          |                4 |              8 |         2.00 |
|  t_ff_clk_BUFG   | PIPELINE/EX_MEM/ex_mem_AluOut_out_reg[6]_rep__4_11[0]  | reset_IBUF                          |                4 |              8 |         2.00 |
|  t_ff_clk_BUFG   | PIPELINE/EX_MEM/ex_mem_AluOut_out_reg[6]_rep__4_13[0]  | reset_IBUF                          |                3 |              8 |         2.67 |
|  t_ff_clk_BUFG   | PIPELINE/EX_MEM/ex_mem_AluOut_out_reg[6]_rep__4_19[0]  | reset_IBUF                          |                3 |              8 |         2.67 |
|  t_ff_clk_BUFG   | PIPELINE/EX_MEM/ex_mem_AluOut_out_reg[6]_rep__4_20[0]  | reset_IBUF                          |                3 |              8 |         2.67 |
|  t_ff_clk_BUFG   | PIPELINE/EX_MEM/ex_mem_AluOut_out_reg[6]_rep__4_22[0]  | reset_IBUF                          |                2 |              8 |         4.00 |
|  t_ff_clk_BUFG   | PIPELINE/EX_MEM/ex_mem_AluOut_out_reg[6]_rep__4_23[0]  | reset_IBUF                          |                5 |              8 |         1.60 |
|  t_ff_clk_BUFG   | PIPELINE/EX_MEM/ex_mem_AluOut_out_reg[6]_2[0]          | reset_IBUF                          |                3 |              8 |         2.67 |
|  t_ff_clk_BUFG   | PIPELINE/EX_MEM/ex_mem_AluOut_out_reg[5]_99[0]         | reset_IBUF                          |                6 |              8 |         1.33 |
|  t_ff_clk_BUFG   | PIPELINE/EX_MEM/ex_mem_AluOut_out_reg[6]_rep__4_24[0]  | reset_IBUF                          |                3 |              8 |         2.67 |
|  t_ff_clk_BUFG   | PIPELINE/EX_MEM/ex_mem_AluOut_out_reg[6]_rep__4_3[0]   | reset_IBUF                          |                3 |              8 |         2.67 |
|  t_ff_clk_BUFG   | PIPELINE/EX_MEM/ex_mem_AluOut_out_reg[6]_rep_5[0]      | reset_IBUF                          |                2 |              8 |         4.00 |
|  t_ff_clk_BUFG   | PIPELINE/EX_MEM/ex_mem_AluOut_out_reg[6]_rep__4_14[0]  | reset_IBUF                          |                4 |              8 |         2.00 |
|  t_ff_clk_BUFG   | PIPELINE/EX_MEM/ex_mem_AluOut_out_reg[6]_rep__4_5[0]   | reset_IBUF                          |                3 |              8 |         2.67 |
|  t_ff_clk_BUFG   | PIPELINE/EX_MEM/ex_mem_AluOut_out_reg[6]_rep__3_4[0]   | reset_IBUF                          |                2 |              8 |         4.00 |
|  t_ff_clk_BUFG   | PIPELINE/EX_MEM/ex_mem_AluOut_out_reg[5]_87[0]         | reset_IBUF                          |                4 |              8 |         2.00 |
|  t_ff_clk_BUFG   | PIPELINE/EX_MEM/ex_mem_AluOut_out_reg[5]_94[0]         | reset_IBUF                          |                5 |              8 |         1.60 |
|  t_ff_clk_BUFG   | PIPELINE/EX_MEM/ex_mem_AluOut_out_reg[6]_rep_1[0]      | reset_IBUF                          |                3 |              8 |         2.67 |
|  t_ff_clk_BUFG   | PIPELINE/EX_MEM/ex_mem_AluOut_out_reg[6]_rep__4_15[0]  | reset_IBUF                          |                2 |              8 |         4.00 |
|  t_ff_clk_BUFG   | PIPELINE/EX_MEM/ex_mem_AluOut_out_reg[6]_rep__4_17[0]  | reset_IBUF                          |                5 |              8 |         1.60 |
|  t_ff_clk_BUFG   | PIPELINE/EX_MEM/ex_mem_AluOut_out_reg[6]_rep__4_21[0]  | reset_IBUF                          |                5 |              8 |         1.60 |
|  t_ff_clk_BUFG   | PIPELINE/EX_MEM/ex_mem_AluOut_out_reg[6]_rep__4_25[0]  | reset_IBUF                          |                1 |              8 |         8.00 |
|  t_ff_clk_BUFG   | PIPELINE/EX_MEM/ex_mem_AluOut_out_reg[6]_rep__4_6[0]   | reset_IBUF                          |                4 |              8 |         2.00 |
|  t_ff_clk_BUFG   | PIPELINE/EX_MEM/ex_mem_AluOut_out_reg[5]_98[0]         | reset_IBUF                          |                1 |              8 |         8.00 |
|  t_ff_clk_BUFG   | PIPELINE/EX_MEM/ex_mem_AluOut_out_reg[6]_rep__4_7[0]   | reset_IBUF                          |                3 |              8 |         2.67 |
|  t_ff_clk_BUFG   | PIPELINE/EX_MEM/ex_mem_AluOut_out_reg[6]_rep__4_4[0]   | reset_IBUF                          |                3 |              8 |         2.67 |
|  t_ff_clk_BUFG   | PIPELINE/EX_MEM/ex_mem_AluOut_out_reg[5]_90[0]         | reset_IBUF                          |                4 |              8 |         2.00 |
|  t_ff_clk_BUFG   | PIPELINE/EX_MEM/ex_mem_AluOut_out_reg[5]_91[0]         | reset_IBUF                          |                3 |              8 |         2.67 |
|  t_ff_clk_BUFG   | PIPELINE/EX_MEM/ex_mem_AluOut_out_reg[5]_97[0]         | reset_IBUF                          |                4 |              8 |         2.00 |
|  t_ff_clk_BUFG   | PIPELINE/EX_MEM/ex_mem_AluOut_out_reg[6]_rep_3[0]      | reset_IBUF                          |                2 |              8 |         4.00 |
|  t_ff_clk_BUFG   | PIPELINE/EX_MEM/ex_mem_AluOut_out_reg[6]_rep__3_0[0]   | reset_IBUF                          |                2 |              8 |         4.00 |
|  t_ff_clk_BUFG   | PIPELINE/EX_MEM/ex_mem_AluOut_out_reg[5]_95[0]         | reset_IBUF                          |                4 |              8 |         2.00 |
|  t_ff_clk_BUFG   | PIPELINE/EX_MEM/ex_mem_AluOut_out_reg[5]_96[0]         | reset_IBUF                          |                4 |              8 |         2.00 |
|  t_ff_clk_BUFG   | PIPELINE/EX_MEM/ex_mem_AluOut_out_reg[5]_88[0]         | reset_IBUF                          |                2 |              8 |         4.00 |
|  t_ff_clk_BUFG   | PIPELINE/EX_MEM/ex_mem_AluOut_out_reg[6]_rep_2[0]      | reset_IBUF                          |                2 |              8 |         4.00 |
|  t_ff_clk_BUFG   | PIPELINE/EX_MEM/ex_mem_AluOut_out_reg[6]_rep__5_22[0]  | reset_IBUF                          |                4 |              8 |         2.00 |
|  t_ff_clk_BUFG   | PIPELINE/EX_MEM/ex_mem_AluOut_out_reg[6]_rep__5_20[0]  | reset_IBUF                          |                4 |              8 |         2.00 |
|  t_ff_clk_BUFG   | PIPELINE/EX_MEM/ex_mem_AluOut_out_reg[6]_rep__5_11[0]  | reset_IBUF                          |                8 |              8 |         1.00 |
|  t_ff_clk_BUFG   | PIPELINE/EX_MEM/ex_mem_AluOut_out_reg[6]_rep__5_17[0]  | reset_IBUF                          |                7 |              8 |         1.14 |
|  t_ff_clk_BUFG   | PIPELINE/EX_MEM/ex_mem_AluOut_out_reg[6]_rep__5_27[0]  | reset_IBUF                          |                3 |              8 |         2.67 |
|  t_ff_clk_BUFG   | PIPELINE/EX_MEM/ex_mem_AluOut_out_reg[6]_rep__5_33[0]  | reset_IBUF                          |                2 |              8 |         4.00 |
|  t_ff_clk_BUFG   | PIPELINE/EX_MEM/ex_mem_AluOut_out_reg[6]_rep__5_28[0]  | reset_IBUF                          |                1 |              8 |         8.00 |
|  t_ff_clk_BUFG   | PIPELINE/EX_MEM/ex_mem_AluOut_out_reg[6]_rep__6_1[0]   | reset_IBUF                          |                4 |              8 |         2.00 |
|  t_ff_clk_BUFG   | PIPELINE/EX_MEM/ex_mem_AluOut_out_reg[6]_rep__5_18[0]  | reset_IBUF                          |                3 |              8 |         2.67 |
|  t_ff_clk_BUFG   | PIPELINE/EX_MEM/ex_mem_AluOut_out_reg[6]_rep__5_15[0]  | reset_IBUF                          |                3 |              8 |         2.67 |
|  t_ff_clk_BUFG   | PIPELINE/EX_MEM/ex_mem_AluOut_out_reg[6]_rep__5_23[0]  | reset_IBUF                          |                3 |              8 |         2.67 |
|  t_ff_clk_BUFG   | PIPELINE/EX_MEM/ex_mem_AluOut_out_reg[6]_rep__5_30[0]  | reset_IBUF                          |                3 |              8 |         2.67 |
|  t_ff_clk_BUFG   | PIPELINE/EX_MEM/ex_mem_AluOut_out_reg[6]_rep__5_14[0]  | reset_IBUF                          |                4 |              8 |         2.00 |
|  t_ff_clk_BUFG   | PIPELINE/EX_MEM/ex_mem_AluOut_out_reg[6]_rep__5_13[0]  | reset_IBUF                          |                3 |              8 |         2.67 |
|  t_ff_clk_BUFG   | PIPELINE/EX_MEM/ex_mem_AluOut_out_reg[6]_rep__5_2[0]   | reset_IBUF                          |                4 |              8 |         2.00 |
|  t_ff_clk_BUFG   | PIPELINE/EX_MEM/ex_mem_AluOut_out_reg[6]_rep__5_25[0]  | reset_IBUF                          |                4 |              8 |         2.00 |
|  t_ff_clk_BUFG   | PIPELINE/EX_MEM/ex_mem_AluOut_out_reg[6]_rep__5_16[0]  | reset_IBUF                          |                3 |              8 |         2.67 |
|  t_ff_clk_BUFG   | PIPELINE/EX_MEM/ex_mem_AluOut_out_reg[6]_rep__5_34[0]  | reset_IBUF                          |                6 |              8 |         1.33 |
|  t_ff_clk_BUFG   | PIPELINE/EX_MEM/ex_mem_AluOut_out_reg[6]_rep__5_7[0]   | reset_IBUF                          |                2 |              8 |         4.00 |
|  t_ff_clk_BUFG   | PIPELINE/EX_MEM/ex_mem_AluOut_out_reg[6]_rep__5_9[0]   | reset_IBUF                          |                3 |              8 |         2.67 |
|  t_ff_clk_BUFG   | PIPELINE/EX_MEM/ex_mem_AluOut_out_reg[6]_rep__5_26[0]  | reset_IBUF                          |                4 |              8 |         2.00 |
|  t_ff_clk_BUFG   | PIPELINE/EX_MEM/ex_mem_AluOut_out_reg[6]_rep__4_8[0]   | reset_IBUF                          |                6 |              8 |         1.33 |
|  t_ff_clk_BUFG   | PIPELINE/EX_MEM/ex_mem_AluOut_out_reg[6]_rep__5_12[0]  | reset_IBUF                          |                8 |              8 |         1.00 |
|  t_ff_clk_BUFG   | PIPELINE/EX_MEM/ex_mem_AluOut_out_reg[6]_rep__5_5[0]   | reset_IBUF                          |                2 |              8 |         4.00 |
|  t_ff_clk_BUFG   | PIPELINE/EX_MEM/ex_mem_AluOut_out_reg[6]_rep__5_6[0]   | reset_IBUF                          |                4 |              8 |         2.00 |
|  t_ff_clk_BUFG   | PIPELINE/EX_MEM/ex_mem_AluOut_out_reg[6]_rep__5_24[0]  | reset_IBUF                          |                3 |              8 |         2.67 |
|  t_ff_clk_BUFG   | PIPELINE/EX_MEM/ex_mem_AluOut_out_reg[6]_rep__5_29[0]  | reset_IBUF                          |                5 |              8 |         1.60 |
|  t_ff_clk_BUFG   | PIPELINE/EX_MEM/ex_mem_AluOut_out_reg[6]_rep__5_8[0]   | reset_IBUF                          |                3 |              8 |         2.67 |
|  t_ff_clk_BUFG   | PIPELINE/EX_MEM/ex_mem_AluOut_out_reg[6]_rep__6_2[0]   | reset_IBUF                          |                2 |              8 |         4.00 |
|  t_ff_clk_BUFG   | PIPELINE/EX_MEM/ex_mem_AluOut_out_reg[6]_rep__6_3[0]   | reset_IBUF                          |                5 |              8 |         1.60 |
|  t_ff_clk_BUFG   | PIPELINE/EX_MEM/ex_mem_AluOut_out_reg[6]_rep__5_1[0]   | reset_IBUF                          |                5 |              8 |         1.60 |
|  t_ff_clk_BUFG   | PIPELINE/EX_MEM/ex_mem_AluOut_out_reg[6]_rep__5_3[0]   | reset_IBUF                          |                4 |              8 |         2.00 |
|  t_ff_clk_BUFG   | PIPELINE/EX_MEM/ex_mem_AluOut_out_reg[6]_rep__5_31[0]  | reset_IBUF                          |                3 |              8 |         2.67 |
|  t_ff_clk_BUFG   | PIPELINE/EX_MEM/ex_mem_AluOut_out_reg[6]_rep__4_9[0]   | reset_IBUF                          |                5 |              8 |         1.60 |
|  t_ff_clk_BUFG   | PIPELINE/EX_MEM/ex_mem_AluOut_out_reg[6]_rep__5_19[0]  | reset_IBUF                          |                5 |              8 |         1.60 |
|  t_ff_clk_BUFG   | PIPELINE/EX_MEM/ex_mem_AluOut_out_reg[6]_rep__5_32[0]  | reset_IBUF                          |                3 |              8 |         2.67 |
|  t_ff_clk_BUFG   | PIPELINE/EX_MEM/ex_mem_AluOut_out_reg[6]_rep__5_4[0]   | reset_IBUF                          |                5 |              8 |         1.60 |
|  t_ff_clk_BUFG   | PIPELINE/EX_MEM/ex_mem_AluOut_out_reg[6]_rep__5_10[0]  | reset_IBUF                          |                3 |              8 |         2.67 |
|  t_ff_clk_BUFG   | PIPELINE/EX_MEM/ex_mem_AluOut_out_reg[6]_rep__5_21[0]  | reset_IBUF                          |                3 |              8 |         2.67 |
|  t_ff_clk_BUFG   | PIPELINE/EX_MEM/ex_mem_AluOut_out_reg[6]_rep__6_4[0]   | reset_IBUF                          |                3 |              8 |         2.67 |
|  t_ff_clk_BUFG   | PIPELINE/EX_MEM/ex_mem_AluOut_out_reg[8]_4[0]          | reset_IBUF                          |                4 |              8 |         2.00 |
|  t_ff_clk_BUFG   | PIPELINE/EX_MEM/ex_mem_AluOut_out_reg[8]_rep_1[0]      | reset_IBUF                          |                2 |              8 |         4.00 |
|  t_ff_clk_BUFG   | PIPELINE/EX_MEM/ex_mem_AluOut_out_reg[8]_rep_2[0]      | reset_IBUF                          |                2 |              8 |         4.00 |
|  t_ff_clk_BUFG   | PIPELINE/EX_MEM/ex_mem_AluOut_out_reg[7]_rep__5_0[0]   | reset_IBUF                          |                2 |              8 |         4.00 |
|  t_ff_clk_BUFG   | PIPELINE/EX_MEM/ex_mem_AluOut_out_reg[6]_rep__8_4[0]   | reset_IBUF                          |                2 |              8 |         4.00 |
|  t_ff_clk_BUFG   | PIPELINE/EX_MEM/ex_mem_AluOut_out_reg[7]_rep_1[0]      | reset_IBUF                          |                3 |              8 |         2.67 |
|  t_ff_clk_BUFG   | PIPELINE/EX_MEM/ex_mem_AluOut_out_reg[7]_rep__5_6[0]   | reset_IBUF                          |                4 |              8 |         2.00 |
|  t_ff_clk_BUFG   | PIPELINE/EX_MEM/ex_mem_AluOut_out_reg[7]_rep__5_7[0]   | reset_IBUF                          |                2 |              8 |         4.00 |
|  t_ff_clk_BUFG   | PIPELINE/EX_MEM/ex_mem_AluOut_out_reg[8]_10[0]         | reset_IBUF                          |                3 |              8 |         2.67 |
|  t_ff_clk_BUFG   | PIPELINE/EX_MEM/ex_mem_AluOut_out_reg[8]_16[0]         | reset_IBUF                          |                4 |              8 |         2.00 |
|  t_ff_clk_BUFG   | PIPELINE/EX_MEM/ex_mem_AluOut_out_reg[6]_rep__8_1[0]   | reset_IBUF                          |                3 |              8 |         2.67 |
|  t_ff_clk_BUFG   | PIPELINE/EX_MEM/ex_mem_AluOut_out_reg[6]_rep__7_4[0]   | reset_IBUF                          |                4 |              8 |         2.00 |
|  t_ff_clk_BUFG   | PIPELINE/EX_MEM/ex_mem_AluOut_out_reg[6]_rep__8_6[0]   | reset_IBUF                          |                4 |              8 |         2.00 |
|  t_ff_clk_BUFG   | PIPELINE/EX_MEM/ex_mem_AluOut_out_reg[8]_0[0]          | reset_IBUF                          |                2 |              8 |         4.00 |
|  t_ff_clk_BUFG   | PIPELINE/EX_MEM/ex_mem_AluOut_out_reg[6]_rep__7_3[0]   | reset_IBUF                          |                3 |              8 |         2.67 |
|  t_ff_clk_BUFG   | PIPELINE/EX_MEM/ex_mem_AluOut_out_reg[6]_rep__7_2[0]   | reset_IBUF                          |                2 |              8 |         4.00 |
|  t_ff_clk_BUFG   | PIPELINE/EX_MEM/ex_mem_AluOut_out_reg[6]_rep__8_2[0]   | reset_IBUF                          |                4 |              8 |         2.00 |
|  t_ff_clk_BUFG   | PIPELINE/EX_MEM/ex_mem_AluOut_out_reg[7]_3[0]          | reset_IBUF                          |                2 |              8 |         4.00 |
|  t_ff_clk_BUFG   | PIPELINE/EX_MEM/ex_mem_AluOut_out_reg[6]_rep__7_5[0]   | reset_IBUF                          |                3 |              8 |         2.67 |
|  t_ff_clk_BUFG   | PIPELINE/EX_MEM/ex_mem_AluOut_out_reg[7]_rep__5_4[0]   | reset_IBUF                          |                2 |              8 |         4.00 |
|  t_ff_clk_BUFG   | PIPELINE/EX_MEM/ex_mem_AluOut_out_reg[8]_15[0]         | reset_IBUF                          |                2 |              8 |         4.00 |
|  t_ff_clk_BUFG   | PIPELINE/EX_MEM/ex_mem_AluOut_out_reg[7]_rep__5_1[0]   | reset_IBUF                          |                4 |              8 |         2.00 |
|  t_ff_clk_BUFG   | PIPELINE/EX_MEM/ex_mem_AluOut_out_reg[8]_17[0]         | reset_IBUF                          |                3 |              8 |         2.67 |
|  t_ff_clk_BUFG   | PIPELINE/EX_MEM/ex_mem_AluOut_out_reg[8]_2[0]          | reset_IBUF                          |                3 |              8 |         2.67 |
|  t_ff_clk_BUFG   | PIPELINE/EX_MEM/ex_mem_AluOut_out_reg[8]_3[0]          | reset_IBUF                          |                2 |              8 |         4.00 |
|  t_ff_clk_BUFG   | PIPELINE/EX_MEM/ex_mem_AluOut_out_reg[6]_rep__7_1[0]   | reset_IBUF                          |                3 |              8 |         2.67 |
|  t_ff_clk_BUFG   | PIPELINE/EX_MEM/ex_mem_AluOut_out_reg[7]_rep__5_3[0]   | reset_IBUF                          |                5 |              8 |         1.60 |
|  t_ff_clk_BUFG   | PIPELINE/EX_MEM/ex_mem_AluOut_out_reg[8]_14[0]         | reset_IBUF                          |                2 |              8 |         4.00 |
|  t_ff_clk_BUFG   | PIPELINE/EX_MEM/ex_mem_AluOut_out_reg[7]_rep__5_2[0]   | reset_IBUF                          |                4 |              8 |         2.00 |
|  t_ff_clk_BUFG   | PIPELINE/EX_MEM/ex_mem_AluOut_out_reg[8]_13[0]         | reset_IBUF                          |                7 |              8 |         1.14 |
|  t_ff_clk_BUFG   | PIPELINE/EX_MEM/ex_mem_AluOut_out_reg[7]_0[0]          | reset_IBUF                          |                2 |              8 |         4.00 |
|  t_ff_clk_BUFG   | PIPELINE/EX_MEM/ex_mem_AluOut_out_reg[7]_4[0]          | reset_IBUF                          |                2 |              8 |         4.00 |
|  t_ff_clk_BUFG   | PIPELINE/EX_MEM/ex_mem_AluOut_out_reg[6]_rep__8_3[0]   | reset_IBUF                          |                2 |              8 |         4.00 |
|  t_ff_clk_BUFG   | PIPELINE/EX_MEM/ex_mem_AluOut_out_reg[7]_1[0]          | reset_IBUF                          |                5 |              8 |         1.60 |
|  t_ff_clk_BUFG   | PIPELINE/EX_MEM/ex_mem_AluOut_out_reg[7]_2[0]          | reset_IBUF                          |                3 |              8 |         2.67 |
|  t_ff_clk_BUFG   | PIPELINE/EX_MEM/ex_mem_AluOut_out_reg[7]_rep__5_5[0]   | reset_IBUF                          |                4 |              8 |         2.00 |
|  t_ff_clk_BUFG   | PIPELINE/EX_MEM/ex_mem_AluOut_out_reg[8]_11[0]         | reset_IBUF                          |                5 |              8 |         1.60 |
|  t_ff_clk_BUFG   | PIPELINE/EX_MEM/ex_mem_AluOut_out_reg[8]_12[0]         | reset_IBUF                          |                7 |              8 |         1.14 |
|  t_ff_clk_BUFG   | PIPELINE/EX_MEM/ex_mem_AluOut_out_reg[8]_5[0]          | reset_IBUF                          |                2 |              8 |         4.00 |
|  t_ff_clk_BUFG   | PIPELINE/EX_MEM/ex_mem_AluOut_out_reg[6]_rep__8_5[0]   | reset_IBUF                          |                2 |              8 |         4.00 |
|  t_ff_clk_BUFG   | PIPELINE/EX_MEM/ex_mem_AluOut_out_reg[8]_18[0]         | reset_IBUF                          |                1 |              8 |         8.00 |
|  t_ff_clk_BUFG   | PIPELINE/EX_MEM/ex_mem_AluOut_out_reg[8]_6[0]          | reset_IBUF                          |                5 |              8 |         1.60 |
|  t_ff_clk_BUFG   | PIPELINE/EX_MEM/ex_mem_AluOut_out_reg[7]_rep_0[0]      | reset_IBUF                          |                3 |              8 |         2.67 |
|  t_ff_clk_BUFG   | PIPELINE/EX_MEM/ex_mem_AluOut_out_reg[7]_rep__5_9[0]   | reset_IBUF                          |                3 |              8 |         2.67 |
|  t_ff_clk_BUFG   | PIPELINE/EX_MEM/ex_mem_AluOut_out_reg[8]_1[0]          | reset_IBUF                          |                2 |              8 |         4.00 |
|  t_ff_clk_BUFG   | PIPELINE/EX_MEM/ex_mem_AluOut_out_reg[8]_7[0]          | reset_IBUF                          |                3 |              8 |         2.67 |
|  t_ff_clk_BUFG   | PIPELINE/EX_MEM/ex_mem_AluOut_out_reg[7]_rep__5_8[0]   | reset_IBUF                          |                2 |              8 |         4.00 |
|  t_ff_clk_BUFG   | PIPELINE/EX_MEM/ex_mem_AluOut_out_reg[8]_8[0]          | reset_IBUF                          |                3 |              8 |         2.67 |
|  t_ff_clk_BUFG   | PIPELINE/EX_MEM/ex_mem_AluOut_out_reg[8]_9[0]          | reset_IBUF                          |                5 |              8 |         1.60 |
|  t_ff_clk_BUFG   | PIPELINE/EX_MEM/ex_mem_AluOut_out_reg[8]_rep__1_11[0]  | reset_IBUF                          |                3 |              8 |         2.67 |
|  t_ff_clk_BUFG   | PIPELINE/EX_MEM/ex_mem_AluOut_out_reg[8]_rep__2_7[0]   | reset_IBUF                          |                4 |              8 |         2.00 |
|  t_ff_clk_BUFG   | PIPELINE/EX_MEM/ex_mem_AluOut_out_reg[8]_rep__1_3[0]   | reset_IBUF                          |                5 |              8 |         1.60 |
|  t_ff_clk_BUFG   | PIPELINE/EX_MEM/ex_mem_AluOut_out_reg[8]_rep__1_8[0]   | reset_IBUF                          |                3 |              8 |         2.67 |
|  t_ff_clk_BUFG   | PIPELINE/EX_MEM/ex_mem_AluOut_out_reg[8]_rep__1_1[0]   | reset_IBUF                          |                3 |              8 |         2.67 |
|  t_ff_clk_BUFG   | PIPELINE/EX_MEM/ex_mem_AluOut_out_reg[8]_rep__2_3[0]   | reset_IBUF                          |                3 |              8 |         2.67 |
|  t_ff_clk_BUFG   | PIPELINE/EX_MEM/ex_mem_AluOut_out_reg[8]_rep__1_2[0]   | reset_IBUF                          |                3 |              8 |         2.67 |
|  t_ff_clk_BUFG   | PIPELINE/EX_MEM/ex_mem_AluOut_out_reg[8]_rep__2_10[0]  | reset_IBUF                          |                7 |              8 |         1.14 |
|  t_ff_clk_BUFG   | PIPELINE/EX_MEM/ex_mem_AluOut_out_reg[9]_3[0]          | reset_IBUF                          |                4 |              8 |         2.00 |
|  t_ff_clk_BUFG   | PIPELINE/EX_MEM/ex_mem_AluOut_out_reg[9]_4[0]          | reset_IBUF                          |                7 |              8 |         1.14 |
|  t_ff_clk_BUFG   | PIPELINE/EX_MEM/ex_mem_AluOut_out_reg[8]_rep_3[0]      | reset_IBUF                          |                2 |              8 |         4.00 |
|  t_ff_clk_BUFG   | PIPELINE/EX_MEM/ex_mem_AluOut_out_reg[8]_rep__1_6[0]   | reset_IBUF                          |                5 |              8 |         1.60 |
|  t_ff_clk_BUFG   | PIPELINE/EX_MEM/ex_mem_AluOut_out_reg[8]_rep__0_1[0]   | reset_IBUF                          |                3 |              8 |         2.67 |
|  t_ff_clk_BUFG   | PIPELINE/EX_MEM/ex_mem_AluOut_out_reg[8]_rep__1_15[0]  | reset_IBUF                          |                6 |              8 |         1.33 |
|  t_ff_clk_BUFG   | PIPELINE/EX_MEM/ex_mem_AluOut_out_reg[8]_rep__2_11[0]  | reset_IBUF                          |                6 |              8 |         1.33 |
|  t_ff_clk_BUFG   | PIPELINE/EX_MEM/ex_mem_AluOut_out_reg[8]_rep__2_1[0]   | reset_IBUF                          |                5 |              8 |         1.60 |
|  t_ff_clk_BUFG   | PIPELINE/EX_MEM/ex_mem_AluOut_out_reg[8]_rep__2_2[0]   | reset_IBUF                          |                4 |              8 |         2.00 |
|  t_ff_clk_BUFG   | PIPELINE/EX_MEM/ex_mem_AluOut_out_reg[9]_1[0]          | reset_IBUF                          |                3 |              8 |         2.67 |
|  t_ff_clk_BUFG   | PIPELINE/EX_MEM/ex_mem_AluOut_out_reg[8]_rep__1_12[0]  | reset_IBUF                          |                4 |              8 |         2.00 |
|  t_ff_clk_BUFG   | PIPELINE/EX_MEM/ex_mem_AluOut_out_reg[8]_rep__2_5[0]   | reset_IBUF                          |                5 |              8 |         1.60 |
|  t_ff_clk_BUFG   | PIPELINE/EX_MEM/ex_mem_AluOut_out_reg[8]_rep__2_8[0]   | reset_IBUF                          |                5 |              8 |         1.60 |
|  t_ff_clk_BUFG   | PIPELINE/EX_MEM/ex_mem_AluOut_out_reg[8]_rep__1_14[0]  | reset_IBUF                          |                3 |              8 |         2.67 |
|  t_ff_clk_BUFG   | PIPELINE/EX_MEM/ex_mem_AluOut_out_reg[9]_0[0]          | reset_IBUF                          |                4 |              8 |         2.00 |
|  t_ff_clk_BUFG   | PIPELINE/EX_MEM/ex_mem_AluOut_out_reg[8]_rep__1_13[0]  | reset_IBUF                          |                6 |              8 |         1.33 |
|  t_ff_clk_BUFG   | PIPELINE/EX_MEM/ex_mem_AluOut_out_reg[8]_rep__2_9[0]   | reset_IBUF                          |                4 |              8 |         2.00 |
|  t_ff_clk_BUFG   | PIPELINE/EX_MEM/ex_mem_AluOut_out_reg[8]_rep__1_10[0]  | reset_IBUF                          |                7 |              8 |         1.14 |
|  t_ff_clk_BUFG   | PIPELINE/EX_MEM/ex_mem_AluOut_out_reg[8]_rep__1_16[0]  | reset_IBUF                          |                2 |              8 |         4.00 |
|  t_ff_clk_BUFG   | PIPELINE/EX_MEM/ex_mem_AluOut_out_reg[8]_rep__1_0[0]   | reset_IBUF                          |                5 |              8 |         1.60 |
|  t_ff_clk_BUFG   | PIPELINE/EX_MEM/ex_mem_AluOut_out_reg[8]_rep__2_12[0]  | reset_IBUF                          |                2 |              8 |         4.00 |
|  t_ff_clk_BUFG   | PIPELINE/EX_MEM/ex_mem_AluOut_out_reg[8]_rep__1_9[0]   | reset_IBUF                          |                6 |              8 |         1.33 |
|  t_ff_clk_BUFG   | PIPELINE/EX_MEM/ex_mem_AluOut_out_reg[8]_rep__2_4[0]   | reset_IBUF                          |                4 |              8 |         2.00 |
|  t_ff_clk_BUFG   | PIPELINE/EX_MEM/ex_mem_AluOut_out_reg[8]_rep__2_6[0]   | reset_IBUF                          |                3 |              8 |         2.67 |
|  t_ff_clk_BUFG   | PIPELINE/EX_MEM/ex_mem_AluOut_out_reg[9]_2[0]          | reset_IBUF                          |                6 |              8 |         1.33 |
|  t_ff_clk_BUFG   | PIPELINE/EX_MEM/ex_mem_AluOut_out_reg[8]_rep__1_5[0]   | reset_IBUF                          |                4 |              8 |         2.00 |
|  t_ff_clk_BUFG   | PIPELINE/EX_MEM/ex_mem_AluOut_out_reg[8]_rep__1_7[0]   | reset_IBUF                          |                3 |              8 |         2.67 |
|  t_ff_clk_BUFG   | PIPELINE/EX_MEM/ex_mem_AluOut_out_reg[8]_rep__1_4[0]   | reset_IBUF                          |                4 |              8 |         2.00 |
|  t_ff_clk_BUFG   | PIPELINE/EX_MEM/ex_mem_AluOut_out_reg[8]_rep__2_13[0]  | reset_IBUF                          |                5 |              8 |         1.60 |
|  t_ff_clk_BUFG   | PIPELINE/EX_MEM/ex_mem_AluOut_out_reg[9]_rep__0_2[0]   | reset_IBUF                          |                5 |              8 |         1.60 |
|  t_ff_clk_BUFG   | PIPELINE/EX_MEM/ex_mem_AluOut_out_reg[9]_rep__0_8[0]   | reset_IBUF                          |                5 |              8 |         1.60 |
|  t_ff_clk_BUFG   | PIPELINE/EX_MEM/ex_mem_AluOut_out_reg[9]_6[0]          | reset_IBUF                          |                4 |              8 |         2.00 |
|  t_ff_clk_BUFG   | PIPELINE/EX_MEM/ex_mem_AluOut_out_reg[9]_rep__0_3[0]   | reset_IBUF                          |                3 |              8 |         2.67 |
|  t_ff_clk_BUFG   | PIPELINE/EX_MEM/ex_mem_AluOut_out_reg[9]_rep__1_4[0]   | reset_IBUF                          |                2 |              8 |         4.00 |
|  t_ff_clk_BUFG   | PIPELINE/EX_MEM/ex_mem_AluOut_out_reg[9]_rep__0_7[0]   | reset_IBUF                          |                6 |              8 |         1.33 |
|  t_ff_clk_BUFG   | PIPELINE/EX_MEM/ex_mem_AluOut_out_reg[9]_5[0]          | reset_IBUF                          |                4 |              8 |         2.00 |
|  t_ff_clk_BUFG   | PIPELINE/EX_MEM/ex_mem_AluOut_out_reg[9]_rep__1_6[0]   | reset_IBUF                          |                2 |              8 |         4.00 |
|  t_ff_clk_BUFG   | PIPELINE/EX_MEM/ex_mem_AluOut_out_reg[9]_rep__1_14[0]  | reset_IBUF                          |                3 |              8 |         2.67 |
|  t_ff_clk_BUFG   | PIPELINE/EX_MEM/ex_mem_AluOut_out_reg[9]_rep__1_10[0]  | reset_IBUF                          |                4 |              8 |         2.00 |
|  t_ff_clk_BUFG   | PIPELINE/EX_MEM/ex_mem_AluOut_out_reg[9]_8[0]          | reset_IBUF                          |                3 |              8 |         2.67 |
|  t_ff_clk_BUFG   | PIPELINE/EX_MEM/ex_mem_AluOut_out_reg[9]_rep__1_3[0]   | reset_IBUF                          |                3 |              8 |         2.67 |
|  t_ff_clk_BUFG   | PIPELINE/EX_MEM/ex_mem_AluOut_out_reg[9]_rep__0_11[0]  | reset_IBUF                          |                3 |              8 |         2.67 |
|  t_ff_clk_BUFG   | PIPELINE/EX_MEM/ex_mem_AluOut_out_reg[9]_rep__0_4[0]   | reset_IBUF                          |                2 |              8 |         4.00 |
|  t_ff_clk_BUFG   | PIPELINE/EX_MEM/ex_mem_AluOut_out_reg[9]_rep__1_9[0]   | reset_IBUF                          |                4 |              8 |         2.00 |
|  t_ff_clk_BUFG   | PIPELINE/EX_MEM/ex_mem_AluOut_out_reg[9]_rep__1_2[0]   | reset_IBUF                          |                1 |              8 |         8.00 |
|  t_ff_clk_BUFG   | PIPELINE/EX_MEM/ex_mem_AluOut_out_reg[9]_rep__1_11[0]  | reset_IBUF                          |                3 |              8 |         2.67 |
|  t_ff_clk_BUFG   | PIPELINE/EX_MEM/ex_mem_AluOut_out_reg[9]_7[0]          | reset_IBUF                          |                2 |              8 |         4.00 |
|  t_ff_clk_BUFG   | PIPELINE/EX_MEM/ex_mem_AluOut_out_reg[9]_rep__0_9[0]   | reset_IBUF                          |                4 |              8 |         2.00 |
|  t_ff_clk_BUFG   | PIPELINE/EX_MEM/ex_mem_AluOut_out_reg[9]_rep__1_13[0]  | reset_IBUF                          |                3 |              8 |         2.67 |
|  t_ff_clk_BUFG   | PIPELINE/EX_MEM/ex_mem_AluOut_out_reg[9]_rep__1_8[0]   | reset_IBUF                          |                8 |              8 |         1.00 |
|  t_ff_clk_BUFG   | PIPELINE/EX_MEM/ex_mem_AluOut_out_reg[9]_rep__1_15[0]  | reset_IBUF                          |                2 |              8 |         4.00 |
|  t_ff_clk_BUFG   | PIPELINE/EX_MEM/ex_mem_AluOut_out_reg[9]_rep__0_12[0]  | reset_IBUF                          |                5 |              8 |         1.60 |
|  t_ff_clk_BUFG   | PIPELINE/EX_MEM/ex_mem_AluOut_out_reg[9]_9[0]          | reset_IBUF                          |                8 |              8 |         1.00 |
|  t_ff_clk_BUFG   | PIPELINE/EX_MEM/ex_mem_AluOut_out_reg[9]_rep__1_1[0]   | reset_IBUF                          |                3 |              8 |         2.67 |
|  t_ff_clk_BUFG   | PIPELINE/EX_MEM/ex_mem_AluOut_out_reg[9]_rep__0_5[0]   | reset_IBUF                          |                3 |              8 |         2.67 |
|  t_ff_clk_BUFG   | PIPELINE/EX_MEM/ex_mem_AluOut_out_reg[9]_rep__0_6[0]   | reset_IBUF                          |                7 |              8 |         1.14 |
|  t_ff_clk_BUFG   | PIPELINE/EX_MEM/ex_mem_AluOut_out_reg[9]_rep__1_0[0]   | reset_IBUF                          |                2 |              8 |         4.00 |
|  t_ff_clk_BUFG   | PIPELINE/EX_MEM/ex_mem_AluOut_out_reg[9]_rep__0_10[0]  | reset_IBUF                          |                5 |              8 |         1.60 |
|  t_ff_clk_BUFG   | PIPELINE/EX_MEM/ex_mem_AluOut_out_reg[9]_rep__1_7[0]   | reset_IBUF                          |                3 |              8 |         2.67 |
|  t_ff_clk_BUFG   | PIPELINE/EX_MEM/ex_mem_AluOut_out_reg[9]_rep__1_5[0]   | reset_IBUF                          |                4 |              8 |         2.00 |
|  t_ff_clk_BUFG   | PIPELINE/EX_MEM/ex_mem_AluOut_out_reg[9]_rep__0_1[0]   | reset_IBUF                          |                4 |              8 |         2.00 |
|  t_ff_clk_BUFG   | PIPELINE/EX_MEM/ex_mem_AluOut_out_reg[9]_rep__1_12[0]  | reset_IBUF                          |                3 |              8 |         2.67 |
|  t_ff_clk_BUFG   | PIPELINE/EX_MEM/ex_mem_MemWrite_out_reg_12[0]          | reset_IBUF                          |                2 |              8 |         4.00 |
|  t_ff_clk_BUFG   | PIPELINE/EX_MEM/ex_mem_MemWrite_out_reg_123[0]         | reset_IBUF                          |                3 |              8 |         2.67 |
|  t_ff_clk_BUFG   | PIPELINE/EX_MEM/ex_mem_MemWrite_out_reg_117[0]         | reset_IBUF                          |                7 |              8 |         1.14 |
|  t_ff_clk_BUFG   | PIPELINE/EX_MEM/ex_mem_MemWrite_out_reg_129[0]         | reset_IBUF                          |                3 |              8 |         2.67 |
|  t_ff_clk_BUFG   | PIPELINE/EX_MEM/ex_mem_MemWrite_out_reg_102[0]         | reset_IBUF                          |                6 |              8 |         1.33 |
|  t_ff_clk_BUFG   | PIPELINE/EX_MEM/ex_mem_MemWrite_out_reg_10[0]          | reset_IBUF                          |                4 |              8 |         2.00 |
|  t_ff_clk_BUFG   | PIPELINE/EX_MEM/ex_mem_MemWrite_out_reg_105[0]         | reset_IBUF                          |                3 |              8 |         2.67 |
|  t_ff_clk_BUFG   | PIPELINE/EX_MEM/ex_mem_MemWrite_out_reg_106[0]         | reset_IBUF                          |                5 |              8 |         1.60 |
|  t_ff_clk_BUFG   | PIPELINE/EX_MEM/ex_mem_MemWrite_out_reg_108[0]         | reset_IBUF                          |                3 |              8 |         2.67 |
|  t_ff_clk_BUFG   | PIPELINE/EX_MEM/ex_mem_MemWrite_out_reg_128[0]         | reset_IBUF                          |                3 |              8 |         2.67 |
|  t_ff_clk_BUFG   | PIPELINE/EX_MEM/ex_mem_MemWrite_out_reg_130[0]         | reset_IBUF                          |                7 |              8 |         1.14 |
|  t_ff_clk_BUFG   | PIPELINE/EX_MEM/ex_mem_MemWrite_out_reg_100[0]         | reset_IBUF                          |                4 |              8 |         2.00 |
|  t_ff_clk_BUFG   | PIPELINE/EX_MEM/ex_mem_MemWrite_out_reg_127[0]         | reset_IBUF                          |                3 |              8 |         2.67 |
|  t_ff_clk_BUFG   | PIPELINE/EX_MEM/ex_mem_MemWrite_out_reg_0[0]           | reset_IBUF                          |                4 |              8 |         2.00 |
|  t_ff_clk_BUFG   | PIPELINE/EX_MEM/ex_mem_MemWrite_out_reg_118[0]         | reset_IBUF                          |                3 |              8 |         2.67 |
|  t_ff_clk_BUFG   | PIPELINE/EX_MEM/ex_mem_MemWrite_out_reg_103[0]         | reset_IBUF                          |                3 |              8 |         2.67 |
|  t_ff_clk_BUFG   | PIPELINE/EX_MEM/ex_mem_MemWrite_out_reg_101[0]         | reset_IBUF                          |                3 |              8 |         2.67 |
|  t_ff_clk_BUFG   | PIPELINE/EX_MEM/ex_mem_MemWrite_out_reg_111[0]         | reset_IBUF                          |                5 |              8 |         1.60 |
|  t_ff_clk_BUFG   | PIPELINE/EX_MEM/ex_mem_MemWrite_out_reg_1[0]           | reset_IBUF                          |                5 |              8 |         1.60 |
|  t_ff_clk_BUFG   | PIPELINE/EX_MEM/ex_mem_MemWrite_out_reg_107[0]         | reset_IBUF                          |                4 |              8 |         2.00 |
|  t_ff_clk_BUFG   | PIPELINE/EX_MEM/ex_mem_MemWrite_out_reg_109[0]         | reset_IBUF                          |                6 |              8 |         1.33 |
|  t_ff_clk_BUFG   | PIPELINE/EX_MEM/ex_mem_MemWrite_out_reg_112[0]         | reset_IBUF                          |                4 |              8 |         2.00 |
|  t_ff_clk_BUFG   | PIPELINE/EX_MEM/ex_mem_MemWrite_out_reg_114[0]         | reset_IBUF                          |                2 |              8 |         4.00 |
|  t_ff_clk_BUFG   | PIPELINE/EX_MEM/ex_mem_MemWrite_out_reg_120[0]         | reset_IBUF                          |                3 |              8 |         2.67 |
|  t_ff_clk_BUFG   | PIPELINE/EX_MEM/ex_mem_MemWrite_out_reg_121[0]         | reset_IBUF                          |                1 |              8 |         8.00 |
|  t_ff_clk_BUFG   | PIPELINE/EX_MEM/ex_mem_MemWrite_out_reg_125[0]         | reset_IBUF                          |                2 |              8 |         4.00 |
|  t_ff_clk_BUFG   | PIPELINE/EX_MEM/ex_mem_MemWrite_out_reg_11[0]          | reset_IBUF                          |                5 |              8 |         1.60 |
|  t_ff_clk_BUFG   | PIPELINE/EX_MEM/ex_mem_MemWrite_out_reg_131[0]         | reset_IBUF                          |                4 |              8 |         2.00 |
|  t_ff_clk_BUFG   | PIPELINE/EX_MEM/ex_mem_MemWrite_out_reg_13[0]          | reset_IBUF                          |                2 |              8 |         4.00 |
|  t_ff_clk_BUFG   | PIPELINE/EX_MEM/ex_mem_MemWrite_out_reg_132[0]         | reset_IBUF                          |                4 |              8 |         2.00 |
|  t_ff_clk_BUFG   | PIPELINE/EX_MEM/ex_mem_MemWrite_out_reg_104[0]         | reset_IBUF                          |                4 |              8 |         2.00 |
|  t_ff_clk_BUFG   | PIPELINE/EX_MEM/ex_mem_MemWrite_out_reg_133[0]         | reset_IBUF                          |                2 |              8 |         4.00 |
|  t_ff_clk_BUFG   | PIPELINE/EX_MEM/ex_mem_MemWrite_out_reg_134[0]         | reset_IBUF                          |                4 |              8 |         2.00 |
|  t_ff_clk_BUFG   | PIPELINE/EX_MEM/ex_mem_MemWrite_out_reg_122[0]         | reset_IBUF                          |                3 |              8 |         2.67 |
|  t_ff_clk_BUFG   | PIPELINE/EX_MEM/ex_mem_MemWrite_out_reg_124[0]         | reset_IBUF                          |                2 |              8 |         4.00 |
|  t_ff_clk_BUFG   | PIPELINE/EX_MEM/ex_mem_MemWrite_out_reg_110[0]         | reset_IBUF                          |                4 |              8 |         2.00 |
|  t_ff_clk_BUFG   | PIPELINE/EX_MEM/ex_mem_MemWrite_out_reg_126[0]         | reset_IBUF                          |                3 |              8 |         2.67 |
|  t_ff_clk_BUFG   | PIPELINE/EX_MEM/ex_mem_MemWrite_out_reg_115[0]         | reset_IBUF                          |                3 |              8 |         2.67 |
|  t_ff_clk_BUFG   | PIPELINE/EX_MEM/ex_mem_MemWrite_out_reg_116[0]         | reset_IBUF                          |                4 |              8 |         2.00 |
|  t_ff_clk_BUFG   | PIPELINE/EX_MEM/ex_mem_MemWrite_out_reg_113[0]         | reset_IBUF                          |                7 |              8 |         1.14 |
|  t_ff_clk_BUFG   | PIPELINE/EX_MEM/ex_mem_MemWrite_out_reg_119[0]         | reset_IBUF                          |                4 |              8 |         2.00 |
|  t_ff_clk_BUFG   | PIPELINE/EX_MEM/ex_mem_MemWrite_out_reg_158[0]         | reset_IBUF                          |                6 |              8 |         1.33 |
|  t_ff_clk_BUFG   | PIPELINE/EX_MEM/ex_mem_MemWrite_out_reg_152[0]         | reset_IBUF                          |                4 |              8 |         2.00 |
|  t_ff_clk_BUFG   | PIPELINE/EX_MEM/ex_mem_MemWrite_out_reg_186[0]         | reset_IBUF                          |                2 |              8 |         4.00 |
|  t_ff_clk_BUFG   | PIPELINE/EX_MEM/ex_mem_MemWrite_out_reg_188[0]         | reset_IBUF                          |                5 |              8 |         1.60 |
|  t_ff_clk_BUFG   | PIPELINE/EX_MEM/ex_mem_MemWrite_out_reg_146[0]         | reset_IBUF                          |                4 |              8 |         2.00 |
|  t_ff_clk_BUFG   | PIPELINE/EX_MEM/ex_mem_MemWrite_out_reg_168[0]         | reset_IBUF                          |                4 |              8 |         2.00 |
|  t_ff_clk_BUFG   | PIPELINE/EX_MEM/ex_mem_MemWrite_out_reg_185[0]         | reset_IBUF                          |                4 |              8 |         2.00 |
|  t_ff_clk_BUFG   | PIPELINE/EX_MEM/ex_mem_MemWrite_out_reg_143[0]         | reset_IBUF                          |                2 |              8 |         4.00 |
|  t_ff_clk_BUFG   | PIPELINE/EX_MEM/ex_mem_MemWrite_out_reg_151[0]         | reset_IBUF                          |                5 |              8 |         1.60 |
|  t_ff_clk_BUFG   | PIPELINE/EX_MEM/ex_mem_MemWrite_out_reg_169[0]         | reset_IBUF                          |                4 |              8 |         2.00 |
|  t_ff_clk_BUFG   | PIPELINE/EX_MEM/ex_mem_MemWrite_out_reg_189[0]         | reset_IBUF                          |                3 |              8 |         2.67 |
|  t_ff_clk_BUFG   | PIPELINE/EX_MEM/ex_mem_MemWrite_out_reg_19[0]          | reset_IBUF                          |                2 |              8 |         4.00 |
|  t_ff_clk_BUFG   | PIPELINE/EX_MEM/ex_mem_MemWrite_out_reg_190[0]         | reset_IBUF                          |                3 |              8 |         2.67 |
|  t_ff_clk_BUFG   | PIPELINE/EX_MEM/ex_mem_MemWrite_out_reg_191[0]         | reset_IBUF                          |                4 |              8 |         2.00 |
|  t_ff_clk_BUFG   | PIPELINE/EX_MEM/ex_mem_MemWrite_out_reg_192[0]         | reset_IBUF                          |                3 |              8 |         2.67 |
|  t_ff_clk_BUFG   | PIPELINE/EX_MEM/ex_mem_MemWrite_out_reg_16[0]          | reset_IBUF                          |                2 |              8 |         4.00 |
|  t_ff_clk_BUFG   | PIPELINE/EX_MEM/ex_mem_MemWrite_out_reg_161[0]         | reset_IBUF                          |                6 |              8 |         1.33 |
|  t_ff_clk_BUFG   | PIPELINE/EX_MEM/ex_mem_MemWrite_out_reg_136[0]         | reset_IBUF                          |                2 |              8 |         4.00 |
|  t_ff_clk_BUFG   | PIPELINE/EX_MEM/ex_mem_MemWrite_out_reg_142[0]         | reset_IBUF                          |                4 |              8 |         2.00 |
|  t_ff_clk_BUFG   | PIPELINE/EX_MEM/ex_mem_MemWrite_out_reg_15[0]          | reset_IBUF                          |                3 |              8 |         2.67 |
|  t_ff_clk_BUFG   | PIPELINE/EX_MEM/ex_mem_MemWrite_out_reg_156[0]         | reset_IBUF                          |                3 |              8 |         2.67 |
|  t_ff_clk_BUFG   | PIPELINE/EX_MEM/ex_mem_MemWrite_out_reg_166[0]         | reset_IBUF                          |                3 |              8 |         2.67 |
|  t_ff_clk_BUFG   | PIPELINE/EX_MEM/ex_mem_MemWrite_out_reg_14[0]          | reset_IBUF                          |                3 |              8 |         2.67 |
|  t_ff_clk_BUFG   | PIPELINE/EX_MEM/ex_mem_MemWrite_out_reg_162[0]         | reset_IBUF                          |                3 |              8 |         2.67 |
|  t_ff_clk_BUFG   | PIPELINE/EX_MEM/ex_mem_MemWrite_out_reg_17[0]          | reset_IBUF                          |                3 |              8 |         2.67 |
|  t_ff_clk_BUFG   | PIPELINE/EX_MEM/ex_mem_MemWrite_out_reg_178[0]         | reset_IBUF                          |                3 |              8 |         2.67 |
|  t_ff_clk_BUFG   | PIPELINE/EX_MEM/ex_mem_MemWrite_out_reg_179[0]         | reset_IBUF                          |                3 |              8 |         2.67 |
|  t_ff_clk_BUFG   | PIPELINE/EX_MEM/ex_mem_MemWrite_out_reg_135[0]         | reset_IBUF                          |                2 |              8 |         4.00 |
|  t_ff_clk_BUFG   | PIPELINE/EX_MEM/ex_mem_MemWrite_out_reg_150[0]         | reset_IBUF                          |                2 |              8 |         4.00 |
|  t_ff_clk_BUFG   | PIPELINE/EX_MEM/ex_mem_MemWrite_out_reg_159[0]         | reset_IBUF                          |                4 |              8 |         2.00 |
|  t_ff_clk_BUFG   | PIPELINE/EX_MEM/ex_mem_MemWrite_out_reg_181[0]         | reset_IBUF                          |                8 |              8 |         1.00 |
|  t_ff_clk_BUFG   | PIPELINE/EX_MEM/ex_mem_MemWrite_out_reg_183[0]         | reset_IBUF                          |                2 |              8 |         4.00 |
|  t_ff_clk_BUFG   | PIPELINE/EX_MEM/ex_mem_MemWrite_out_reg_184[0]         | reset_IBUF                          |                3 |              8 |         2.67 |
|  t_ff_clk_BUFG   | PIPELINE/EX_MEM/ex_mem_MemWrite_out_reg_187[0]         | reset_IBUF                          |                8 |              8 |         1.00 |
|  t_ff_clk_BUFG   | PIPELINE/EX_MEM/ex_mem_MemWrite_out_reg_160[0]         | reset_IBUF                          |                5 |              8 |         1.60 |
|  t_ff_clk_BUFG   | PIPELINE/EX_MEM/ex_mem_MemWrite_out_reg_147[0]         | reset_IBUF                          |                3 |              8 |         2.67 |
|  t_ff_clk_BUFG   | PIPELINE/EX_MEM/ex_mem_MemWrite_out_reg_157[0]         | reset_IBUF                          |                2 |              8 |         4.00 |
|  t_ff_clk_BUFG   | PIPELINE/EX_MEM/ex_mem_MemWrite_out_reg_172[0]         | reset_IBUF                          |                3 |              8 |         2.67 |
|  t_ff_clk_BUFG   | PIPELINE/EX_MEM/ex_mem_MemWrite_out_reg_173[0]         | reset_IBUF                          |                3 |              8 |         2.67 |
|  t_ff_clk_BUFG   | PIPELINE/EX_MEM/ex_mem_MemWrite_out_reg_174[0]         | reset_IBUF                          |                6 |              8 |         1.33 |
|  t_ff_clk_BUFG   | PIPELINE/EX_MEM/ex_mem_MemWrite_out_reg_137[0]         | reset_IBUF                          |                3 |              8 |         2.67 |
|  t_ff_clk_BUFG   | PIPELINE/EX_MEM/ex_mem_MemWrite_out_reg_140[0]         | reset_IBUF                          |                3 |              8 |         2.67 |
|  t_ff_clk_BUFG   | PIPELINE/EX_MEM/ex_mem_MemWrite_out_reg_176[0]         | reset_IBUF                          |                2 |              8 |         4.00 |
|  t_ff_clk_BUFG   | PIPELINE/EX_MEM/ex_mem_MemWrite_out_reg_148[0]         | reset_IBUF                          |                3 |              8 |         2.67 |
|  t_ff_clk_BUFG   | PIPELINE/EX_MEM/ex_mem_MemWrite_out_reg_138[0]         | reset_IBUF                          |                4 |              8 |         2.00 |
|  t_ff_clk_BUFG   | PIPELINE/EX_MEM/ex_mem_MemWrite_out_reg_139[0]         | reset_IBUF                          |                6 |              8 |         1.33 |
|  t_ff_clk_BUFG   | PIPELINE/EX_MEM/ex_mem_MemWrite_out_reg_153[0]         | reset_IBUF                          |                2 |              8 |         4.00 |
|  t_ff_clk_BUFG   | PIPELINE/EX_MEM/ex_mem_MemWrite_out_reg_167[0]         | reset_IBUF                          |                1 |              8 |         8.00 |
|  t_ff_clk_BUFG   | PIPELINE/EX_MEM/ex_mem_MemWrite_out_reg_144[0]         | reset_IBUF                          |                3 |              8 |         2.67 |
|  t_ff_clk_BUFG   | PIPELINE/EX_MEM/ex_mem_MemWrite_out_reg_171[0]         | reset_IBUF                          |                3 |              8 |         2.67 |
|  t_ff_clk_BUFG   | PIPELINE/EX_MEM/ex_mem_MemWrite_out_reg_163[0]         | reset_IBUF                          |                4 |              8 |         2.00 |
|  t_ff_clk_BUFG   | PIPELINE/EX_MEM/ex_mem_MemWrite_out_reg_175[0]         | reset_IBUF                          |                6 |              8 |         1.33 |
|  t_ff_clk_BUFG   | PIPELINE/EX_MEM/ex_mem_MemWrite_out_reg_155[0]         | reset_IBUF                          |                4 |              8 |         2.00 |
|  t_ff_clk_BUFG   | PIPELINE/EX_MEM/ex_mem_MemWrite_out_reg_164[0]         | reset_IBUF                          |                3 |              8 |         2.67 |
|  t_ff_clk_BUFG   | PIPELINE/EX_MEM/ex_mem_MemWrite_out_reg_165[0]         | reset_IBUF                          |                2 |              8 |         4.00 |
|  t_ff_clk_BUFG   | PIPELINE/EX_MEM/ex_mem_MemWrite_out_reg_170[0]         | reset_IBUF                          |                4 |              8 |         2.00 |
|  t_ff_clk_BUFG   | PIPELINE/EX_MEM/ex_mem_MemWrite_out_reg_141[0]         | reset_IBUF                          |                7 |              8 |         1.14 |
|  t_ff_clk_BUFG   | PIPELINE/EX_MEM/ex_mem_MemWrite_out_reg_154[0]         | reset_IBUF                          |                6 |              8 |         1.33 |
|  t_ff_clk_BUFG   | PIPELINE/EX_MEM/ex_mem_MemWrite_out_reg_177[0]         | reset_IBUF                          |                3 |              8 |         2.67 |
|  t_ff_clk_BUFG   | PIPELINE/EX_MEM/ex_mem_MemWrite_out_reg_18[0]          | reset_IBUF                          |                4 |              8 |         2.00 |
|  t_ff_clk_BUFG   | PIPELINE/EX_MEM/ex_mem_MemWrite_out_reg_180[0]         | reset_IBUF                          |                4 |              8 |         2.00 |
|  t_ff_clk_BUFG   | PIPELINE/EX_MEM/ex_mem_MemWrite_out_reg_145[0]         | reset_IBUF                          |                4 |              8 |         2.00 |
|  t_ff_clk_BUFG   | PIPELINE/EX_MEM/ex_mem_MemWrite_out_reg_182[0]         | reset_IBUF                          |                6 |              8 |         1.33 |
|  t_ff_clk_BUFG   | PIPELINE/EX_MEM/ex_mem_MemWrite_out_reg_149[0]         | reset_IBUF                          |                3 |              8 |         2.67 |
|  t_ff_clk_BUFG   | PIPELINE/EX_MEM/ex_mem_MemWrite_out_reg_214[0]         | reset_IBUF                          |                4 |              8 |         2.00 |
|  t_ff_clk_BUFG   | PIPELINE/EX_MEM/ex_mem_MemWrite_out_reg_22[0]          | reset_IBUF                          |                3 |              8 |         2.67 |
|  t_ff_clk_BUFG   | PIPELINE/EX_MEM/ex_mem_MemWrite_out_reg_20[0]          | reset_IBUF                          |                4 |              8 |         2.00 |
|  t_ff_clk_BUFG   | PIPELINE/EX_MEM/ex_mem_MemWrite_out_reg_210[0]         | reset_IBUF                          |                4 |              8 |         2.00 |
|  t_ff_clk_BUFG   | PIPELINE/EX_MEM/ex_mem_MemWrite_out_reg_218[0]         | reset_IBUF                          |                3 |              8 |         2.67 |
|  t_ff_clk_BUFG   | PIPELINE/EX_MEM/ex_mem_MemWrite_out_reg_225[0]         | reset_IBUF                          |                3 |              8 |         2.67 |
|  t_ff_clk_BUFG   | PIPELINE/EX_MEM/ex_mem_MemWrite_out_reg_217[0]         | reset_IBUF                          |                4 |              8 |         2.00 |
|  t_ff_clk_BUFG   | PIPELINE/EX_MEM/ex_mem_MemWrite_out_reg_209[0]         | reset_IBUF                          |                4 |              8 |         2.00 |
|  t_ff_clk_BUFG   | PIPELINE/EX_MEM/ex_mem_MemWrite_out_reg_227[0]         | reset_IBUF                          |                2 |              8 |         4.00 |
|  t_ff_clk_BUFG   | PIPELINE/EX_MEM/ex_mem_MemWrite_out_reg_206[0]         | reset_IBUF                          |                3 |              8 |         2.67 |
|  t_ff_clk_BUFG   | PIPELINE/EX_MEM/ex_mem_MemWrite_out_reg_205[0]         | reset_IBUF                          |                4 |              8 |         2.00 |
|  t_ff_clk_BUFG   | PIPELINE/EX_MEM/ex_mem_MemWrite_out_reg_200[0]         | reset_IBUF                          |                5 |              8 |         1.60 |
|  t_ff_clk_BUFG   | PIPELINE/EX_MEM/ex_mem_MemWrite_out_reg_21[0]          | reset_IBUF                          |                3 |              8 |         2.67 |
|  t_ff_clk_BUFG   | PIPELINE/EX_MEM/ex_mem_MemWrite_out_reg_223[0]         | reset_IBUF                          |                3 |              8 |         2.67 |
|  t_ff_clk_BUFG   | PIPELINE/EX_MEM/ex_mem_MemWrite_out_reg_224[0]         | reset_IBUF                          |                2 |              8 |         4.00 |
|  t_ff_clk_BUFG   | PIPELINE/EX_MEM/ex_mem_MemWrite_out_reg_23[0]          | reset_IBUF                          |                2 |              8 |         4.00 |
|  t_ff_clk_BUFG   | PIPELINE/EX_MEM/ex_mem_MemWrite_out_reg_236[0]         | reset_IBUF                          |                3 |              8 |         2.67 |
|  t_ff_clk_BUFG   | PIPELINE/EX_MEM/ex_mem_MemWrite_out_reg_216[0]         | reset_IBUF                          |                3 |              8 |         2.67 |
|  t_ff_clk_BUFG   | PIPELINE/EX_MEM/ex_mem_MemWrite_out_reg_235[0]         | reset_IBUF                          |                2 |              8 |         4.00 |
|  t_ff_clk_BUFG   | PIPELINE/EX_MEM/ex_mem_MemWrite_out_reg_215[0]         | reset_IBUF                          |                2 |              8 |         4.00 |
|  t_ff_clk_BUFG   | PIPELINE/EX_MEM/ex_mem_MemWrite_out_reg_220[0]         | reset_IBUF                          |                3 |              8 |         2.67 |
|  t_ff_clk_BUFG   | PIPELINE/EX_MEM/ex_mem_MemWrite_out_reg_195[0]         | reset_IBUF                          |                3 |              8 |         2.67 |
|  t_ff_clk_BUFG   | PIPELINE/EX_MEM/ex_mem_MemWrite_out_reg_228[0]         | reset_IBUF                          |                3 |              8 |         2.67 |
|  t_ff_clk_BUFG   | PIPELINE/EX_MEM/ex_mem_MemWrite_out_reg_196[0]         | reset_IBUF                          |                6 |              8 |         1.33 |
|  t_ff_clk_BUFG   | PIPELINE/EX_MEM/ex_mem_MemWrite_out_reg_232[0]         | reset_IBUF                          |                2 |              8 |         4.00 |
|  t_ff_clk_BUFG   | PIPELINE/EX_MEM/ex_mem_MemWrite_out_reg_233[0]         | reset_IBUF                          |                3 |              8 |         2.67 |
|  t_ff_clk_BUFG   | PIPELINE/EX_MEM/ex_mem_MemWrite_out_reg_237[0]         | reset_IBUF                          |                3 |              8 |         2.67 |
|  t_ff_clk_BUFG   | PIPELINE/EX_MEM/ex_mem_MemWrite_out_reg_198[0]         | reset_IBUF                          |                2 |              8 |         4.00 |
|  t_ff_clk_BUFG   | PIPELINE/EX_MEM/ex_mem_MemWrite_out_reg_212[0]         | reset_IBUF                          |                5 |              8 |         1.60 |
|  t_ff_clk_BUFG   | PIPELINE/EX_MEM/ex_mem_MemWrite_out_reg_238[0]         | reset_IBUF                          |                7 |              8 |         1.14 |
|  t_ff_clk_BUFG   | PIPELINE/EX_MEM/ex_mem_MemWrite_out_reg_24[0]          | reset_IBUF                          |                3 |              8 |         2.67 |
|  t_ff_clk_BUFG   | PIPELINE/EX_MEM/ex_mem_MemWrite_out_reg_208[0]         | reset_IBUF                          |                3 |              8 |         2.67 |
|  t_ff_clk_BUFG   | PIPELINE/EX_MEM/ex_mem_MemWrite_out_reg_240[0]         | reset_IBUF                          |                1 |              8 |         8.00 |
|  t_ff_clk_BUFG   | PIPELINE/EX_MEM/ex_mem_MemWrite_out_reg_241[0]         | reset_IBUF                          |                5 |              8 |         1.60 |
|  t_ff_clk_BUFG   | PIPELINE/EX_MEM/ex_mem_MemWrite_out_reg_213[0]         | reset_IBUF                          |                3 |              8 |         2.67 |
|  t_ff_clk_BUFG   | PIPELINE/EX_MEM/ex_mem_MemWrite_out_reg_234[0]         | reset_IBUF                          |                1 |              8 |         8.00 |
|  t_ff_clk_BUFG   | PIPELINE/EX_MEM/ex_mem_MemWrite_out_reg_204[0]         | reset_IBUF                          |                4 |              8 |         2.00 |
|  t_ff_clk_BUFG   | PIPELINE/EX_MEM/ex_mem_MemWrite_out_reg_243[0]         | reset_IBUF                          |                5 |              8 |         1.60 |
|  t_ff_clk_BUFG   | PIPELINE/EX_MEM/ex_mem_MemWrite_out_reg_245[0]         | reset_IBUF                          |                7 |              8 |         1.14 |
|  t_ff_clk_BUFG   | PIPELINE/EX_MEM/ex_mem_MemWrite_out_reg_247[0]         | reset_IBUF                          |                3 |              8 |         2.67 |
|  t_ff_clk_BUFG   | PIPELINE/EX_MEM/ex_mem_MemWrite_out_reg_193[0]         | reset_IBUF                          |                3 |              8 |         2.67 |
|  t_ff_clk_BUFG   | PIPELINE/EX_MEM/ex_mem_MemWrite_out_reg_202[0]         | reset_IBUF                          |                7 |              8 |         1.14 |
|  t_ff_clk_BUFG   | PIPELINE/EX_MEM/ex_mem_MemWrite_out_reg_221[0]         | reset_IBUF                          |                4 |              8 |         2.00 |
|  t_ff_clk_BUFG   | PIPELINE/EX_MEM/ex_mem_MemWrite_out_reg_211[0]         | reset_IBUF                          |                2 |              8 |         4.00 |
|  t_ff_clk_BUFG   | PIPELINE/EX_MEM/ex_mem_MemWrite_out_reg_226[0]         | reset_IBUF                          |                3 |              8 |         2.67 |
|  t_ff_clk_BUFG   | PIPELINE/EX_MEM/ex_mem_MemWrite_out_reg_231[0]         | reset_IBUF                          |                4 |              8 |         2.00 |
|  t_ff_clk_BUFG   | PIPELINE/EX_MEM/ex_mem_MemWrite_out_reg_207[0]         | reset_IBUF                          |                4 |              8 |         2.00 |
|  t_ff_clk_BUFG   | PIPELINE/EX_MEM/ex_mem_MemWrite_out_reg_242[0]         | reset_IBUF                          |                5 |              8 |         1.60 |
|  t_ff_clk_BUFG   | PIPELINE/EX_MEM/ex_mem_MemWrite_out_reg_248[0]         | reset_IBUF                          |                3 |              8 |         2.67 |
|  t_ff_clk_BUFG   | PIPELINE/EX_MEM/ex_mem_MemWrite_out_reg_201[0]         | reset_IBUF                          |                3 |              8 |         2.67 |
|  t_ff_clk_BUFG   | PIPELINE/EX_MEM/ex_mem_MemWrite_out_reg_249[0]         | reset_IBUF                          |                3 |              8 |         2.67 |
|  t_ff_clk_BUFG   | PIPELINE/EX_MEM/ex_mem_MemWrite_out_reg_25[0]          | reset_IBUF                          |                3 |              8 |         2.67 |
|  t_ff_clk_BUFG   | PIPELINE/EX_MEM/ex_mem_MemWrite_out_reg_239[0]         | reset_IBUF                          |                5 |              8 |         1.60 |
|  t_ff_clk_BUFG   | PIPELINE/EX_MEM/ex_mem_MemWrite_out_reg_230[0]         | reset_IBUF                          |                6 |              8 |         1.33 |
|  t_ff_clk_BUFG   | PIPELINE/EX_MEM/ex_mem_MemWrite_out_reg_244[0]         | reset_IBUF                          |                3 |              8 |         2.67 |
|  t_ff_clk_BUFG   | PIPELINE/EX_MEM/ex_mem_MemWrite_out_reg_246[0]         | reset_IBUF                          |                3 |              8 |         2.67 |
|  t_ff_clk_BUFG   | PIPELINE/EX_MEM/ex_mem_MemWrite_out_reg_203[0]         | reset_IBUF                          |                3 |              8 |         2.67 |
|  t_ff_clk_BUFG   | PIPELINE/EX_MEM/ex_mem_MemWrite_out_reg_229[0]         | reset_IBUF                          |                8 |              8 |         1.00 |
|  t_ff_clk_BUFG   | PIPELINE/EX_MEM/ex_mem_MemWrite_out_reg_194[0]         | reset_IBUF                          |                4 |              8 |         2.00 |
|  t_ff_clk_BUFG   | PIPELINE/EX_MEM/ex_mem_MemWrite_out_reg_222[0]         | reset_IBUF                          |                5 |              8 |         1.60 |
|  t_ff_clk_BUFG   | PIPELINE/EX_MEM/ex_mem_MemWrite_out_reg_199[0]         | reset_IBUF                          |                2 |              8 |         4.00 |
|  t_ff_clk_BUFG   | PIPELINE/EX_MEM/ex_mem_MemWrite_out_reg_2[0]           | reset_IBUF                          |                6 |              8 |         1.33 |
|  t_ff_clk_BUFG   | PIPELINE/EX_MEM/ex_mem_MemWrite_out_reg_197[0]         | reset_IBUF                          |                3 |              8 |         2.67 |
|  t_ff_clk_BUFG   | PIPELINE/EX_MEM/ex_mem_MemWrite_out_reg_219[0]         | reset_IBUF                          |                4 |              8 |         2.00 |
|  t_ff_clk_BUFG   | PIPELINE/EX_MEM/ex_mem_MemWrite_out_reg_286[0]         | reset_IBUF                          |                3 |              8 |         2.67 |
|  t_ff_clk_BUFG   | PIPELINE/EX_MEM/ex_mem_MemWrite_out_reg_250[0]         | reset_IBUF                          |                4 |              8 |         2.00 |
|  t_ff_clk_BUFG   | PIPELINE/EX_MEM/ex_mem_MemWrite_out_reg_252[0]         | reset_IBUF                          |                3 |              8 |         2.67 |
|  t_ff_clk_BUFG   | PIPELINE/EX_MEM/ex_mem_MemWrite_out_reg_282[0]         | reset_IBUF                          |                3 |              8 |         2.67 |
|  t_ff_clk_BUFG   | PIPELINE/EX_MEM/ex_mem_MemWrite_out_reg_254[0]         | reset_IBUF                          |                6 |              8 |         1.33 |
|  t_ff_clk_BUFG   | PIPELINE/EX_MEM/ex_mem_MemWrite_out_reg_270[0]         | reset_IBUF                          |                2 |              8 |         4.00 |
|  t_ff_clk_BUFG   | PIPELINE/EX_MEM/ex_mem_MemWrite_out_reg_285[0]         | reset_IBUF                          |                3 |              8 |         2.67 |
|  t_ff_clk_BUFG   | PIPELINE/EX_MEM/ex_mem_MemWrite_out_reg_258[0]         | reset_IBUF                          |                2 |              8 |         4.00 |
|  t_ff_clk_BUFG   | PIPELINE/EX_MEM/ex_mem_MemWrite_out_reg_275[0]         | reset_IBUF                          |                3 |              8 |         2.67 |
|  t_ff_clk_BUFG   | PIPELINE/EX_MEM/ex_mem_MemWrite_out_reg_287[0]         | reset_IBUF                          |                4 |              8 |         2.00 |
|  t_ff_clk_BUFG   | PIPELINE/EX_MEM/ex_mem_MemWrite_out_reg_294[0]         | reset_IBUF                          |                2 |              8 |         4.00 |
|  t_ff_clk_BUFG   | PIPELINE/EX_MEM/ex_mem_MemWrite_out_reg_283[0]         | reset_IBUF                          |                3 |              8 |         2.67 |
|  t_ff_clk_BUFG   | PIPELINE/EX_MEM/ex_mem_MemWrite_out_reg_253[0]         | reset_IBUF                          |                5 |              8 |         1.60 |
|  t_ff_clk_BUFG   | PIPELINE/EX_MEM/ex_mem_MemWrite_out_reg_266[0]         | reset_IBUF                          |                8 |              8 |         1.00 |
|  t_ff_clk_BUFG   | PIPELINE/EX_MEM/ex_mem_MemWrite_out_reg_27[0]          | reset_IBUF                          |                6 |              8 |         1.33 |
|  t_ff_clk_BUFG   | PIPELINE/EX_MEM/ex_mem_MemWrite_out_reg_290[0]         | reset_IBUF                          |                2 |              8 |         4.00 |
|  t_ff_clk_BUFG   | PIPELINE/EX_MEM/ex_mem_MemWrite_out_reg_291[0]         | reset_IBUF                          |                3 |              8 |         2.67 |
|  t_ff_clk_BUFG   | PIPELINE/EX_MEM/ex_mem_MemWrite_out_reg_261[0]         | reset_IBUF                          |                3 |              8 |         2.67 |
|  t_ff_clk_BUFG   | PIPELINE/EX_MEM/ex_mem_MemWrite_out_reg_297[0]         | reset_IBUF                          |                3 |              8 |         2.67 |
|  t_ff_clk_BUFG   | PIPELINE/EX_MEM/ex_mem_MemWrite_out_reg_28[0]          | reset_IBUF                          |                4 |              8 |         2.00 |
|  t_ff_clk_BUFG   | PIPELINE/EX_MEM/ex_mem_MemWrite_out_reg_288[0]         | reset_IBUF                          |                2 |              8 |         4.00 |
|  t_ff_clk_BUFG   | PIPELINE/EX_MEM/ex_mem_MemWrite_out_reg_265[0]         | reset_IBUF                          |                6 |              8 |         1.33 |
|  t_ff_clk_BUFG   | PIPELINE/EX_MEM/ex_mem_MemWrite_out_reg_273[0]         | reset_IBUF                          |                3 |              8 |         2.67 |
|  t_ff_clk_BUFG   | PIPELINE/EX_MEM/ex_mem_MemWrite_out_reg_295[0]         | reset_IBUF                          |                4 |              8 |         2.00 |
|  t_ff_clk_BUFG   | PIPELINE/EX_MEM/ex_mem_MemWrite_out_reg_262[0]         | reset_IBUF                          |                4 |              8 |         2.00 |
|  t_ff_clk_BUFG   | PIPELINE/EX_MEM/ex_mem_MemWrite_out_reg_251[0]         | reset_IBUF                          |                5 |              8 |         1.60 |
|  t_ff_clk_BUFG   | PIPELINE/EX_MEM/ex_mem_MemWrite_out_reg_260[0]         | reset_IBUF                          |                2 |              8 |         4.00 |
|  t_ff_clk_BUFG   | PIPELINE/EX_MEM/ex_mem_MemWrite_out_reg_284[0]         | reset_IBUF                          |                3 |              8 |         2.67 |
|  t_ff_clk_BUFG   | PIPELINE/EX_MEM/ex_mem_MemWrite_out_reg_3[0]           | reset_IBUF                          |                2 |              8 |         4.00 |
|  t_ff_clk_BUFG   | PIPELINE/EX_MEM/ex_mem_MemWrite_out_reg_30[0]          | reset_IBUF                          |                4 |              8 |         2.00 |
|  t_ff_clk_BUFG   | PIPELINE/EX_MEM/ex_mem_MemWrite_out_reg_255[0]         | reset_IBUF                          |                3 |              8 |         2.67 |
|  t_ff_clk_BUFG   | PIPELINE/EX_MEM/ex_mem_MemWrite_out_reg_300[0]         | reset_IBUF                          |                3 |              8 |         2.67 |
|  t_ff_clk_BUFG   | PIPELINE/EX_MEM/ex_mem_MemWrite_out_reg_281[0]         | reset_IBUF                          |                2 |              8 |         4.00 |
|  t_ff_clk_BUFG   | PIPELINE/EX_MEM/ex_mem_MemWrite_out_reg_301[0]         | reset_IBUF                          |                4 |              8 |         2.00 |
|  t_ff_clk_BUFG   | PIPELINE/EX_MEM/ex_mem_MemWrite_out_reg_303[0]         | reset_IBUF                          |                1 |              8 |         8.00 |
|  t_ff_clk_BUFG   | PIPELINE/EX_MEM/ex_mem_MemWrite_out_reg_280[0]         | reset_IBUF                          |                3 |              8 |         2.67 |
|  t_ff_clk_BUFG   | PIPELINE/EX_MEM/ex_mem_MemWrite_out_reg_279[0]         | reset_IBUF                          |                4 |              8 |         2.00 |
|  t_ff_clk_BUFG   | PIPELINE/EX_MEM/ex_mem_MemWrite_out_reg_304[0]         | reset_IBUF                          |                2 |              8 |         4.00 |
|  t_ff_clk_BUFG   | PIPELINE/EX_MEM/ex_mem_MemWrite_out_reg_278[0]         | reset_IBUF                          |                6 |              8 |         1.33 |
|  t_ff_clk_BUFG   | PIPELINE/EX_MEM/ex_mem_MemWrite_out_reg_256[0]         | reset_IBUF                          |                5 |              8 |         1.60 |
|  t_ff_clk_BUFG   | PIPELINE/EX_MEM/ex_mem_MemWrite_out_reg_269[0]         | reset_IBUF                          |                5 |              8 |         1.60 |
|  t_ff_clk_BUFG   | PIPELINE/EX_MEM/ex_mem_MemWrite_out_reg_277[0]         | reset_IBUF                          |                4 |              8 |         2.00 |
|  t_ff_clk_BUFG   | PIPELINE/EX_MEM/ex_mem_MemWrite_out_reg_257[0]         | reset_IBUF                          |                2 |              8 |         4.00 |
|  t_ff_clk_BUFG   | PIPELINE/EX_MEM/ex_mem_MemWrite_out_reg_263[0]         | reset_IBUF                          |                4 |              8 |         2.00 |
|  t_ff_clk_BUFG   | PIPELINE/EX_MEM/ex_mem_MemWrite_out_reg_267[0]         | reset_IBUF                          |                3 |              8 |         2.67 |
|  t_ff_clk_BUFG   | PIPELINE/EX_MEM/ex_mem_MemWrite_out_reg_268[0]         | reset_IBUF                          |                2 |              8 |         4.00 |
|  t_ff_clk_BUFG   | PIPELINE/EX_MEM/ex_mem_MemWrite_out_reg_271[0]         | reset_IBUF                          |                3 |              8 |         2.67 |
|  t_ff_clk_BUFG   | PIPELINE/EX_MEM/ex_mem_MemWrite_out_reg_259[0]         | reset_IBUF                          |                3 |              8 |         2.67 |
|  t_ff_clk_BUFG   | PIPELINE/EX_MEM/ex_mem_MemWrite_out_reg_276[0]         | reset_IBUF                          |                1 |              8 |         8.00 |
|  t_ff_clk_BUFG   | PIPELINE/EX_MEM/ex_mem_MemWrite_out_reg_289[0]         | reset_IBUF                          |                4 |              8 |         2.00 |
|  t_ff_clk_BUFG   | PIPELINE/EX_MEM/ex_mem_MemWrite_out_reg_293[0]         | reset_IBUF                          |                6 |              8 |         1.33 |
|  t_ff_clk_BUFG   | PIPELINE/EX_MEM/ex_mem_MemWrite_out_reg_299[0]         | reset_IBUF                          |                3 |              8 |         2.67 |
|  t_ff_clk_BUFG   | PIPELINE/EX_MEM/ex_mem_MemWrite_out_reg_305[0]         | reset_IBUF                          |                6 |              8 |         1.33 |
|  t_ff_clk_BUFG   | PIPELINE/EX_MEM/ex_mem_MemWrite_out_reg_298[0]         | reset_IBUF                          |                3 |              8 |         2.67 |
|  t_ff_clk_BUFG   | PIPELINE/EX_MEM/ex_mem_MemWrite_out_reg_306[0]         | reset_IBUF                          |                4 |              8 |         2.00 |
|  t_ff_clk_BUFG   | PIPELINE/EX_MEM/ex_mem_MemWrite_out_reg_307[0]         | reset_IBUF                          |                3 |              8 |         2.67 |
|  t_ff_clk_BUFG   | PIPELINE/EX_MEM/ex_mem_MemWrite_out_reg_296[0]         | reset_IBUF                          |                8 |              8 |         1.00 |
|  t_ff_clk_BUFG   | PIPELINE/EX_MEM/ex_mem_MemWrite_out_reg_272[0]         | reset_IBUF                          |                4 |              8 |         2.00 |
|  t_ff_clk_BUFG   | PIPELINE/EX_MEM/ex_mem_MemWrite_out_reg_274[0]         | reset_IBUF                          |                6 |              8 |         1.33 |
|  t_ff_clk_BUFG   | PIPELINE/EX_MEM/ex_mem_MemWrite_out_reg_29[0]          | reset_IBUF                          |                6 |              8 |         1.33 |
|  t_ff_clk_BUFG   | PIPELINE/EX_MEM/ex_mem_MemWrite_out_reg_302[0]         | reset_IBUF                          |                4 |              8 |         2.00 |
|  t_ff_clk_BUFG   | PIPELINE/EX_MEM/ex_mem_MemWrite_out_reg_292[0]         | reset_IBUF                          |                3 |              8 |         2.67 |
|  t_ff_clk_BUFG   | PIPELINE/EX_MEM/ex_mem_MemWrite_out_reg_26[0]          | reset_IBUF                          |                4 |              8 |         2.00 |
|  t_ff_clk_BUFG   | PIPELINE/EX_MEM/ex_mem_MemWrite_out_reg_264[0]         | reset_IBUF                          |                6 |              8 |         1.33 |
|  t_ff_clk_BUFG   | PIPELINE/EX_MEM/ex_mem_MemWrite_out_reg_334[0]         | reset_IBUF                          |                5 |              8 |         1.60 |
|  t_ff_clk_BUFG   | PIPELINE/EX_MEM/ex_mem_MemWrite_out_reg_336[0]         | reset_IBUF                          |                4 |              8 |         2.00 |
|  t_ff_clk_BUFG   | PIPELINE/EX_MEM/ex_mem_MemWrite_out_reg_314[0]         | reset_IBUF                          |                8 |              8 |         1.00 |
|  t_ff_clk_BUFG   | PIPELINE/EX_MEM/ex_mem_MemWrite_out_reg_337[0]         | reset_IBUF                          |                8 |              8 |         1.00 |
|  t_ff_clk_BUFG   | PIPELINE/EX_MEM/ex_mem_MemWrite_out_reg_316[0]         | reset_IBUF                          |                4 |              8 |         2.00 |
|  t_ff_clk_BUFG   | PIPELINE/EX_MEM/ex_mem_MemWrite_out_reg_324[0]         | reset_IBUF                          |                6 |              8 |         1.33 |
|  t_ff_clk_BUFG   | PIPELINE/EX_MEM/ex_mem_MemWrite_out_reg_338[0]         | reset_IBUF                          |                3 |              8 |         2.67 |
|  t_ff_clk_BUFG   | PIPELINE/EX_MEM/ex_mem_MemWrite_out_reg_312[0]         | reset_IBUF                          |                4 |              8 |         2.00 |
|  t_ff_clk_BUFG   | PIPELINE/EX_MEM/ex_mem_MemWrite_out_reg_34[0]          | reset_IBUF                          |                3 |              8 |         2.67 |
|  t_ff_clk_BUFG   | PIPELINE/EX_MEM/ex_mem_MemWrite_out_reg_346[0]         | reset_IBUF                          |                2 |              8 |         4.00 |
|  t_ff_clk_BUFG   | PIPELINE/EX_MEM/ex_mem_MemWrite_out_reg_348[0]         | reset_IBUF                          |                3 |              8 |         2.67 |
|  t_ff_clk_BUFG   | PIPELINE/EX_MEM/ex_mem_MemWrite_out_reg_35[0]          | reset_IBUF                          |                3 |              8 |         2.67 |
|  t_ff_clk_BUFG   | PIPELINE/EX_MEM/ex_mem_MemWrite_out_reg_315[0]         | reset_IBUF                          |                3 |              8 |         2.67 |
|  t_ff_clk_BUFG   | PIPELINE/EX_MEM/ex_mem_MemWrite_out_reg_349[0]         | reset_IBUF                          |                4 |              8 |         2.00 |
|  t_ff_clk_BUFG   | PIPELINE/EX_MEM/ex_mem_MemWrite_out_reg_323[0]         | reset_IBUF                          |                4 |              8 |         2.00 |
|  t_ff_clk_BUFG   | PIPELINE/EX_MEM/ex_mem_MemWrite_out_reg_353[0]         | reset_IBUF                          |                5 |              8 |         1.60 |
|  t_ff_clk_BUFG   | PIPELINE/EX_MEM/ex_mem_MemWrite_out_reg_355[0]         | reset_IBUF                          |                3 |              8 |         2.67 |
|  t_ff_clk_BUFG   | PIPELINE/EX_MEM/ex_mem_MemWrite_out_reg_357[0]         | reset_IBUF                          |                5 |              8 |         1.60 |
|  t_ff_clk_BUFG   | PIPELINE/EX_MEM/ex_mem_MemWrite_out_reg_36[0]          | reset_IBUF                          |                3 |              8 |         2.67 |
|  t_ff_clk_BUFG   | PIPELINE/EX_MEM/ex_mem_MemWrite_out_reg_361[0]         | reset_IBUF                          |                3 |              8 |         2.67 |
|  t_ff_clk_BUFG   | PIPELINE/EX_MEM/ex_mem_MemWrite_out_reg_339[0]         | reset_IBUF                          |                3 |              8 |         2.67 |
|  t_ff_clk_BUFG   | PIPELINE/EX_MEM/ex_mem_MemWrite_out_reg_311[0]         | reset_IBUF                          |                5 |              8 |         1.60 |
|  t_ff_clk_BUFG   | PIPELINE/EX_MEM/ex_mem_MemWrite_out_reg_345[0]         | reset_IBUF                          |                3 |              8 |         2.67 |
|  t_ff_clk_BUFG   | PIPELINE/EX_MEM/ex_mem_MemWrite_out_reg_329[0]         | reset_IBUF                          |                3 |              8 |         2.67 |
|  t_ff_clk_BUFG   | PIPELINE/EX_MEM/ex_mem_MemWrite_out_reg_333[0]         | reset_IBUF                          |                2 |              8 |         4.00 |
|  t_ff_clk_BUFG   | PIPELINE/EX_MEM/ex_mem_MemWrite_out_reg_313[0]         | reset_IBUF                          |                3 |              8 |         2.67 |
|  t_ff_clk_BUFG   | PIPELINE/EX_MEM/ex_mem_MemWrite_out_reg_33[0]          | reset_IBUF                          |                4 |              8 |         2.00 |
|  t_ff_clk_BUFG   | PIPELINE/EX_MEM/ex_mem_MemWrite_out_reg_332[0]         | reset_IBUF                          |                4 |              8 |         2.00 |
|  t_ff_clk_BUFG   | PIPELINE/EX_MEM/ex_mem_MemWrite_out_reg_309[0]         | reset_IBUF                          |                3 |              8 |         2.67 |
|  t_ff_clk_BUFG   | PIPELINE/EX_MEM/ex_mem_MemWrite_out_reg_326[0]         | reset_IBUF                          |                3 |              8 |         2.67 |
|  t_ff_clk_BUFG   | PIPELINE/EX_MEM/ex_mem_MemWrite_out_reg_335[0]         | reset_IBUF                          |                3 |              8 |         2.67 |
|  t_ff_clk_BUFG   | PIPELINE/EX_MEM/ex_mem_MemWrite_out_reg_342[0]         | reset_IBUF                          |                7 |              8 |         1.14 |
|  t_ff_clk_BUFG   | PIPELINE/EX_MEM/ex_mem_MemWrite_out_reg_320[0]         | reset_IBUF                          |                3 |              8 |         2.67 |
|  t_ff_clk_BUFG   | PIPELINE/EX_MEM/ex_mem_MemWrite_out_reg_318[0]         | reset_IBUF                          |                3 |              8 |         2.67 |
|  t_ff_clk_BUFG   | PIPELINE/EX_MEM/ex_mem_MemWrite_out_reg_347[0]         | reset_IBUF                          |                6 |              8 |         1.33 |
|  t_ff_clk_BUFG   | PIPELINE/EX_MEM/ex_mem_MemWrite_out_reg_350[0]         | reset_IBUF                          |                4 |              8 |         2.00 |
|  t_ff_clk_BUFG   | PIPELINE/EX_MEM/ex_mem_MemWrite_out_reg_322[0]         | reset_IBUF                          |                3 |              8 |         2.67 |
|  t_ff_clk_BUFG   | PIPELINE/EX_MEM/ex_mem_MemWrite_out_reg_356[0]         | reset_IBUF                          |                3 |              8 |         2.67 |
|  t_ff_clk_BUFG   | PIPELINE/EX_MEM/ex_mem_MemWrite_out_reg_310[0]         | reset_IBUF                          |                3 |              8 |         2.67 |
|  t_ff_clk_BUFG   | PIPELINE/EX_MEM/ex_mem_MemWrite_out_reg_330[0]         | reset_IBUF                          |                2 |              8 |         4.00 |
|  t_ff_clk_BUFG   | PIPELINE/EX_MEM/ex_mem_MemWrite_out_reg_344[0]         | reset_IBUF                          |                2 |              8 |         4.00 |
|  t_ff_clk_BUFG   | PIPELINE/EX_MEM/ex_mem_MemWrite_out_reg_351[0]         | reset_IBUF                          |                3 |              8 |         2.67 |
|  t_ff_clk_BUFG   | PIPELINE/EX_MEM/ex_mem_MemWrite_out_reg_352[0]         | reset_IBUF                          |                8 |              8 |         1.00 |
|  t_ff_clk_BUFG   | PIPELINE/EX_MEM/ex_mem_MemWrite_out_reg_358[0]         | reset_IBUF                          |                2 |              8 |         4.00 |
|  t_ff_clk_BUFG   | PIPELINE/EX_MEM/ex_mem_MemWrite_out_reg_327[0]         | reset_IBUF                          |                2 |              8 |         4.00 |
|  t_ff_clk_BUFG   | PIPELINE/EX_MEM/ex_mem_MemWrite_out_reg_359[0]         | reset_IBUF                          |                4 |              8 |         2.00 |
|  t_ff_clk_BUFG   | PIPELINE/EX_MEM/ex_mem_MemWrite_out_reg_308[0]         | reset_IBUF                          |                2 |              8 |         4.00 |
|  t_ff_clk_BUFG   | PIPELINE/EX_MEM/ex_mem_MemWrite_out_reg_341[0]         | reset_IBUF                          |                1 |              8 |         8.00 |
|  t_ff_clk_BUFG   | PIPELINE/EX_MEM/ex_mem_MemWrite_out_reg_354[0]         | reset_IBUF                          |                5 |              8 |         1.60 |
|  t_ff_clk_BUFG   | PIPELINE/EX_MEM/ex_mem_MemWrite_out_reg_360[0]         | reset_IBUF                          |                3 |              8 |         2.67 |
|  t_ff_clk_BUFG   | PIPELINE/EX_MEM/ex_mem_MemWrite_out_reg_362[0]         | reset_IBUF                          |                2 |              8 |         4.00 |
|  t_ff_clk_BUFG   | PIPELINE/EX_MEM/ex_mem_MemWrite_out_reg_325[0]         | reset_IBUF                          |                5 |              8 |         1.60 |
|  t_ff_clk_BUFG   | PIPELINE/EX_MEM/ex_mem_MemWrite_out_reg_363[0]         | reset_IBUF                          |                3 |              8 |         2.67 |
|  t_ff_clk_BUFG   | PIPELINE/EX_MEM/ex_mem_MemWrite_out_reg_364[0]         | reset_IBUF                          |                2 |              8 |         4.00 |
|  t_ff_clk_BUFG   | PIPELINE/EX_MEM/ex_mem_MemWrite_out_reg_365[0]         | reset_IBUF                          |                5 |              8 |         1.60 |
|  t_ff_clk_BUFG   | PIPELINE/EX_MEM/ex_mem_MemWrite_out_reg_321[0]         | reset_IBUF                          |                5 |              8 |         1.60 |
|  t_ff_clk_BUFG   | PIPELINE/EX_MEM/ex_mem_MemWrite_out_reg_331[0]         | reset_IBUF                          |                5 |              8 |         1.60 |
|  t_ff_clk_BUFG   | PIPELINE/EX_MEM/ex_mem_MemWrite_out_reg_31[0]          | reset_IBUF                          |                3 |              8 |         2.67 |
|  t_ff_clk_BUFG   | PIPELINE/EX_MEM/ex_mem_MemWrite_out_reg_340[0]         | reset_IBUF                          |                3 |              8 |         2.67 |
|  t_ff_clk_BUFG   | PIPELINE/EX_MEM/ex_mem_MemWrite_out_reg_343[0]         | reset_IBUF                          |                3 |              8 |         2.67 |
|  t_ff_clk_BUFG   | PIPELINE/EX_MEM/ex_mem_MemWrite_out_reg_319[0]         | reset_IBUF                          |                4 |              8 |         2.00 |
|  t_ff_clk_BUFG   | PIPELINE/EX_MEM/ex_mem_MemWrite_out_reg_32[0]          | reset_IBUF                          |                2 |              8 |         4.00 |
|  t_ff_clk_BUFG   | PIPELINE/EX_MEM/ex_mem_MemWrite_out_reg_328[0]         | reset_IBUF                          |                4 |              8 |         2.00 |
|  t_ff_clk_BUFG   | PIPELINE/EX_MEM/ex_mem_MemWrite_out_reg_317[0]         | reset_IBUF                          |                2 |              8 |         4.00 |
|  t_ff_clk_BUFG   | PIPELINE/EX_MEM/ex_mem_MemWrite_out_reg_373[0]         | reset_IBUF                          |                3 |              8 |         2.67 |
|  t_ff_clk_BUFG   | PIPELINE/EX_MEM/ex_mem_MemWrite_out_reg_38[0]          | reset_IBUF                          |                3 |              8 |         2.67 |
|  t_ff_clk_BUFG   | PIPELINE/EX_MEM/ex_mem_MemWrite_out_reg_419[0]         | reset_IBUF                          |                4 |              8 |         2.00 |
|  t_ff_clk_BUFG   | PIPELINE/EX_MEM/ex_mem_MemWrite_out_reg_37[0]          | reset_IBUF                          |                2 |              8 |         4.00 |
|  t_ff_clk_BUFG   | PIPELINE/EX_MEM/ex_mem_MemWrite_out_reg_42[0]          | reset_IBUF                          |                3 |              8 |         2.67 |
|  t_ff_clk_BUFG   | PIPELINE/EX_MEM/ex_mem_MemWrite_out_reg_378[0]         | reset_IBUF                          |                4 |              8 |         2.00 |
|  t_ff_clk_BUFG   | PIPELINE/EX_MEM/ex_mem_MemWrite_out_reg_376[0]         | reset_IBUF                          |                4 |              8 |         2.00 |
|  t_ff_clk_BUFG   | PIPELINE/EX_MEM/ex_mem_MemWrite_out_reg_368[0]         | reset_IBUF                          |                3 |              8 |         2.67 |
|  t_ff_clk_BUFG   | PIPELINE/EX_MEM/ex_mem_MemWrite_out_reg_39[0]          | reset_IBUF                          |                3 |              8 |         2.67 |
|  t_ff_clk_BUFG   | PIPELINE/EX_MEM/ex_mem_MemWrite_out_reg_394[0]         | reset_IBUF                          |                6 |              8 |         1.33 |
|  t_ff_clk_BUFG   | PIPELINE/EX_MEM/ex_mem_MemWrite_out_reg_415[0]         | reset_IBUF                          |                5 |              8 |         1.60 |
|  t_ff_clk_BUFG   | PIPELINE/EX_MEM/ex_mem_MemWrite_out_reg_416[0]         | reset_IBUF                          |                4 |              8 |         2.00 |
|  t_ff_clk_BUFG   | PIPELINE/EX_MEM/ex_mem_MemWrite_out_reg_369[0]         | reset_IBUF                          |                3 |              8 |         2.67 |
|  t_ff_clk_BUFG   | PIPELINE/EX_MEM/ex_mem_MemWrite_out_reg_389[0]         | reset_IBUF                          |                3 |              8 |         2.67 |
|  t_ff_clk_BUFG   | PIPELINE/EX_MEM/ex_mem_MemWrite_out_reg_420[0]         | reset_IBUF                          |                7 |              8 |         1.14 |
|  t_ff_clk_BUFG   | PIPELINE/EX_MEM/ex_mem_MemWrite_out_reg_421[0]         | reset_IBUF                          |                4 |              8 |         2.00 |
|  t_ff_clk_BUFG   | PIPELINE/EX_MEM/ex_mem_MemWrite_out_reg_422[0]         | reset_IBUF                          |                4 |              8 |         2.00 |
|  t_ff_clk_BUFG   | PIPELINE/EX_MEM/ex_mem_MemWrite_out_reg_375[0]         | reset_IBUF                          |                4 |              8 |         2.00 |
|  t_ff_clk_BUFG   | PIPELINE/EX_MEM/ex_mem_MemWrite_out_reg_40[0]          | reset_IBUF                          |                3 |              8 |         2.67 |
|  t_ff_clk_BUFG   | PIPELINE/EX_MEM/ex_mem_MemWrite_out_reg_374[0]         | reset_IBUF                          |                6 |              8 |         1.33 |
|  t_ff_clk_BUFG   | PIPELINE/EX_MEM/ex_mem_MemWrite_out_reg_380[0]         | reset_IBUF                          |                4 |              8 |         2.00 |
|  t_ff_clk_BUFG   | PIPELINE/EX_MEM/ex_mem_MemWrite_out_reg_392[0]         | reset_IBUF                          |                5 |              8 |         1.60 |
|  t_ff_clk_BUFG   | PIPELINE/EX_MEM/ex_mem_MemWrite_out_reg_381[0]         | reset_IBUF                          |                4 |              8 |         2.00 |
|  t_ff_clk_BUFG   | PIPELINE/EX_MEM/ex_mem_MemWrite_out_reg_399[0]         | reset_IBUF                          |                3 |              8 |         2.67 |
|  t_ff_clk_BUFG   | PIPELINE/EX_MEM/ex_mem_MemWrite_out_reg_408[0]         | reset_IBUF                          |                5 |              8 |         1.60 |
|  t_ff_clk_BUFG   | PIPELINE/EX_MEM/ex_mem_MemWrite_out_reg_409[0]         | reset_IBUF                          |                3 |              8 |         2.67 |
|  t_ff_clk_BUFG   | PIPELINE/EX_MEM/ex_mem_MemWrite_out_reg_411[0]         | reset_IBUF                          |                4 |              8 |         2.00 |
|  t_ff_clk_BUFG   | PIPELINE/EX_MEM/ex_mem_MemWrite_out_reg_371[0]         | reset_IBUF                          |                4 |              8 |         2.00 |
|  t_ff_clk_BUFG   | PIPELINE/EX_MEM/ex_mem_MemWrite_out_reg_413[0]         | reset_IBUF                          |                5 |              8 |         1.60 |
|  t_ff_clk_BUFG   | PIPELINE/EX_MEM/ex_mem_MemWrite_out_reg_414[0]         | reset_IBUF                          |                5 |              8 |         1.60 |
|  t_ff_clk_BUFG   | PIPELINE/EX_MEM/ex_mem_MemWrite_out_reg_417[0]         | reset_IBUF                          |                5 |              8 |         1.60 |
|  t_ff_clk_BUFG   | PIPELINE/EX_MEM/ex_mem_MemWrite_out_reg_366[0]         | reset_IBUF                          |                3 |              8 |         2.67 |
|  t_ff_clk_BUFG   | PIPELINE/EX_MEM/ex_mem_MemWrite_out_reg_367[0]         | reset_IBUF                          |                5 |              8 |         1.60 |
|  t_ff_clk_BUFG   | PIPELINE/EX_MEM/ex_mem_MemWrite_out_reg_384[0]         | reset_IBUF                          |                3 |              8 |         2.67 |
|  t_ff_clk_BUFG   | PIPELINE/EX_MEM/ex_mem_MemWrite_out_reg_372[0]         | reset_IBUF                          |                2 |              8 |         4.00 |
|  t_ff_clk_BUFG   | PIPELINE/EX_MEM/ex_mem_MemWrite_out_reg_4[0]           | reset_IBUF                          |                4 |              8 |         2.00 |
|  t_ff_clk_BUFG   | PIPELINE/EX_MEM/ex_mem_MemWrite_out_reg_386[0]         | reset_IBUF                          |                3 |              8 |         2.67 |
|  t_ff_clk_BUFG   | PIPELINE/EX_MEM/ex_mem_MemWrite_out_reg_383[0]         | reset_IBUF                          |                4 |              8 |         2.00 |
|  t_ff_clk_BUFG   | PIPELINE/EX_MEM/ex_mem_MemWrite_out_reg_385[0]         | reset_IBUF                          |                5 |              8 |         1.60 |
|  t_ff_clk_BUFG   | PIPELINE/EX_MEM/ex_mem_MemWrite_out_reg_397[0]         | reset_IBUF                          |                6 |              8 |         1.33 |
|  t_ff_clk_BUFG   | PIPELINE/EX_MEM/ex_mem_MemWrite_out_reg_388[0]         | reset_IBUF                          |                5 |              8 |         1.60 |
|  t_ff_clk_BUFG   | PIPELINE/EX_MEM/ex_mem_MemWrite_out_reg_396[0]         | reset_IBUF                          |                4 |              8 |         2.00 |
|  t_ff_clk_BUFG   | PIPELINE/EX_MEM/ex_mem_MemWrite_out_reg_382[0]         | reset_IBUF                          |                2 |              8 |         4.00 |
|  t_ff_clk_BUFG   | PIPELINE/EX_MEM/ex_mem_MemWrite_out_reg_370[0]         | reset_IBUF                          |                4 |              8 |         2.00 |
|  t_ff_clk_BUFG   | PIPELINE/EX_MEM/ex_mem_MemWrite_out_reg_387[0]         | reset_IBUF                          |                3 |              8 |         2.67 |
|  t_ff_clk_BUFG   | PIPELINE/EX_MEM/ex_mem_MemWrite_out_reg_390[0]         | reset_IBUF                          |                3 |              8 |         2.67 |
|  t_ff_clk_BUFG   | PIPELINE/EX_MEM/ex_mem_MemWrite_out_reg_395[0]         | reset_IBUF                          |                5 |              8 |         1.60 |
|  t_ff_clk_BUFG   | PIPELINE/EX_MEM/ex_mem_MemWrite_out_reg_398[0]         | reset_IBUF                          |                4 |              8 |         2.00 |
|  t_ff_clk_BUFG   | PIPELINE/EX_MEM/ex_mem_MemWrite_out_reg_401[0]         | reset_IBUF                          |                3 |              8 |         2.67 |
|  t_ff_clk_BUFG   | PIPELINE/EX_MEM/ex_mem_MemWrite_out_reg_402[0]         | reset_IBUF                          |                4 |              8 |         2.00 |
|  t_ff_clk_BUFG   | PIPELINE/EX_MEM/ex_mem_MemWrite_out_reg_403[0]         | reset_IBUF                          |                3 |              8 |         2.67 |
|  t_ff_clk_BUFG   | PIPELINE/EX_MEM/ex_mem_MemWrite_out_reg_404[0]         | reset_IBUF                          |                4 |              8 |         2.00 |
|  t_ff_clk_BUFG   | PIPELINE/EX_MEM/ex_mem_MemWrite_out_reg_379[0]         | reset_IBUF                          |                2 |              8 |         4.00 |
|  t_ff_clk_BUFG   | PIPELINE/EX_MEM/ex_mem_MemWrite_out_reg_405[0]         | reset_IBUF                          |                3 |              8 |         2.67 |
|  t_ff_clk_BUFG   | PIPELINE/EX_MEM/ex_mem_MemWrite_out_reg_406[0]         | reset_IBUF                          |                3 |              8 |         2.67 |
|  t_ff_clk_BUFG   | PIPELINE/EX_MEM/ex_mem_MemWrite_out_reg_400[0]         | reset_IBUF                          |                4 |              8 |         2.00 |
|  t_ff_clk_BUFG   | PIPELINE/EX_MEM/ex_mem_MemWrite_out_reg_377[0]         | reset_IBUF                          |                2 |              8 |         4.00 |
|  t_ff_clk_BUFG   | PIPELINE/EX_MEM/ex_mem_MemWrite_out_reg_391[0]         | reset_IBUF                          |                2 |              8 |         4.00 |
|  t_ff_clk_BUFG   | PIPELINE/EX_MEM/ex_mem_MemWrite_out_reg_393[0]         | reset_IBUF                          |                8 |              8 |         1.00 |
|  t_ff_clk_BUFG   | PIPELINE/EX_MEM/ex_mem_MemWrite_out_reg_407[0]         | reset_IBUF                          |                4 |              8 |         2.00 |
|  t_ff_clk_BUFG   | PIPELINE/EX_MEM/ex_mem_MemWrite_out_reg_41[0]          | reset_IBUF                          |                4 |              8 |         2.00 |
|  t_ff_clk_BUFG   | PIPELINE/EX_MEM/ex_mem_MemWrite_out_reg_410[0]         | reset_IBUF                          |                3 |              8 |         2.67 |
|  t_ff_clk_BUFG   | PIPELINE/EX_MEM/ex_mem_MemWrite_out_reg_412[0]         | reset_IBUF                          |                6 |              8 |         1.33 |
|  t_ff_clk_BUFG   | PIPELINE/EX_MEM/ex_mem_MemWrite_out_reg_418[0]         | reset_IBUF                          |                6 |              8 |         1.33 |
|  t_ff_clk_BUFG   | PIPELINE/EX_MEM/ex_mem_MemWrite_out_reg_459[0]         | reset_IBUF                          |                3 |              8 |         2.67 |
|  t_ff_clk_BUFG   | PIPELINE/EX_MEM/ex_mem_MemWrite_out_reg_460[0]         | reset_IBUF                          |                3 |              8 |         2.67 |
|  t_ff_clk_BUFG   | PIPELINE/EX_MEM/ex_mem_MemWrite_out_reg_439[0]         | reset_IBUF                          |                8 |              8 |         1.00 |
|  t_ff_clk_BUFG   | PIPELINE/EX_MEM/ex_mem_MemWrite_out_reg_47[0]          | reset_IBUF                          |                2 |              8 |         4.00 |
|  t_ff_clk_BUFG   | PIPELINE/EX_MEM/ex_mem_MemWrite_out_reg_466[0]         | reset_IBUF                          |                3 |              8 |         2.67 |
|  t_ff_clk_BUFG   | PIPELINE/EX_MEM/ex_mem_MemWrite_out_reg_457[0]         | reset_IBUF                          |                3 |              8 |         2.67 |
|  t_ff_clk_BUFG   | PIPELINE/EX_MEM/ex_mem_MemWrite_out_reg_469[0]         | reset_IBUF                          |                8 |              8 |         1.00 |
|  t_ff_clk_BUFG   | PIPELINE/EX_MEM/ex_mem_MemWrite_out_reg_430[0]         | reset_IBUF                          |                3 |              8 |         2.67 |
|  t_ff_clk_BUFG   | PIPELINE/EX_MEM/ex_mem_MemWrite_out_reg_447[0]         | reset_IBUF                          |                3 |              8 |         2.67 |
|  t_ff_clk_BUFG   | PIPELINE/EX_MEM/ex_mem_MemWrite_out_reg_428[0]         | reset_IBUF                          |                4 |              8 |         2.00 |
|  t_ff_clk_BUFG   | PIPELINE/EX_MEM/ex_mem_MemWrite_out_reg_427[0]         | reset_IBUF                          |                4 |              8 |         2.00 |
|  t_ff_clk_BUFG   | PIPELINE/EX_MEM/ex_mem_MemWrite_out_reg_45[0]          | reset_IBUF                          |                3 |              8 |         2.67 |
|  t_ff_clk_BUFG   | PIPELINE/EX_MEM/ex_mem_MemWrite_out_reg_431[0]         | reset_IBUF                          |                5 |              8 |         1.60 |
|  t_ff_clk_BUFG   | PIPELINE/EX_MEM/ex_mem_MemWrite_out_reg_456[0]         | reset_IBUF                          |                5 |              8 |         1.60 |
|  t_ff_clk_BUFG   | PIPELINE/EX_MEM/ex_mem_MemWrite_out_reg_461[0]         | reset_IBUF                          |                4 |              8 |         2.00 |
|  t_ff_clk_BUFG   | PIPELINE/EX_MEM/ex_mem_MemWrite_out_reg_470[0]         | reset_IBUF                          |                6 |              8 |         1.33 |
|  t_ff_clk_BUFG   | PIPELINE/EX_MEM/ex_mem_MemWrite_out_reg_476[0]         | reset_IBUF                          |                3 |              8 |         2.67 |
|  t_ff_clk_BUFG   | PIPELINE/EX_MEM/ex_mem_MemWrite_out_reg_478[0]         | reset_IBUF                          |                6 |              8 |         1.33 |
|  t_ff_clk_BUFG   | PIPELINE/EX_MEM/ex_mem_MemWrite_out_reg_479[0]         | reset_IBUF                          |                3 |              8 |         2.67 |
|  t_ff_clk_BUFG   | PIPELINE/EX_MEM/ex_mem_MemWrite_out_reg_44[0]          | reset_IBUF                          |                4 |              8 |         2.00 |
|  t_ff_clk_BUFG   | PIPELINE/EX_MEM/ex_mem_MemWrite_out_reg_433[0]         | reset_IBUF                          |                4 |              8 |         2.00 |
|  t_ff_clk_BUFG   | PIPELINE/EX_MEM/ex_mem_MemWrite_out_reg_446[0]         | reset_IBUF                          |                4 |              8 |         2.00 |
|  t_ff_clk_BUFG   | PIPELINE/EX_MEM/ex_mem_MemWrite_out_reg_434[0]         | reset_IBUF                          |                7 |              8 |         1.14 |
|  t_ff_clk_BUFG   | PIPELINE/EX_MEM/ex_mem_MemWrite_out_reg_46[0]          | reset_IBUF                          |                3 |              8 |         2.67 |
|  t_ff_clk_BUFG   | PIPELINE/EX_MEM/ex_mem_MemWrite_out_reg_448[0]         | reset_IBUF                          |                4 |              8 |         2.00 |
|  t_ff_clk_BUFG   | PIPELINE/EX_MEM/ex_mem_MemWrite_out_reg_480[0]         | reset_IBUF                          |                3 |              8 |         2.67 |
|  t_ff_clk_BUFG   | PIPELINE/EX_MEM/ex_mem_MemWrite_out_reg_436[0]         | reset_IBUF                          |                3 |              8 |         2.67 |
|  t_ff_clk_BUFG   | PIPELINE/EX_MEM/ex_mem_MemWrite_out_reg_443[0]         | reset_IBUF                          |                4 |              8 |         2.00 |
|  t_ff_clk_BUFG   | PIPELINE/EX_MEM/ex_mem_MemWrite_out_reg_474[0]         | reset_IBUF                          |                2 |              8 |         4.00 |
|  t_ff_clk_BUFG   | PIPELINE/EX_MEM/ex_mem_MemWrite_out_reg_449[0]         | reset_IBUF                          |                3 |              8 |         2.67 |
|  t_ff_clk_BUFG   | PIPELINE/EX_MEM/ex_mem_MemWrite_out_reg_43[0]          | reset_IBUF                          |                4 |              8 |         2.00 |
|  t_ff_clk_BUFG   | PIPELINE/EX_MEM/ex_mem_MemWrite_out_reg_451[0]         | reset_IBUF                          |                7 |              8 |         1.14 |
|  t_ff_clk_BUFG   | PIPELINE/EX_MEM/ex_mem_MemWrite_out_reg_468[0]         | reset_IBUF                          |                3 |              8 |         2.67 |
|  t_ff_clk_BUFG   | PIPELINE/EX_MEM/ex_mem_MemWrite_out_reg_477[0]         | reset_IBUF                          |                6 |              8 |         1.33 |
|  t_ff_clk_BUFG   | PIPELINE/EX_MEM/ex_mem_MemWrite_out_reg_48[0]          | reset_IBUF                          |                5 |              8 |         1.60 |
|  t_ff_clk_BUFG   | PIPELINE/EX_MEM/ex_mem_MemWrite_out_reg_426[0]         | reset_IBUF                          |                3 |              8 |         2.67 |
|  t_ff_clk_BUFG   | PIPELINE/EX_MEM/ex_mem_MemWrite_out_reg_450[0]         | reset_IBUF                          |                2 |              8 |         4.00 |
|  t_ff_clk_BUFG   | PIPELINE/EX_MEM/ex_mem_MemWrite_out_reg_445[0]         | reset_IBUF                          |                3 |              8 |         2.67 |
|  t_ff_clk_BUFG   | PIPELINE/EX_MEM/ex_mem_MemWrite_out_reg_452[0]         | reset_IBUF                          |                2 |              8 |         4.00 |
|  t_ff_clk_BUFG   | PIPELINE/EX_MEM/ex_mem_MemWrite_out_reg_453[0]         | reset_IBUF                          |                4 |              8 |         2.00 |
|  t_ff_clk_BUFG   | PIPELINE/EX_MEM/ex_mem_MemWrite_out_reg_424[0]         | reset_IBUF                          |                3 |              8 |         2.67 |
|  t_ff_clk_BUFG   | PIPELINE/EX_MEM/ex_mem_MemWrite_out_reg_454[0]         | reset_IBUF                          |                3 |              8 |         2.67 |
|  t_ff_clk_BUFG   | PIPELINE/EX_MEM/ex_mem_MemWrite_out_reg_455[0]         | reset_IBUF                          |                8 |              8 |         1.00 |
|  t_ff_clk_BUFG   | PIPELINE/EX_MEM/ex_mem_MemWrite_out_reg_458[0]         | reset_IBUF                          |                3 |              8 |         2.67 |
|  t_ff_clk_BUFG   | PIPELINE/EX_MEM/ex_mem_MemWrite_out_reg_462[0]         | reset_IBUF                          |                8 |              8 |         1.00 |
|  t_ff_clk_BUFG   | PIPELINE/EX_MEM/ex_mem_MemWrite_out_reg_429[0]         | reset_IBUF                          |                3 |              8 |         2.67 |
|  t_ff_clk_BUFG   | PIPELINE/EX_MEM/ex_mem_MemWrite_out_reg_442[0]         | reset_IBUF                          |                2 |              8 |         4.00 |
|  t_ff_clk_BUFG   | PIPELINE/EX_MEM/ex_mem_MemWrite_out_reg_463[0]         | reset_IBUF                          |                8 |              8 |         1.00 |
|  t_ff_clk_BUFG   | PIPELINE/EX_MEM/ex_mem_MemWrite_out_reg_423[0]         | reset_IBUF                          |                5 |              8 |         1.60 |
|  t_ff_clk_BUFG   | PIPELINE/EX_MEM/ex_mem_MemWrite_out_reg_464[0]         | reset_IBUF                          |                7 |              8 |         1.14 |
|  t_ff_clk_BUFG   | PIPELINE/EX_MEM/ex_mem_MemWrite_out_reg_465[0]         | reset_IBUF                          |                4 |              8 |         2.00 |
|  t_ff_clk_BUFG   | PIPELINE/EX_MEM/ex_mem_MemWrite_out_reg_471[0]         | reset_IBUF                          |                3 |              8 |         2.67 |
|  t_ff_clk_BUFG   | PIPELINE/EX_MEM/ex_mem_MemWrite_out_reg_473[0]         | reset_IBUF                          |                3 |              8 |         2.67 |
|  t_ff_clk_BUFG   | PIPELINE/EX_MEM/ex_mem_MemWrite_out_reg_467[0]         | reset_IBUF                          |                3 |              8 |         2.67 |
|  t_ff_clk_BUFG   | PIPELINE/EX_MEM/ex_mem_MemWrite_out_reg_475[0]         | reset_IBUF                          |                5 |              8 |         1.60 |
|  t_ff_clk_BUFG   | PIPELINE/EX_MEM/ex_mem_MemWrite_out_reg_425[0]         | reset_IBUF                          |                2 |              8 |         4.00 |
|  t_ff_clk_BUFG   | PIPELINE/EX_MEM/ex_mem_MemWrite_out_reg_444[0]         | reset_IBUF                          |                4 |              8 |         2.00 |
|  t_ff_clk_BUFG   | PIPELINE/EX_MEM/ex_mem_MemWrite_out_reg_432[0]         | reset_IBUF                          |                5 |              8 |         1.60 |
|  t_ff_clk_BUFG   | PIPELINE/EX_MEM/ex_mem_MemWrite_out_reg_441[0]         | reset_IBUF                          |                5 |              8 |         1.60 |
|  t_ff_clk_BUFG   | PIPELINE/EX_MEM/ex_mem_MemWrite_out_reg_437[0]         | reset_IBUF                          |                5 |              8 |         1.60 |
|  t_ff_clk_BUFG   | PIPELINE/EX_MEM/ex_mem_MemWrite_out_reg_438[0]         | reset_IBUF                          |                3 |              8 |         2.67 |
|  t_ff_clk_BUFG   | PIPELINE/EX_MEM/ex_mem_MemWrite_out_reg_435[0]         | reset_IBUF                          |                6 |              8 |         1.33 |
|  t_ff_clk_BUFG   | PIPELINE/EX_MEM/ex_mem_MemWrite_out_reg_440[0]         | reset_IBUF                          |                3 |              8 |         2.67 |
|  t_ff_clk_BUFG   | PIPELINE/EX_MEM/ex_mem_MemWrite_out_reg_519[0]         | reset_IBUF                          |                4 |              8 |         2.00 |
|  t_ff_clk_BUFG   | PIPELINE/EX_MEM/ex_mem_MemWrite_out_reg_502[0]         | reset_IBUF                          |                8 |              8 |         1.00 |
|  t_ff_clk_BUFG   | PIPELINE/EX_MEM/ex_mem_MemWrite_out_reg_488[0]         | reset_IBUF                          |                5 |              8 |         1.60 |
|  t_ff_clk_BUFG   | PIPELINE/EX_MEM/ex_mem_MemWrite_out_reg_500[0]         | reset_IBUF                          |                4 |              8 |         2.00 |
|  t_ff_clk_BUFG   | PIPELINE/EX_MEM/ex_mem_MemWrite_out_reg_49[0]          | reset_IBUF                          |                5 |              8 |         1.60 |
|  t_ff_clk_BUFG   | PIPELINE/EX_MEM/ex_mem_MemWrite_out_reg_52[0]          | reset_IBUF                          |                3 |              8 |         2.67 |
|  t_ff_clk_BUFG   | PIPELINE/EX_MEM/ex_mem_MemWrite_out_reg_522[0]         | reset_IBUF                          |                4 |              8 |         2.00 |
|  t_ff_clk_BUFG   | PIPELINE/EX_MEM/ex_mem_MemWrite_out_reg_486[0]         | reset_IBUF                          |                3 |              8 |         2.67 |
|  t_ff_clk_BUFG   | PIPELINE/EX_MEM/ex_mem_MemWrite_out_reg_493[0]         | reset_IBUF                          |                3 |              8 |         2.67 |
|  t_ff_clk_BUFG   | PIPELINE/EX_MEM/ex_mem_MemWrite_out_reg_51[0]          | reset_IBUF                          |                2 |              8 |         4.00 |
|  t_ff_clk_BUFG   | PIPELINE/EX_MEM/ex_mem_MemWrite_out_reg_517[0]         | reset_IBUF                          |                6 |              8 |         1.33 |
|  t_ff_clk_BUFG   | PIPELINE/EX_MEM/ex_mem_MemWrite_out_reg_506[0]         | reset_IBUF                          |                4 |              8 |         2.00 |
|  t_ff_clk_BUFG   | PIPELINE/EX_MEM/ex_mem_MemWrite_out_reg_489[0]         | reset_IBUF                          |                7 |              8 |         1.14 |
|  t_ff_clk_BUFG   | PIPELINE/EX_MEM/ex_mem_MemWrite_out_reg_507[0]         | reset_IBUF                          |                3 |              8 |         2.67 |
|  t_ff_clk_BUFG   | PIPELINE/EX_MEM/ex_mem_MemWrite_out_reg_512[0]         | reset_IBUF                          |                5 |              8 |         1.60 |
|  t_ff_clk_BUFG   | PIPELINE/EX_MEM/ex_mem_MemWrite_out_reg_525[0]         | reset_IBUF                          |                6 |              8 |         1.33 |
|  t_ff_clk_BUFG   | PIPELINE/EX_MEM/ex_mem_MemWrite_out_reg_526[0]         | reset_IBUF                          |                3 |              8 |         2.67 |
|  t_ff_clk_BUFG   | PIPELINE/EX_MEM/ex_mem_MemWrite_out_reg_497[0]         | reset_IBUF                          |                7 |              8 |         1.14 |
|  t_ff_clk_BUFG   | PIPELINE/EX_MEM/ex_mem_MemWrite_out_reg_516[0]         | reset_IBUF                          |                3 |              8 |         2.67 |
|  t_ff_clk_BUFG   | PIPELINE/EX_MEM/ex_mem_MemWrite_out_reg_523[0]         | reset_IBUF                          |                1 |              8 |         8.00 |
|  t_ff_clk_BUFG   | PIPELINE/EX_MEM/ex_mem_MemWrite_out_reg_503[0]         | reset_IBUF                          |                4 |              8 |         2.00 |
|  t_ff_clk_BUFG   | PIPELINE/EX_MEM/ex_mem_MemWrite_out_reg_485[0]         | reset_IBUF                          |                4 |              8 |         2.00 |
|  t_ff_clk_BUFG   | PIPELINE/EX_MEM/ex_mem_MemWrite_out_reg_510[0]         | reset_IBUF                          |                2 |              8 |         4.00 |
|  t_ff_clk_BUFG   | PIPELINE/EX_MEM/ex_mem_MemWrite_out_reg_528[0]         | reset_IBUF                          |                3 |              8 |         2.67 |
|  t_ff_clk_BUFG   | PIPELINE/EX_MEM/ex_mem_MemWrite_out_reg_498[0]         | reset_IBUF                          |                5 |              8 |         1.60 |
|  t_ff_clk_BUFG   | PIPELINE/EX_MEM/ex_mem_MemWrite_out_reg_487[0]         | reset_IBUF                          |                5 |              8 |         1.60 |
|  t_ff_clk_BUFG   | PIPELINE/EX_MEM/ex_mem_MemWrite_out_reg_496[0]         | reset_IBUF                          |                3 |              8 |         2.67 |
|  t_ff_clk_BUFG   | PIPELINE/EX_MEM/ex_mem_MemWrite_out_reg_50[0]          | reset_IBUF                          |                3 |              8 |         2.67 |
|  t_ff_clk_BUFG   | PIPELINE/EX_MEM/ex_mem_MemWrite_out_reg_482[0]         | reset_IBUF                          |                2 |              8 |         4.00 |
|  t_ff_clk_BUFG   | PIPELINE/EX_MEM/ex_mem_MemWrite_out_reg_524[0]         | reset_IBUF                          |                4 |              8 |         2.00 |
|  t_ff_clk_BUFG   | PIPELINE/EX_MEM/ex_mem_MemWrite_out_reg_490[0]         | reset_IBUF                          |                8 |              8 |         1.00 |
|  t_ff_clk_BUFG   | PIPELINE/EX_MEM/ex_mem_MemWrite_out_reg_527[0]         | reset_IBUF                          |                4 |              8 |         2.00 |
|  t_ff_clk_BUFG   | PIPELINE/EX_MEM/ex_mem_MemWrite_out_reg_529[0]         | reset_IBUF                          |                3 |              8 |         2.67 |
|  t_ff_clk_BUFG   | PIPELINE/EX_MEM/ex_mem_MemWrite_out_reg_530[0]         | reset_IBUF                          |                5 |              8 |         1.60 |
|  t_ff_clk_BUFG   | PIPELINE/EX_MEM/ex_mem_MemWrite_out_reg_531[0]         | reset_IBUF                          |                4 |              8 |         2.00 |
|  t_ff_clk_BUFG   | PIPELINE/EX_MEM/ex_mem_MemWrite_out_reg_520[0]         | reset_IBUF                          |                5 |              8 |         1.60 |
|  t_ff_clk_BUFG   | PIPELINE/EX_MEM/ex_mem_MemWrite_out_reg_535[0]         | reset_IBUF                          |                6 |              8 |         1.33 |
|  t_ff_clk_BUFG   | PIPELINE/EX_MEM/ex_mem_MemWrite_out_reg_538[0]         | reset_IBUF                          |                3 |              8 |         2.67 |
|  t_ff_clk_BUFG   | PIPELINE/EX_MEM/ex_mem_MemWrite_out_reg_484[0]         | reset_IBUF                          |                4 |              8 |         2.00 |
|  t_ff_clk_BUFG   | PIPELINE/EX_MEM/ex_mem_MemWrite_out_reg_491[0]         | reset_IBUF                          |                3 |              8 |         2.67 |
|  t_ff_clk_BUFG   | PIPELINE/EX_MEM/ex_mem_MemWrite_out_reg_499[0]         | reset_IBUF                          |                3 |              8 |         2.67 |
|  t_ff_clk_BUFG   | PIPELINE/EX_MEM/ex_mem_MemWrite_out_reg_532[0]         | reset_IBUF                          |                5 |              8 |         1.60 |
|  t_ff_clk_BUFG   | PIPELINE/EX_MEM/ex_mem_MemWrite_out_reg_492[0]         | reset_IBUF                          |                7 |              8 |         1.14 |
|  t_ff_clk_BUFG   | PIPELINE/EX_MEM/ex_mem_MemWrite_out_reg_504[0]         | reset_IBUF                          |                3 |              8 |         2.67 |
|  t_ff_clk_BUFG   | PIPELINE/EX_MEM/ex_mem_MemWrite_out_reg_509[0]         | reset_IBUF                          |                5 |              8 |         1.60 |
|  t_ff_clk_BUFG   | PIPELINE/EX_MEM/ex_mem_MemWrite_out_reg_514[0]         | reset_IBUF                          |                8 |              8 |         1.00 |
|  t_ff_clk_BUFG   | PIPELINE/EX_MEM/ex_mem_MemWrite_out_reg_521[0]         | reset_IBUF                          |                5 |              8 |         1.60 |
|  t_ff_clk_BUFG   | PIPELINE/EX_MEM/ex_mem_MemWrite_out_reg_494[0]         | reset_IBUF                          |                4 |              8 |         2.00 |
|  t_ff_clk_BUFG   | PIPELINE/EX_MEM/ex_mem_MemWrite_out_reg_518[0]         | reset_IBUF                          |                4 |              8 |         2.00 |
|  t_ff_clk_BUFG   | PIPELINE/EX_MEM/ex_mem_MemWrite_out_reg_53[0]          | reset_IBUF                          |                3 |              8 |         2.67 |
|  t_ff_clk_BUFG   | PIPELINE/EX_MEM/ex_mem_MemWrite_out_reg_533[0]         | reset_IBUF                          |                3 |              8 |         2.67 |
|  t_ff_clk_BUFG   | PIPELINE/EX_MEM/ex_mem_MemWrite_out_reg_536[0]         | reset_IBUF                          |                6 |              8 |         1.33 |
|  t_ff_clk_BUFG   | PIPELINE/EX_MEM/ex_mem_MemWrite_out_reg_537[0]         | reset_IBUF                          |                3 |              8 |         2.67 |
|  t_ff_clk_BUFG   | PIPELINE/EX_MEM/ex_mem_MemWrite_out_reg_513[0]         | reset_IBUF                          |                4 |              8 |         2.00 |
|  t_ff_clk_BUFG   | PIPELINE/EX_MEM/ex_mem_MemWrite_out_reg_534[0]         | reset_IBUF                          |                3 |              8 |         2.67 |
|  t_ff_clk_BUFG   | PIPELINE/EX_MEM/ex_mem_MemWrite_out_reg_5[0]           | reset_IBUF                          |                4 |              8 |         2.00 |
|  t_ff_clk_BUFG   | PIPELINE/EX_MEM/ex_mem_MemWrite_out_reg_511[0]         | reset_IBUF                          |                3 |              8 |         2.67 |
|  t_ff_clk_BUFG   | PIPELINE/EX_MEM/ex_mem_MemWrite_out_reg_483[0]         | reset_IBUF                          |                3 |              8 |         2.67 |
|  t_ff_clk_BUFG   | PIPELINE/EX_MEM/ex_mem_MemWrite_out_reg_515[0]         | reset_IBUF                          |                4 |              8 |         2.00 |
|  t_ff_clk_BUFG   | PIPELINE/EX_MEM/ex_mem_MemWrite_out_reg_505[0]         | reset_IBUF                          |                3 |              8 |         2.67 |
|  t_ff_clk_BUFG   | PIPELINE/EX_MEM/ex_mem_MemWrite_out_reg_481[0]         | reset_IBUF                          |                4 |              8 |         2.00 |
|  t_ff_clk_BUFG   | PIPELINE/EX_MEM/ex_mem_MemWrite_out_reg_508[0]         | reset_IBUF                          |                2 |              8 |         4.00 |
|  t_ff_clk_BUFG   | PIPELINE/EX_MEM/ex_mem_MemWrite_out_reg_495[0]         | reset_IBUF                          |                5 |              8 |         1.60 |
|  t_ff_clk_BUFG   | PIPELINE/EX_MEM/ex_mem_MemWrite_out_reg_501[0]         | reset_IBUF                          |                6 |              8 |         1.33 |
|  t_ff_clk_BUFG   | PIPELINE/EX_MEM/ex_mem_MemWrite_out_reg_563[0]         | reset_IBUF                          |                3 |              8 |         2.67 |
|  t_ff_clk_BUFG   | PIPELINE/EX_MEM/ex_mem_MemWrite_out_reg_552[0]         | reset_IBUF                          |                1 |              8 |         8.00 |
|  t_ff_clk_BUFG   | PIPELINE/EX_MEM/ex_mem_MemWrite_out_reg_558[0]         | reset_IBUF                          |                2 |              8 |         4.00 |
|  t_ff_clk_BUFG   | PIPELINE/EX_MEM/ex_mem_MemWrite_out_reg_571[0]         | reset_IBUF                          |                3 |              8 |         2.67 |
|  t_ff_clk_BUFG   | PIPELINE/EX_MEM/ex_mem_MemWrite_out_reg_564[0]         | reset_IBUF                          |                3 |              8 |         2.67 |
|  t_ff_clk_BUFG   | PIPELINE/EX_MEM/ex_mem_MemWrite_out_reg_567[0]         | reset_IBUF                          |                3 |              8 |         2.67 |
|  t_ff_clk_BUFG   | PIPELINE/EX_MEM/ex_mem_MemWrite_out_reg_573[0]         | reset_IBUF                          |                3 |              8 |         2.67 |
|  t_ff_clk_BUFG   | PIPELINE/EX_MEM/ex_mem_MemWrite_out_reg_577[0]         | reset_IBUF                          |                3 |              8 |         2.67 |
|  t_ff_clk_BUFG   | PIPELINE/EX_MEM/ex_mem_MemWrite_out_reg_579[0]         | reset_IBUF                          |                2 |              8 |         4.00 |
|  t_ff_clk_BUFG   | PIPELINE/EX_MEM/ex_mem_MemWrite_out_reg_570[0]         | reset_IBUF                          |                3 |              8 |         2.67 |
|  t_ff_clk_BUFG   | PIPELINE/EX_MEM/ex_mem_MemWrite_out_reg_540[0]         | reset_IBUF                          |                4 |              8 |         2.00 |
|  t_ff_clk_BUFG   | PIPELINE/EX_MEM/ex_mem_MemWrite_out_reg_557[0]         | reset_IBUF                          |                7 |              8 |         1.14 |
|  t_ff_clk_BUFG   | PIPELINE/EX_MEM/ex_mem_MemWrite_out_reg_58[0]          | reset_IBUF                          |                3 |              8 |         2.67 |
|  t_ff_clk_BUFG   | PIPELINE/EX_MEM/ex_mem_MemWrite_out_reg_581[0]         | reset_IBUF                          |                5 |              8 |         1.60 |
|  t_ff_clk_BUFG   | PIPELINE/EX_MEM/ex_mem_MemWrite_out_reg_539[0]         | reset_IBUF                          |                4 |              8 |         2.00 |
|  t_ff_clk_BUFG   | PIPELINE/EX_MEM/ex_mem_MemWrite_out_reg_542[0]         | reset_IBUF                          |                5 |              8 |         1.60 |
|  t_ff_clk_BUFG   | PIPELINE/EX_MEM/ex_mem_MemWrite_out_reg_54[0]          | reset_IBUF                          |                6 |              8 |         1.33 |
|  t_ff_clk_BUFG   | PIPELINE/EX_MEM/ex_mem_MemWrite_out_reg_556[0]         | reset_IBUF                          |                3 |              8 |         2.67 |
|  t_ff_clk_BUFG   | PIPELINE/EX_MEM/ex_mem_MemWrite_out_reg_582[0]         | reset_IBUF                          |                6 |              8 |         1.33 |
|  t_ff_clk_BUFG   | PIPELINE/EX_MEM/ex_mem_MemWrite_out_reg_561[0]         | reset_IBUF                          |                4 |              8 |         2.00 |
|  t_ff_clk_BUFG   | PIPELINE/EX_MEM/ex_mem_MemWrite_out_reg_55[0]          | reset_IBUF                          |                3 |              8 |         2.67 |
|  t_ff_clk_BUFG   | PIPELINE/EX_MEM/ex_mem_MemWrite_out_reg_583[0]         | reset_IBUF                          |                4 |              8 |         2.00 |
|  t_ff_clk_BUFG   | PIPELINE/EX_MEM/ex_mem_MemWrite_out_reg_472[0]         | reset_IBUF                          |                6 |              8 |         1.33 |
|  t_ff_clk_BUFG   | PIPELINE/EX_MEM/ex_mem_MemWrite_out_reg_586[0]         | reset_IBUF                          |                3 |              8 |         2.67 |
|  t_ff_clk_BUFG   | PIPELINE/EX_MEM/ex_mem_MemWrite_out_reg_587[0]         | reset_IBUF                          |                4 |              8 |         2.00 |
|  t_ff_clk_BUFG   | PIPELINE/EX_MEM/ex_mem_MemWrite_out_reg_544[0]         | reset_IBUF                          |                3 |              8 |         2.67 |
|  t_ff_clk_BUFG   | PIPELINE/EX_MEM/ex_mem_MemWrite_out_reg_588[0]         | reset_IBUF                          |                5 |              8 |         1.60 |
|  t_ff_clk_BUFG   | PIPELINE/EX_MEM/ex_mem_MemWrite_out_reg_59[0]          | reset_IBUF                          |                3 |              8 |         2.67 |
|  t_ff_clk_BUFG   | PIPELINE/EX_MEM/ex_mem_MemWrite_out_reg_590[0]         | reset_IBUF                          |                3 |              8 |         2.67 |
|  t_ff_clk_BUFG   | PIPELINE/EX_MEM/ex_mem_MemWrite_out_reg_572[0]         | reset_IBUF                          |                5 |              8 |         1.60 |
|  t_ff_clk_BUFG   | PIPELINE/EX_MEM/ex_mem_MemWrite_out_reg_591[0]         | reset_IBUF                          |                3 |              8 |         2.67 |
|  t_ff_clk_BUFG   | PIPELINE/EX_MEM/ex_mem_MemWrite_out_reg_593[0]         | reset_IBUF                          |                3 |              8 |         2.67 |
|  t_ff_clk_BUFG   | PIPELINE/EX_MEM/ex_mem_MemWrite_out_reg_566[0]         | reset_IBUF                          |                5 |              8 |         1.60 |
|  t_ff_clk_BUFG   | PIPELINE/EX_MEM/ex_mem_MemWrite_out_reg_578[0]         | reset_IBUF                          |                4 |              8 |         2.00 |
|  t_ff_clk_BUFG   | PIPELINE/EX_MEM/ex_mem_MemWrite_out_reg_550[0]         | reset_IBUF                          |                3 |              8 |         2.67 |
|  t_ff_clk_BUFG   | PIPELINE/EX_MEM/ex_mem_MemWrite_out_reg_562[0]         | reset_IBUF                          |                5 |              8 |         1.60 |
|  t_ff_clk_BUFG   | PIPELINE/EX_MEM/ex_mem_MemWrite_out_reg_575[0]         | reset_IBUF                          |                2 |              8 |         4.00 |
|  t_ff_clk_BUFG   | PIPELINE/EX_MEM/ex_mem_MemWrite_out_reg_554[0]         | reset_IBUF                          |                3 |              8 |         2.67 |
|  t_ff_clk_BUFG   | PIPELINE/EX_MEM/ex_mem_MemWrite_out_reg_580[0]         | reset_IBUF                          |                7 |              8 |         1.14 |
|  t_ff_clk_BUFG   | PIPELINE/EX_MEM/ex_mem_MemWrite_out_reg_594[0]         | reset_IBUF                          |                3 |              8 |         2.67 |
|  t_ff_clk_BUFG   | PIPELINE/EX_MEM/ex_mem_MemWrite_out_reg_595[0]         | reset_IBUF                          |                5 |              8 |         1.60 |
|  t_ff_clk_BUFG   | PIPELINE/EX_MEM/ex_mem_MemWrite_out_reg_596[0]         | reset_IBUF                          |                5 |              8 |         1.60 |
|  t_ff_clk_BUFG   | PIPELINE/EX_MEM/ex_mem_MemWrite_out_reg_574[0]         | reset_IBUF                          |                3 |              8 |         2.67 |
|  t_ff_clk_BUFG   | PIPELINE/EX_MEM/ex_mem_MemWrite_out_reg_559[0]         | reset_IBUF                          |                2 |              8 |         4.00 |
|  t_ff_clk_BUFG   | PIPELINE/EX_MEM/ex_mem_MemWrite_out_reg_584[0]         | reset_IBUF                          |                5 |              8 |         1.60 |
|  t_ff_clk_BUFG   | PIPELINE/EX_MEM/ex_mem_MemWrite_out_reg_589[0]         | reset_IBUF                          |                4 |              8 |         2.00 |
|  t_ff_clk_BUFG   | PIPELINE/EX_MEM/ex_mem_MemWrite_out_reg_547[0]         | reset_IBUF                          |                3 |              8 |         2.67 |
|  t_ff_clk_BUFG   | PIPELINE/EX_MEM/ex_mem_MemWrite_out_reg_576[0]         | reset_IBUF                          |                2 |              8 |         4.00 |
|  t_ff_clk_BUFG   | PIPELINE/EX_MEM/ex_mem_MemWrite_out_reg_592[0]         | reset_IBUF                          |                3 |              8 |         2.67 |
|  t_ff_clk_BUFG   | PIPELINE/EX_MEM/ex_mem_MemWrite_out_reg_545[0]         | reset_IBUF                          |                7 |              8 |         1.14 |
|  t_ff_clk_BUFG   | PIPELINE/EX_MEM/ex_mem_MemWrite_out_reg_541[0]         | reset_IBUF                          |                8 |              8 |         1.00 |
|  t_ff_clk_BUFG   | PIPELINE/EX_MEM/ex_mem_MemWrite_out_reg_57[0]          | reset_IBUF                          |                7 |              8 |         1.14 |
|  t_ff_clk_BUFG   | PIPELINE/EX_MEM/ex_mem_MemWrite_out_reg_551[0]         | reset_IBUF                          |                3 |              8 |         2.67 |
|  t_ff_clk_BUFG   | PIPELINE/EX_MEM/ex_mem_MemWrite_out_reg_548[0]         | reset_IBUF                          |                4 |              8 |         2.00 |
|  t_ff_clk_BUFG   | PIPELINE/EX_MEM/ex_mem_MemWrite_out_reg_560[0]         | reset_IBUF                          |                3 |              8 |         2.67 |
|  t_ff_clk_BUFG   | PIPELINE/EX_MEM/ex_mem_MemWrite_out_reg_553[0]         | reset_IBUF                          |                3 |              8 |         2.67 |
|  t_ff_clk_BUFG   | PIPELINE/EX_MEM/ex_mem_MemWrite_out_reg_543[0]         | reset_IBUF                          |                4 |              8 |         2.00 |
|  t_ff_clk_BUFG   | PIPELINE/EX_MEM/ex_mem_MemWrite_out_reg_555[0]         | reset_IBUF                          |                3 |              8 |         2.67 |
|  t_ff_clk_BUFG   | PIPELINE/EX_MEM/ex_mem_MemWrite_out_reg_56[0]          | reset_IBUF                          |                3 |              8 |         2.67 |
|  t_ff_clk_BUFG   | PIPELINE/EX_MEM/ex_mem_MemWrite_out_reg_565[0]         | reset_IBUF                          |                4 |              8 |         2.00 |
|  t_ff_clk_BUFG   | PIPELINE/EX_MEM/ex_mem_MemWrite_out_reg_568[0]         | reset_IBUF                          |                6 |              8 |         1.33 |
|  t_ff_clk_BUFG   | PIPELINE/EX_MEM/ex_mem_MemWrite_out_reg_569[0]         | reset_IBUF                          |                4 |              8 |         2.00 |
|  t_ff_clk_BUFG   | PIPELINE/EX_MEM/ex_mem_MemWrite_out_reg_546[0]         | reset_IBUF                          |                5 |              8 |         1.60 |
|  t_ff_clk_BUFG   | PIPELINE/EX_MEM/ex_mem_MemWrite_out_reg_549[0]         | reset_IBUF                          |                4 |              8 |         2.00 |
|  t_ff_clk_BUFG   | PIPELINE/EX_MEM/ex_mem_MemWrite_out_reg_82[0]          | reset_IBUF                          |                3 |              8 |         2.67 |
|  t_ff_clk_BUFG   | PIPELINE/EX_MEM/ex_mem_MemWrite_out_reg_64[0]          | reset_IBUF                          |                3 |              8 |         2.67 |
|  t_ff_clk_BUFG   | PIPELINE/EX_MEM/ex_mem_MemWrite_out_reg_97[0]          | reset_IBUF                          |                6 |              8 |         1.33 |
|  t_ff_clk_BUFG   | PIPELINE/EX_MEM/ex_mem_MemWrite_out_reg_79[0]          | reset_IBUF                          |                7 |              8 |         1.14 |
|  t_ff_clk_BUFG   | PIPELINE/EX_MEM/ex_mem_MemWrite_out_reg_85[0]          | reset_IBUF                          |                4 |              8 |         2.00 |
|  t_ff_clk_BUFG   | PIPELINE/EX_MEM/ex_mem_MemWrite_out_reg_60[0]          | reset_IBUF                          |                3 |              8 |         2.67 |
|  t_ff_clk_BUFG   | PIPELINE/EX_MEM/ex_mem_MemWrite_out_reg_77[0]          | reset_IBUF                          |                3 |              8 |         2.67 |
|  t_ff_clk_BUFG   | PIPELINE/EX_MEM/ex_mem_MemWrite_out_reg_74[0]          | reset_IBUF                          |                3 |              8 |         2.67 |
|  t_ff_clk_BUFG   | PIPELINE/EX_MEM/ex_mem_MemWrite_out_reg_73[0]          | reset_IBUF                          |                3 |              8 |         2.67 |
|  t_ff_clk_BUFG   | PIPELINE/EX_MEM/ex_mem_MemWrite_out_reg_65[0]          | reset_IBUF                          |                3 |              8 |         2.67 |
|  t_ff_clk_BUFG   | PIPELINE/EX_MEM/ex_mem_MemWrite_out_reg_78[0]          | reset_IBUF                          |                3 |              8 |         2.67 |
|  t_ff_clk_BUFG   | PIPELINE/EX_MEM/ex_mem_MemWrite_out_reg_9[0]           | reset_IBUF                          |                4 |              8 |         2.00 |
|  t_ff_clk_BUFG   | PIPELINE/EX_MEM/ex_mem_MemWrite_out_reg_84[0]          | reset_IBUF                          |                8 |              8 |         1.00 |
|  t_ff_clk_BUFG   | PIPELINE/EX_MEM/ex_mem_MemWrite_out_reg_61[0]          | reset_IBUF                          |                3 |              8 |         2.67 |
|  t_ff_clk_BUFG   | PIPELINE/EX_MEM/ex_mem_MemWrite_out_reg_83[0]          | reset_IBUF                          |                2 |              8 |         4.00 |
|  t_ff_clk_BUFG   | PIPELINE/EX_MEM/ex_mem_MemWrite_out_reg_599[0]         | reset_IBUF                          |                3 |              8 |         2.67 |
|  t_ff_clk_BUFG   | PIPELINE/EX_MEM/ex_mem_MemWrite_out_reg_87[0]          | reset_IBUF                          |                4 |              8 |         2.00 |
|  t_ff_clk_BUFG   | PIPELINE/EX_MEM/ex_mem_MemWrite_out_reg_68[0]          | reset_IBUF                          |                4 |              8 |         2.00 |
|  t_ff_clk_BUFG   | PIPELINE/EX_MEM/ex_mem_MemWrite_out_reg_88[0]          | reset_IBUF                          |                5 |              8 |         1.60 |
|  t_ff_clk_BUFG   | PIPELINE/EX_MEM/ex_mem_MemWrite_out_reg_94[0]          | reset_IBUF                          |                2 |              8 |         4.00 |
|  t_ff_clk_BUFG   | PIPELINE/EX_MEM/ex_mem_MemWrite_out_reg_66[0]          | reset_IBUF                          |                3 |              8 |         2.67 |
|  t_ff_clk_BUFG   | PIPELINE/EX_MEM/ex_mem_MemWrite_out_reg_80[0]          | reset_IBUF                          |                3 |              8 |         2.67 |
|  t_ff_clk_BUFG   | PIPELINE/EX_MEM/ex_mem_MemWrite_out_reg_76[0]          | reset_IBUF                          |                3 |              8 |         2.67 |
|  t_ff_clk_BUFG   | PIPELINE/EX_MEM/ex_mem_MemWrite_out_reg_63[0]          | reset_IBUF                          |                4 |              8 |         2.00 |
|  t_ff_clk_BUFG   | PIPELINE/EX_MEM/ex_mem_MemWrite_out_reg_81[0]          | reset_IBUF                          |                4 |              8 |         2.00 |
|  t_ff_clk_BUFG   | PIPELINE/EX_MEM/ex_mem_MemWrite_out_reg_62[0]          | reset_IBUF                          |                3 |              8 |         2.67 |
|  t_ff_clk_BUFG   | PIPELINE/EX_MEM/ex_mem_MemWrite_out_reg_603[0]         | reset_IBUF                          |                3 |              8 |         2.67 |
|  t_ff_clk_BUFG   | PIPELINE/EX_MEM/ex_mem_MemWrite_out_reg_72[0]          | reset_IBUF                          |                2 |              8 |         4.00 |
|  t_ff_clk_BUFG   | PIPELINE/EX_MEM/ex_mem_MemWrite_out_reg_602[0]         | reset_IBUF                          |                2 |              8 |         4.00 |
|  t_ff_clk_BUFG   | PIPELINE/EX_MEM/ex_mem_MemWrite_out_reg_95[0]          | reset_IBUF                          |                2 |              8 |         4.00 |
|  t_ff_clk_BUFG   | PIPELINE/EX_MEM/ex_mem_MemWrite_out_reg_597[0]         | reset_IBUF                          |                6 |              8 |         1.33 |
|  t_ff_clk_BUFG   | PIPELINE/EX_MEM/ex_mem_MemWrite_out_reg_601[0]         | reset_IBUF                          |                5 |              8 |         1.60 |
|  t_ff_clk_BUFG   | PIPELINE/EX_MEM/ex_mem_MemWrite_out_reg_70[0]          | reset_IBUF                          |                3 |              8 |         2.67 |
|  t_ff_clk_BUFG   | PIPELINE/EX_MEM/ex_mem_MemWrite_out_reg_8[0]           | reset_IBUF                          |                5 |              8 |         1.60 |
|  t_ff_clk_BUFG   | PIPELINE/EX_MEM/ex_mem_MemWrite_out_reg_89[0]          | reset_IBUF                          |                5 |              8 |         1.60 |
|  t_ff_clk_BUFG   | PIPELINE/EX_MEM/ex_mem_MemWrite_out_reg_600[0]         | reset_IBUF                          |                7 |              8 |         1.14 |
|  t_ff_clk_BUFG   | PIPELINE/EX_MEM/ex_mem_MemWrite_out_reg_75[0]          | reset_IBUF                          |                3 |              8 |         2.67 |
|  t_ff_clk_BUFG   | PIPELINE/EX_MEM/ex_mem_MemWrite_out_reg_99[0]          | reset_IBUF                          |                4 |              8 |         2.00 |
|  t_ff_clk_BUFG   | PIPELINE/EX_MEM/ex_mem_MemWrite_out_reg_67[0]          | reset_IBUF                          |                5 |              8 |         1.60 |
|  t_ff_clk_BUFG   | PIPELINE/EX_MEM/ex_mem_MemWrite_out_reg_69[0]          | reset_IBUF                          |                4 |              8 |         2.00 |
|  t_ff_clk_BUFG   | PIPELINE/EX_MEM/ex_mem_MemWrite_out_reg_96[0]          | reset_IBUF                          |                4 |              8 |         2.00 |
|  t_ff_clk_BUFG   | PIPELINE/EX_MEM/ex_mem_MemWrite_out_reg_92[0]          | reset_IBUF                          |                5 |              8 |         1.60 |
|  t_ff_clk_BUFG   | PIPELINE/EX_MEM/ex_mem_MemWrite_out_reg_7[0]           | reset_IBUF                          |                5 |              8 |         1.60 |
|  t_ff_clk_BUFG   | PIPELINE/EX_MEM/ex_mem_MemWrite_out_reg_90[0]          | reset_IBUF                          |                3 |              8 |         2.67 |
|  t_ff_clk_BUFG   | PIPELINE/EX_MEM/ex_mem_MemWrite_out_reg_71[0]          | reset_IBUF                          |                4 |              8 |         2.00 |
|  t_ff_clk_BUFG   | PIPELINE/EX_MEM/ex_mem_MemWrite_out_reg_598[0]         | reset_IBUF                          |                2 |              8 |         4.00 |
|  t_ff_clk_BUFG   | PIPELINE/EX_MEM/ex_mem_MemWrite_out_reg_6[0]           | reset_IBUF                          |                3 |              8 |         2.67 |
|  t_ff_clk_BUFG   | PIPELINE/EX_MEM/ex_mem_MemWrite_out_reg_86[0]          | reset_IBUF                          |                2 |              8 |         4.00 |
|  t_ff_clk_BUFG   | PIPELINE/EX_MEM/ex_mem_MemWrite_out_reg_98[0]          | reset_IBUF                          |                4 |              8 |         2.00 |
|  t_ff_clk_BUFG   | PIPELINE/EX_MEM/ex_mem_MemWrite_out_reg_91[0]          | reset_IBUF                          |                2 |              8 |         4.00 |
|  t_ff_clk_BUFG   | PIPELINE/EX_MEM/ex_mem_MemWrite_out_reg_93[0]          | reset_IBUF                          |                2 |              8 |         4.00 |
|  t_ff_clk_BUFG   | SPI/col_byte_r[7]_i_1_n_0                              |                                     |                5 |              8 |         1.60 |
|  t_ff_clk_BUFG   | PIPELINE/EX_MEM/ex_mem_AluOut_out_reg[0]_1[0]          | reset_IBUF                          |                4 |              8 |         2.00 |
|  t_ff_clk_BUFG   | PIPELINE/EX_MEM/E[0]                                   | reset_IBUF                          |                4 |              8 |         2.00 |
|  t_ff_clk_BUFG   | PIPELINE/EX_MEM/ex_mem_AluOut_out_reg[0]_2[0]          | reset_IBUF                          |                4 |              8 |         2.00 |
|  t_ff_clk_BUFG   | PIPELINE/EX_MEM/ex_mem_MemWrite_out_reg_585[0]         | reset_IBUF                          |                3 |              8 |         2.67 |
|  clock_IBUF_BUFG | CROSSHAIR/Yr[5]_i_1_n_0                                | reset_IBUF                          |                5 |             13 |         2.60 |
|  t_ff_clk_BUFG   | SPI/wait_cnt[13]_i_1_n_0                               | reset_IBUF                          |                3 |             14 |         4.67 |
|  t_ff_clk_BUFG   | SPI/col[6]_i_1_n_0                                     | reset_IBUF                          |               16 |             26 |         1.62 |
|  t_ff_clk_BUFG   | PIPELINE/MEM_WB/mem_wb_RegWrite_out_reg_17[0]          | reset_IBUF                          |               24 |             32 |         1.33 |
|  t_ff_clk_BUFG   | PIPELINE/MEM_WB/mem_wb_RegWrite_out_reg_18[0]          | reset_IBUF                          |               19 |             32 |         1.68 |
|  t_ff_clk_BUFG   | PIPELINE/MEM_WB/mem_wb_RegWrite_out_reg_0[0]           | reset_IBUF                          |               21 |             32 |         1.52 |
|  t_ff_clk_BUFG   | PIPELINE/MEM_WB/mem_wb_RegWrite_out_reg_19[0]          | reset_IBUF                          |               16 |             32 |         2.00 |
|  t_ff_clk_BUFG   | PIPELINE/MEM_WB/mem_wb_RegWrite_out_reg_2[0]           | reset_IBUF                          |               19 |             32 |         1.68 |
|  t_ff_clk_BUFG   | PIPELINE/MEM_WB/mem_wb_RegWrite_out_reg_20[0]          | reset_IBUF                          |               26 |             32 |         1.23 |
|  t_ff_clk_BUFG   | PIPELINE/MEM_WB/mem_wb_RegWrite_out_reg_10[0]          | reset_IBUF                          |               16 |             32 |         2.00 |
|  t_ff_clk_BUFG   | PIPELINE/MEM_WB/mem_wb_RegWrite_out_reg_21[0]          | reset_IBUF                          |               27 |             32 |         1.19 |
|  t_ff_clk_BUFG   | PIPELINE/MEM_WB/mem_wb_RegWrite_out_reg_22[0]          | reset_IBUF                          |               24 |             32 |         1.33 |
|  t_ff_clk_BUFG   | PIPELINE/MEM_WB/mem_wb_RegWrite_out_reg_23[0]          | reset_IBUF                          |               28 |             32 |         1.14 |
|  t_ff_clk_BUFG   | PIPELINE/MEM_WB/mem_wb_RegWrite_out_reg_15[0]          | reset_IBUF                          |               20 |             32 |         1.60 |
|  t_ff_clk_BUFG   | PIPELINE/MEM_WB/mem_wb_RegWrite_out_reg_24[0]          | reset_IBUF                          |               24 |             32 |         1.33 |
|  t_ff_clk_BUFG   | PIPELINE/MEM_WB/mem_wb_RegWrite_out_reg_25[0]          | reset_IBUF                          |               18 |             32 |         1.78 |
|  t_ff_clk_BUFG   | PIPELINE/MEM_WB/mem_wb_RegWrite_out_reg_27[0]          | reset_IBUF                          |               21 |             32 |         1.52 |
|  t_ff_clk_BUFG   | PIPELINE/MEM_WB/mem_wb_RegWrite_out_reg_26[0]          | reset_IBUF                          |               23 |             32 |         1.39 |
|  t_ff_clk_BUFG   | PIPELINE/MEM_WB/mem_wb_RegWrite_out_reg_8[0]           | reset_IBUF                          |               19 |             32 |         1.68 |
|  t_ff_clk_BUFG   | PIPELINE/MEM_WB/mem_wb_RegWrite_out_reg_7[0]           | reset_IBUF                          |               19 |             32 |         1.68 |
|  t_ff_clk_BUFG   | PIPELINE/MEM_WB/mem_wb_RegWrite_out_reg_5[0]           | reset_IBUF                          |               17 |             32 |         1.88 |
|  t_ff_clk_BUFG   | PIPELINE/MEM_WB/mem_wb_RegWrite_out_reg_3[0]           | reset_IBUF                          |               18 |             32 |         1.78 |
|  t_ff_clk_BUFG   | PIPELINE/MEM_WB/mem_wb_RegWrite_out_reg_6[0]           | reset_IBUF                          |               21 |             32 |         1.52 |
|  t_ff_clk_BUFG   | PIPELINE/MEM_WB/mem_wb_RegWrite_out_reg_29[0]          | reset_IBUF                          |               21 |             32 |         1.52 |
|  t_ff_clk_BUFG   | PIPELINE/MEM_WB/mem_wb_RegWrite_out_reg_9[0]           | reset_IBUF                          |               17 |             32 |         1.88 |
|  t_ff_clk_BUFG   | PIPELINE/MEM_WB/mem_wb_RegWrite_out_reg_4[0]           | reset_IBUF                          |               20 |             32 |         1.60 |
|  t_ff_clk_BUFG   | PIPELINE/MEM_WB/E[0]                                   | reset_IBUF                          |               25 |             32 |         1.28 |
|  t_ff_clk_BUFG   | PIPELINE/MEM_WB/mem_wb_RegWrite_out_reg_13[0]          | reset_IBUF                          |               15 |             32 |         2.13 |
|  t_ff_clk_BUFG   | PIPELINE/ID_EX/E[0]                                    | reset_IBUF                          |               10 |             32 |         3.20 |
|  t_ff_clk_BUFG   | PIPELINE/MEM_WB/mem_wb_RegWrite_out_reg_14[0]          | reset_IBUF                          |               15 |             32 |         2.13 |
|  t_ff_clk_BUFG   | PIPELINE/MEM_WB/mem_wb_RegWrite_out_reg_28[0]          | reset_IBUF                          |               19 |             32 |         1.68 |
|  t_ff_clk_BUFG   | PIPELINE/MEM_WB/mem_wb_RegWrite_out_reg_1[0]           | reset_IBUF                          |               20 |             32 |         1.60 |
|  t_ff_clk_BUFG   | PIPELINE/MEM_WB/mem_wb_RegWrite_out_reg_11[0]          | reset_IBUF                          |               17 |             32 |         1.88 |
|  t_ff_clk_BUFG   | PIPELINE/MEM_WB/mem_wb_RegWrite_out_reg_16[0]          | reset_IBUF                          |               18 |             32 |         1.78 |
|  t_ff_clk_BUFG   | PIPELINE/MEM_WB/mem_wb_RegWrite_out_reg_12[0]          | reset_IBUF                          |               18 |             32 |         1.78 |
|  t_ff_clk_BUFG   | PIPELINE/IF_ID/if_id_NPC_out[31]_i_1_n_0               | reset_IBUF                          |               31 |             72 |         2.32 |
|  t_ff_clk_BUFG   |                                                        | reset_IBUF                          |              188 |            604 |         3.21 |
|  clock_IBUF_BUFG |                                                        | CROSSHAIR/crosshairFB[8191]_i_1_n_0 |             2935 |           8192 |         2.79 |
+------------------+--------------------------------------------------------+-------------------------------------+------------------+----------------+--------------+


